-- --------------------------------------------------------
-- 호스트:                          127.0.0.1
-- 서버 버전:                        8.0.26 - MySQL Community Server - GPL
-- 서버 OS:                        Win64
-- HeidiSQL 버전:                  11.2.0.6213
-- --------------------------------------------------------

/*!40101 SET @OLD_CHARACTER_SET_CLIENT=@@CHARACTER_SET_CLIENT */;
/*!40101 SET NAMES utf8 */;
/*!50503 SET NAMES utf8mb4 */;
/*!40014 SET @OLD_FOREIGN_KEY_CHECKS=@@FOREIGN_KEY_CHECKS, FOREIGN_KEY_CHECKS=0 */;
/*!40101 SET @OLD_SQL_MODE=@@SQL_MODE, SQL_MODE='NO_AUTO_VALUE_ON_ZERO' */;
/*!40111 SET @OLD_SQL_NOTES=@@SQL_NOTES, SQL_NOTES=0 */;

-- 테이블 jobshop.auth_group 구조 내보내기
DROP TABLE IF EXISTS `auth_group`;
CREATE TABLE IF NOT EXISTS `auth_group` (
  `id` int NOT NULL AUTO_INCREMENT,
  `name` varchar(150) CHARACTER SET utf8mb4 COLLATE utf8mb4_unicode_ci NOT NULL,
  PRIMARY KEY (`id`),
  UNIQUE KEY `name` (`name`)
) ENGINE=InnoDB AUTO_INCREMENT=14 DEFAULT CHARSET=utf8mb4 COLLATE=utf8mb4_unicode_ci;

-- 테이블 데이터 jobshop.auth_group:~13 rows (대략적) 내보내기
DELETE FROM `auth_group`;
/*!40000 ALTER TABLE `auth_group` DISABLE KEYS */;
INSERT INTO `auth_group` (`id`, `name`) VALUES
	(1, '(주)나다'),
	(2, '(주)동광'),
	(3, '(주)베가'),
	(10, '(주)청옥산업'),
	(7, '(주)효성'),
	(12, 'admin'),
	(13, 'company'),
	(11, 'customer'),
	(6, '경주산업사'),
	(4, '대명섬유'),
	(9, '부민직물(주)'),
	(8, '삼화기업'),
	(5, '태화방직(주)');
/*!40000 ALTER TABLE `auth_group` ENABLE KEYS */;

-- 테이블 jobshop.auth_group_permissions 구조 내보내기
DROP TABLE IF EXISTS `auth_group_permissions`;
CREATE TABLE IF NOT EXISTS `auth_group_permissions` (
  `id` bigint NOT NULL AUTO_INCREMENT,
  `group_id` int NOT NULL,
  `permission_id` int NOT NULL,
  PRIMARY KEY (`id`),
  UNIQUE KEY `auth_group_permissions_group_id_permission_id_0cd325b0_uniq` (`group_id`,`permission_id`),
  KEY `auth_group_permissio_permission_id_84c5c92e_fk_auth_perm` (`permission_id`),
  CONSTRAINT `auth_group_permissio_permission_id_84c5c92e_fk_auth_perm` FOREIGN KEY (`permission_id`) REFERENCES `auth_permission` (`id`),
  CONSTRAINT `auth_group_permissions_group_id_b120cbf9_fk_auth_group_id` FOREIGN KEY (`group_id`) REFERENCES `auth_group` (`id`)
) ENGINE=InnoDB AUTO_INCREMENT=221 DEFAULT CHARSET=utf8mb4 COLLATE=utf8mb4_unicode_ci;

-- 테이블 데이터 jobshop.auth_group_permissions:~220 rows (대략적) 내보내기
DELETE FROM `auth_group_permissions`;
/*!40000 ALTER TABLE `auth_group_permissions` DISABLE KEYS */;
INSERT INTO `auth_group_permissions` (`id`, `group_id`, `permission_id`) VALUES
	(1, 1, 1),
	(2, 1, 2),
	(3, 1, 3),
	(4, 1, 4),
	(5, 1, 5),
	(6, 1, 6),
	(7, 1, 7),
	(8, 1, 8),
	(9, 1, 9),
	(10, 1, 10),
	(11, 1, 11),
	(12, 1, 12),
	(13, 1, 13),
	(14, 1, 14),
	(15, 1, 15),
	(16, 1, 16),
	(17, 1, 17),
	(18, 1, 18),
	(19, 1, 19),
	(20, 1, 20),
	(21, 1, 21),
	(22, 1, 22),
	(23, 1, 23),
	(24, 1, 24),
	(25, 1, 25),
	(26, 1, 26),
	(27, 1, 27),
	(28, 1, 28),
	(29, 1, 29),
	(30, 1, 30),
	(31, 1, 31),
	(32, 1, 32),
	(33, 1, 33),
	(34, 1, 34),
	(35, 1, 35),
	(36, 1, 36),
	(37, 1, 37),
	(38, 1, 38),
	(39, 1, 39),
	(40, 1, 40),
	(41, 1, 41),
	(42, 1, 42),
	(43, 1, 43),
	(44, 1, 44),
	(45, 1, 45),
	(46, 1, 46),
	(47, 1, 47),
	(48, 1, 48),
	(49, 1, 49),
	(50, 1, 50),
	(51, 1, 51),
	(52, 1, 52),
	(53, 1, 53),
	(54, 1, 54),
	(55, 1, 55),
	(56, 1, 56),
	(57, 1, 57),
	(58, 1, 58),
	(59, 1, 59),
	(60, 1, 60),
	(61, 1, 61),
	(62, 1, 62),
	(63, 1, 63),
	(64, 1, 64),
	(65, 1, 65),
	(66, 1, 66),
	(67, 1, 67),
	(68, 1, 68),
	(69, 2, 1),
	(70, 2, 2),
	(71, 2, 3),
	(72, 2, 4),
	(73, 2, 5),
	(74, 2, 6),
	(75, 2, 7),
	(76, 2, 8),
	(77, 2, 9),
	(78, 2, 10),
	(79, 2, 11),
	(80, 2, 12),
	(81, 2, 13),
	(82, 2, 14),
	(83, 2, 15),
	(84, 2, 16),
	(85, 2, 17),
	(86, 2, 18),
	(87, 2, 19),
	(88, 2, 20),
	(89, 2, 21),
	(90, 2, 22),
	(91, 2, 23),
	(92, 2, 24),
	(93, 2, 25),
	(94, 2, 26),
	(95, 2, 27),
	(96, 2, 28),
	(97, 2, 29),
	(98, 2, 30),
	(99, 2, 31),
	(100, 2, 32),
	(101, 2, 33),
	(102, 2, 34),
	(103, 2, 35),
	(104, 2, 36),
	(105, 2, 37),
	(106, 2, 38),
	(107, 2, 39),
	(108, 2, 40),
	(109, 2, 41),
	(110, 2, 42),
	(111, 2, 43),
	(112, 2, 44),
	(113, 2, 45),
	(114, 2, 46),
	(115, 2, 47),
	(116, 2, 48),
	(117, 2, 49),
	(118, 2, 50),
	(119, 2, 51),
	(120, 2, 52),
	(121, 2, 53),
	(122, 2, 54),
	(123, 2, 55),
	(124, 2, 56),
	(125, 2, 57),
	(126, 2, 58),
	(127, 2, 59),
	(128, 2, 60),
	(129, 2, 61),
	(130, 2, 62),
	(131, 2, 63),
	(132, 2, 64),
	(133, 2, 65),
	(134, 2, 66),
	(135, 2, 67),
	(136, 2, 68),
	(137, 2, 69),
	(138, 2, 70),
	(139, 2, 71),
	(140, 2, 72),
	(141, 2, 73),
	(142, 2, 74),
	(143, 2, 75),
	(144, 2, 76),
	(145, 12, 1),
	(146, 12, 2),
	(147, 12, 3),
	(148, 12, 4),
	(149, 12, 5),
	(150, 12, 6),
	(151, 12, 7),
	(152, 12, 8),
	(153, 12, 9),
	(154, 12, 10),
	(155, 12, 11),
	(156, 12, 12),
	(157, 12, 13),
	(158, 12, 14),
	(159, 12, 15),
	(160, 12, 16),
	(161, 12, 17),
	(162, 12, 18),
	(163, 12, 19),
	(164, 12, 20),
	(165, 12, 21),
	(166, 12, 22),
	(167, 12, 23),
	(168, 12, 24),
	(169, 12, 25),
	(170, 12, 26),
	(171, 12, 27),
	(172, 12, 28),
	(173, 12, 29),
	(174, 12, 30),
	(175, 12, 31),
	(176, 12, 32),
	(177, 12, 33),
	(178, 12, 34),
	(179, 12, 35),
	(180, 12, 36),
	(181, 12, 37),
	(182, 12, 38),
	(183, 12, 39),
	(184, 12, 40),
	(185, 12, 41),
	(186, 12, 42),
	(187, 12, 43),
	(188, 12, 44),
	(189, 12, 45),
	(190, 12, 46),
	(191, 12, 47),
	(192, 12, 48),
	(193, 12, 49),
	(194, 12, 50),
	(195, 12, 51),
	(196, 12, 52),
	(197, 12, 53),
	(198, 12, 54),
	(199, 12, 55),
	(200, 12, 56),
	(201, 12, 57),
	(202, 12, 58),
	(203, 12, 59),
	(204, 12, 60),
	(205, 12, 61),
	(206, 12, 62),
	(207, 12, 63),
	(208, 12, 64),
	(209, 12, 65),
	(210, 12, 66),
	(211, 12, 67),
	(212, 12, 68),
	(213, 12, 69),
	(214, 12, 70),
	(215, 12, 71),
	(216, 12, 72),
	(217, 12, 73),
	(218, 12, 74),
	(219, 12, 75),
	(220, 12, 76);
/*!40000 ALTER TABLE `auth_group_permissions` ENABLE KEYS */;

-- 테이블 jobshop.auth_permission 구조 내보내기
DROP TABLE IF EXISTS `auth_permission`;
CREATE TABLE IF NOT EXISTS `auth_permission` (
  `id` int NOT NULL AUTO_INCREMENT,
  `name` varchar(255) CHARACTER SET utf8mb4 COLLATE utf8mb4_unicode_ci NOT NULL,
  `content_type_id` int NOT NULL,
  `codename` varchar(100) CHARACTER SET utf8mb4 COLLATE utf8mb4_unicode_ci NOT NULL,
  PRIMARY KEY (`id`),
  UNIQUE KEY `auth_permission_content_type_id_codename_01ab375a_uniq` (`content_type_id`,`codename`),
  CONSTRAINT `auth_permission_content_type_id_2f476e4b_fk_django_co` FOREIGN KEY (`content_type_id`) REFERENCES `django_content_type` (`id`)
) ENGINE=InnoDB AUTO_INCREMENT=89 DEFAULT CHARSET=utf8mb4 COLLATE=utf8mb4_unicode_ci;

-- 테이블 데이터 jobshop.auth_permission:~88 rows (대략적) 내보내기
DELETE FROM `auth_permission`;
/*!40000 ALTER TABLE `auth_permission` DISABLE KEYS */;
INSERT INTO `auth_permission` (`id`, `name`, `content_type_id`, `codename`) VALUES
	(1, 'Can add log entry', 1, 'add_logentry'),
	(2, 'Can change log entry', 1, 'change_logentry'),
	(3, 'Can delete log entry', 1, 'delete_logentry'),
	(4, 'Can view log entry', 1, 'view_logentry'),
	(5, 'Can add permission', 2, 'add_permission'),
	(6, 'Can change permission', 2, 'change_permission'),
	(7, 'Can delete permission', 2, 'delete_permission'),
	(8, 'Can view permission', 2, 'view_permission'),
	(9, 'Can add group', 3, 'add_group'),
	(10, 'Can change group', 3, 'change_group'),
	(11, 'Can delete group', 3, 'delete_group'),
	(12, 'Can view group', 3, 'view_group'),
	(13, 'Can add user', 4, 'add_user'),
	(14, 'Can change user', 4, 'change_user'),
	(15, 'Can delete user', 4, 'delete_user'),
	(16, 'Can view user', 4, 'view_user'),
	(17, 'Can add content type', 5, 'add_contenttype'),
	(18, 'Can change content type', 5, 'change_contenttype'),
	(19, 'Can delete content type', 5, 'delete_contenttype'),
	(20, 'Can view content type', 5, 'view_contenttype'),
	(21, 'Can add session', 6, 'add_session'),
	(22, 'Can change session', 6, 'change_session'),
	(23, 'Can delete session', 6, 'delete_session'),
	(24, 'Can view session', 6, 'view_session'),
	(25, 'Can add document', 7, 'add_document'),
	(26, 'Can change document', 7, 'change_document'),
	(27, 'Can delete document', 7, 'delete_document'),
	(28, 'Can view document', 7, 'view_document'),
	(29, 'Can add file upload', 8, 'add_fileupload'),
	(30, 'Can change file upload', 8, 'change_fileupload'),
	(31, 'Can delete file upload', 8, 'delete_fileupload'),
	(32, 'Can view file upload', 8, 'view_fileupload'),
	(33, 'Can add article', 9, 'add_article'),
	(34, 'Can change article', 9, 'change_article'),
	(35, 'Can delete article', 9, 'delete_article'),
	(36, 'Can view article', 9, 'view_article'),
	(37, 'Can add article', 10, 'add_article'),
	(38, 'Can change article', 10, 'change_article'),
	(39, 'Can delete article', 10, 'delete_article'),
	(40, 'Can view article', 10, 'view_article'),
	(41, 'Can add company', 11, 'add_company'),
	(42, 'Can change company', 11, 'change_company'),
	(43, 'Can delete company', 11, 'delete_company'),
	(44, 'Can view company', 11, 'view_company'),
	(45, 'Can add file upload csv', 12, 'add_fileuploadcsv'),
	(46, 'Can change file upload csv', 12, 'change_fileuploadcsv'),
	(47, 'Can delete file upload csv', 12, 'delete_fileuploadcsv'),
	(48, 'Can view file upload csv', 12, 'view_fileuploadcsv'),
	(49, 'Can add schedule', 13, 'add_schedule'),
	(50, 'Can change schedule', 13, 'change_schedule'),
	(51, 'Can delete schedule', 13, 'delete_schedule'),
	(52, 'Can view schedule', 13, 'view_schedule'),
	(53, 'Can add photo', 14, 'add_photo'),
	(54, 'Can change photo', 14, 'change_photo'),
	(55, 'Can delete photo', 14, 'delete_photo'),
	(56, 'Can view photo', 14, 'view_photo'),
	(57, 'Can add daily', 15, 'add_daily'),
	(58, 'Can change daily', 15, 'change_daily'),
	(59, 'Can delete daily', 15, 'delete_daily'),
	(60, 'Can view daily', 15, 'view_daily'),
	(61, 'Can add schedule', 16, 'add_schedule'),
	(62, 'Can change schedule', 16, 'change_schedule'),
	(63, 'Can delete schedule', 16, 'delete_schedule'),
	(64, 'Can view schedule', 16, 'view_schedule'),
	(65, 'Can add fixed schedule', 17, 'add_fixedschedule'),
	(66, 'Can change fixed schedule', 17, 'change_fixedschedule'),
	(67, 'Can delete fixed schedule', 17, 'delete_fixedschedule'),
	(68, 'Can view fixed schedule', 17, 'view_fixedschedule'),
	(69, 'Can add order schedule', 18, 'add_orderschedule'),
	(70, 'Can change order schedule', 18, 'change_orderschedule'),
	(71, 'Can delete order schedule', 18, 'delete_orderschedule'),
	(72, 'Can view order schedule', 18, 'view_orderschedule'),
	(73, 'Can add order list', 19, 'add_orderlist'),
	(74, 'Can change order list', 19, 'change_orderlist'),
	(75, 'Can delete order list', 19, 'delete_orderlist'),
	(76, 'Can view order list', 19, 'view_orderlist'),
	(77, 'Can add daily facility', 20, 'add_dailyfacility'),
	(78, 'Can change daily facility', 20, 'change_dailyfacility'),
	(79, 'Can delete daily facility', 20, 'delete_dailyfacility'),
	(80, 'Can view daily facility', 20, 'view_dailyfacility'),
	(81, 'Can add auth company', 21, 'add_authcompany'),
	(82, 'Can change auth company', 21, 'change_authcompany'),
	(83, 'Can delete auth company', 21, 'delete_authcompany'),
	(84, 'Can view auth company', 21, 'view_authcompany'),
	(85, 'Can add information', 22, 'add_information'),
	(86, 'Can change information', 22, 'change_information'),
	(87, 'Can delete information', 22, 'delete_information'),
	(88, 'Can view information', 22, 'view_information');
/*!40000 ALTER TABLE `auth_permission` ENABLE KEYS */;

-- 테이블 jobshop.auth_user 구조 내보내기
DROP TABLE IF EXISTS `auth_user`;
CREATE TABLE IF NOT EXISTS `auth_user` (
  `id` int NOT NULL AUTO_INCREMENT,
  `password` varchar(128) CHARACTER SET utf8mb4 COLLATE utf8mb4_unicode_ci NOT NULL,
  `last_login` datetime(6) DEFAULT NULL,
  `is_superuser` tinyint(1) NOT NULL,
  `username` varchar(150) CHARACTER SET utf8mb4 COLLATE utf8mb4_unicode_ci NOT NULL,
  `first_name` varchar(150) CHARACTER SET utf8mb4 COLLATE utf8mb4_unicode_ci NOT NULL,
  `last_name` varchar(150) CHARACTER SET utf8mb4 COLLATE utf8mb4_unicode_ci NOT NULL,
  `email` varchar(254) CHARACTER SET utf8mb4 COLLATE utf8mb4_unicode_ci NOT NULL,
  `is_staff` tinyint(1) NOT NULL,
  `is_active` tinyint(1) NOT NULL,
  `date_joined` datetime(6) NOT NULL,
  PRIMARY KEY (`id`),
  UNIQUE KEY `username` (`username`)
) ENGINE=InnoDB AUTO_INCREMENT=10 DEFAULT CHARSET=utf8mb4 COLLATE=utf8mb4_unicode_ci;

-- 테이블 데이터 jobshop.auth_user:~9 rows (대략적) 내보내기
DELETE FROM `auth_user`;
/*!40000 ALTER TABLE `auth_user` DISABLE KEYS */;
INSERT INTO `auth_user` (`id`, `password`, `last_login`, `is_superuser`, `username`, `first_name`, `last_name`, `email`, `is_staff`, `is_active`, `date_joined`) VALUES
	(1, 'pbkdf2_sha256$260000$DxanItG7jvbuyZ4Ly3ninW$vVOh1bPj01Xuk9pW/IPzXiwZFScqcMNkr/YR0W+dhpk=', '2021-11-19 01:16:32.776257', 1, 'pknu', '', '', 'chbigbrother@gmail.com', 1, 1, '2021-10-06 05:08:21.000000'),
	(2, 'pbkdf2_sha256$260000$SZtjG5LgsUbANrBloeJnav$CDQZWBCy3GgTSnH1ps/j2EU6WQukm8AoOvbXSjhREiw=', '2021-11-17 00:26:02.032427', 0, 'hhs', '', '', '', 1, 1, '2021-10-06 05:17:47.000000'),
	(3, 'pbkdf2_sha256$260000$m1lzzvWbaBlLYbrhcSEH7C$3GQ0qpinPaVUcsCaXWSS/rS5FDqfgi3LHQMwXsYHQJA=', '2021-10-25 01:09:54.994060', 0, 'ggt', '', '', '', 1, 1, '2021-10-06 05:19:31.000000'),
	(4, 'pbkdf2_sha256$260000$fzoR2u8VPwh1Kpxg3lW5BS$G1bcsY8932HRqIzVeymP2ZVihWIb++KcASSlcgE6rwk=', '2021-10-13 04:37:51.496321', 0, 'kcs', '', '', '', 1, 1, '2021-10-06 05:19:54.000000'),
	(5, 'pbkdf2_sha256$260000$xeqMLcyp6LSSJtebaAw0ri$ATFT01Tr1rnWhXxA9+GS74exLYoEqYRo8byNF8oeIa4=', '2021-10-12 06:37:25.967452', 0, 'shao', '', '', '', 1, 1, '2021-10-06 05:20:14.000000'),
	(6, 'pbkdf2_sha256$260000$v4gh3SvDMTcfDMrmmABqF2$3QaanJQ/aYTa4FAIQLuvFboy3BwdEeYV34QfgH1a3ig=', '2021-10-12 07:58:45.611607', 0, 'fuladi', '', '', '', 1, 1, '2021-10-06 05:21:18.000000'),
	(7, 'pbkdf2_sha256$260000$MWCiP9utwS78zXIms8wXHn$ZDRMHGhFGd36dpND4ebNE0S10kQsR+q0bl6kcBE0vX4=', '2021-11-16 05:02:02.380054', 0, 'yhpark', '박영희', '', '', 0, 1, '2021-11-15 18:42:07.000000'),
	(8, 'pbkdf2_sha256$260000$YHmGtyH5wUJJamTadEC8xq$Rh9zGcvzXzNtahDmtR53I3+StWapynDgFevxRKPCHXs=', '2021-11-16 09:04:21.041071', 0, 'super', '', '', '', 0, 1, '2021-11-16 02:35:52.000000'),
	(9, 'pbkdf2_sha256$260000$GGLLCavin5mDX3zHdOykSV$QFm+tyGAvV+5/++1cYbkJQWCiP51WhoN9TO4fKfXxFo=', '2021-11-16 09:09:12.097556', 0, 'richlee', '이부자', '', '', 0, 1, '2021-11-16 09:08:02.000000');
/*!40000 ALTER TABLE `auth_user` ENABLE KEYS */;

-- 테이블 jobshop.auth_user_groups 구조 내보내기
DROP TABLE IF EXISTS `auth_user_groups`;
CREATE TABLE IF NOT EXISTS `auth_user_groups` (
  `id` bigint NOT NULL AUTO_INCREMENT,
  `user_id` int NOT NULL,
  `group_id` int NOT NULL,
  PRIMARY KEY (`id`),
  UNIQUE KEY `auth_user_groups_user_id_group_id_94350c0c_uniq` (`user_id`,`group_id`),
  KEY `auth_user_groups_group_id_97559544_fk_auth_group_id` (`group_id`),
  CONSTRAINT `auth_user_groups_group_id_97559544_fk_auth_group_id` FOREIGN KEY (`group_id`) REFERENCES `auth_group` (`id`),
  CONSTRAINT `auth_user_groups_user_id_6a12ed8b_fk_auth_user_id` FOREIGN KEY (`user_id`) REFERENCES `auth_user` (`id`)
) ENGINE=InnoDB AUTO_INCREMENT=6 DEFAULT CHARSET=utf8mb4 COLLATE=utf8mb4_unicode_ci;

-- 테이블 데이터 jobshop.auth_user_groups:~5 rows (대략적) 내보내기
DELETE FROM `auth_user_groups`;
/*!40000 ALTER TABLE `auth_user_groups` DISABLE KEYS */;
INSERT INTO `auth_user_groups` (`id`, `user_id`, `group_id`) VALUES
	(1, 1, 1),
	(2, 2, 10),
	(3, 7, 11),
	(4, 8, 12),
	(5, 9, 11);
/*!40000 ALTER TABLE `auth_user_groups` ENABLE KEYS */;

-- 테이블 jobshop.auth_user_user_permissions 구조 내보내기
DROP TABLE IF EXISTS `auth_user_user_permissions`;
CREATE TABLE IF NOT EXISTS `auth_user_user_permissions` (
  `id` bigint NOT NULL AUTO_INCREMENT,
  `user_id` int NOT NULL,
  `permission_id` int NOT NULL,
  PRIMARY KEY (`id`),
  UNIQUE KEY `auth_user_user_permissions_user_id_permission_id_14a6b632_uniq` (`user_id`,`permission_id`),
  KEY `auth_user_user_permi_permission_id_1fbb5f2c_fk_auth_perm` (`permission_id`),
  CONSTRAINT `auth_user_user_permi_permission_id_1fbb5f2c_fk_auth_perm` FOREIGN KEY (`permission_id`) REFERENCES `auth_permission` (`id`),
  CONSTRAINT `auth_user_user_permissions_user_id_a95ead1b_fk_auth_user_id` FOREIGN KEY (`user_id`) REFERENCES `auth_user` (`id`)
) ENGINE=InnoDB AUTO_INCREMENT=241 DEFAULT CHARSET=utf8mb4 COLLATE=utf8mb4_unicode_ci;

-- 테이블 데이터 jobshop.auth_user_user_permissions:~240 rows (대략적) 내보내기
DELETE FROM `auth_user_user_permissions`;
/*!40000 ALTER TABLE `auth_user_user_permissions` DISABLE KEYS */;
INSERT INTO `auth_user_user_permissions` (`id`, `user_id`, `permission_id`) VALUES
	(89, 1, 1),
	(90, 1, 2),
	(91, 1, 3),
	(92, 1, 4),
	(93, 1, 5),
	(94, 1, 6),
	(95, 1, 7),
	(96, 1, 8),
	(97, 1, 9),
	(98, 1, 10),
	(99, 1, 11),
	(100, 1, 12),
	(101, 1, 13),
	(102, 1, 14),
	(103, 1, 15),
	(104, 1, 16),
	(105, 1, 17),
	(106, 1, 18),
	(107, 1, 19),
	(108, 1, 20),
	(109, 1, 21),
	(110, 1, 22),
	(111, 1, 23),
	(112, 1, 24),
	(113, 1, 25),
	(114, 1, 26),
	(115, 1, 27),
	(116, 1, 28),
	(117, 1, 29),
	(118, 1, 30),
	(119, 1, 31),
	(120, 1, 32),
	(121, 1, 33),
	(122, 1, 34),
	(123, 1, 35),
	(124, 1, 36),
	(125, 1, 37),
	(126, 1, 38),
	(127, 1, 39),
	(128, 1, 40),
	(129, 1, 41),
	(130, 1, 42),
	(131, 1, 43),
	(132, 1, 44),
	(133, 1, 45),
	(134, 1, 46),
	(135, 1, 47),
	(136, 1, 48),
	(137, 1, 49),
	(138, 1, 50),
	(139, 1, 51),
	(140, 1, 52),
	(141, 1, 53),
	(142, 1, 54),
	(143, 1, 55),
	(144, 1, 56),
	(145, 1, 57),
	(146, 1, 58),
	(147, 1, 59),
	(148, 1, 60),
	(149, 1, 61),
	(150, 1, 62),
	(151, 1, 63),
	(152, 1, 64),
	(153, 1, 65),
	(154, 1, 66),
	(155, 1, 67),
	(156, 1, 68),
	(157, 1, 69),
	(158, 1, 70),
	(159, 1, 71),
	(160, 1, 72),
	(161, 1, 73),
	(162, 1, 74),
	(163, 1, 75),
	(164, 1, 76),
	(6, 2, 17),
	(7, 2, 18),
	(8, 2, 19),
	(9, 2, 20),
	(10, 2, 25),
	(11, 2, 26),
	(12, 2, 27),
	(13, 2, 28),
	(14, 2, 29),
	(15, 2, 30),
	(16, 2, 31),
	(1, 2, 32),
	(2, 2, 33),
	(3, 2, 34),
	(4, 2, 35),
	(5, 2, 36),
	(81, 2, 45),
	(82, 2, 46),
	(83, 2, 47),
	(84, 2, 48),
	(85, 2, 53),
	(86, 2, 54),
	(87, 2, 55),
	(88, 2, 56),
	(38, 3, 17),
	(39, 3, 18),
	(40, 3, 19),
	(41, 3, 20),
	(42, 3, 25),
	(43, 3, 26),
	(44, 3, 27),
	(45, 3, 28),
	(46, 3, 29),
	(47, 3, 30),
	(48, 3, 31),
	(33, 3, 32),
	(34, 3, 33),
	(35, 3, 34),
	(36, 3, 35),
	(37, 3, 36),
	(22, 4, 17),
	(23, 4, 18),
	(24, 4, 19),
	(25, 4, 20),
	(26, 4, 25),
	(27, 4, 26),
	(28, 4, 27),
	(29, 4, 28),
	(30, 4, 29),
	(31, 4, 30),
	(32, 4, 31),
	(17, 4, 32),
	(18, 4, 33),
	(19, 4, 34),
	(20, 4, 35),
	(21, 4, 36),
	(54, 5, 17),
	(55, 5, 18),
	(56, 5, 19),
	(57, 5, 20),
	(58, 5, 25),
	(59, 5, 26),
	(60, 5, 27),
	(61, 5, 28),
	(62, 5, 29),
	(63, 5, 30),
	(64, 5, 31),
	(49, 5, 32),
	(50, 5, 33),
	(51, 5, 34),
	(52, 5, 35),
	(53, 5, 36),
	(70, 6, 17),
	(71, 6, 18),
	(72, 6, 19),
	(73, 6, 20),
	(74, 6, 25),
	(75, 6, 26),
	(76, 6, 27),
	(77, 6, 28),
	(78, 6, 29),
	(79, 6, 30),
	(80, 6, 31),
	(65, 6, 32),
	(66, 6, 33),
	(67, 6, 34),
	(68, 6, 35),
	(69, 6, 36),
	(165, 8, 1),
	(166, 8, 2),
	(167, 8, 3),
	(168, 8, 4),
	(169, 8, 5),
	(170, 8, 6),
	(171, 8, 7),
	(172, 8, 8),
	(173, 8, 9),
	(174, 8, 10),
	(175, 8, 11),
	(176, 8, 12),
	(177, 8, 13),
	(178, 8, 14),
	(179, 8, 15),
	(180, 8, 16),
	(181, 8, 17),
	(182, 8, 18),
	(183, 8, 19),
	(184, 8, 20),
	(185, 8, 21),
	(186, 8, 22),
	(187, 8, 23),
	(188, 8, 24),
	(189, 8, 25),
	(190, 8, 26),
	(191, 8, 27),
	(192, 8, 28),
	(193, 8, 29),
	(194, 8, 30),
	(195, 8, 31),
	(196, 8, 32),
	(197, 8, 33),
	(198, 8, 34),
	(199, 8, 35),
	(200, 8, 36),
	(201, 8, 37),
	(202, 8, 38),
	(203, 8, 39),
	(204, 8, 40),
	(205, 8, 41),
	(206, 8, 42),
	(207, 8, 43),
	(208, 8, 44),
	(209, 8, 45),
	(210, 8, 46),
	(211, 8, 47),
	(212, 8, 48),
	(213, 8, 49),
	(214, 8, 50),
	(215, 8, 51),
	(216, 8, 52),
	(217, 8, 53),
	(218, 8, 54),
	(219, 8, 55),
	(220, 8, 56),
	(221, 8, 57),
	(222, 8, 58),
	(223, 8, 59),
	(224, 8, 60),
	(225, 8, 61),
	(226, 8, 62),
	(227, 8, 63),
	(228, 8, 64),
	(229, 8, 65),
	(230, 8, 66),
	(231, 8, 67),
	(232, 8, 68),
	(233, 8, 69),
	(234, 8, 70),
	(235, 8, 71),
	(236, 8, 72),
	(237, 8, 73),
	(238, 8, 74),
	(239, 8, 75),
	(240, 8, 76);
/*!40000 ALTER TABLE `auth_user_user_permissions` ENABLE KEYS */;

-- 테이블 jobshop.board_article 구조 내보내기
DROP TABLE IF EXISTS `board_article`;
CREATE TABLE IF NOT EXISTS `board_article` (
  `id` bigint NOT NULL AUTO_INCREMENT,
  `title` varchar(120) CHARACTER SET utf8mb4 COLLATE utf8mb4_unicode_ci NOT NULL,
  `author` varchar(20) CHARACTER SET utf8mb4 COLLATE utf8mb4_unicode_ci NOT NULL,
  `content` longtext CHARACTER SET utf8mb4 COLLATE utf8mb4_unicode_ci NOT NULL,
  `created_at` datetime(6) NOT NULL,
  `modified_at` datetime(6) NOT NULL,
  PRIMARY KEY (`id`)
) ENGINE=InnoDB AUTO_INCREMENT=4 DEFAULT CHARSET=utf8mb4 COLLATE=utf8mb4_unicode_ci;

-- 테이블 데이터 jobshop.board_article:~3 rows (대략적) 내보내기
DELETE FROM `board_article`;
/*!40000 ALTER TABLE `board_article` DISABLE KEYS */;
INSERT INTO `board_article` (`id`, `title`, `author`, `content`, `created_at`, `modified_at`) VALUES
	(1, 'How to install system environment', '최연지', 'The code is on github : \r\nhttps://github.com/chbigbrother/jobshopscheduling\r\n\r\nAfter installing the PyCharm, please clone it to your PyCharm project.\r\nFollow the steps shown in the README.md.', '2021-10-06 06:02:05.098953', '2021-10-06 06:02:05.098953'),
	(2, '샘플 데이터 추가', '황현숙', '연지씨\r\n\r\n세미나때 작성한 수주, 업체에 관한 샘플 데이터 엑셀로 작성하여 업로드 부탁해요.', '2021-10-12 00:23:05.201336', '2021-10-12 00:23:05.201336'),
	(3, '서버 외부 접속 가능하게 설정', '황현숙', '연지씨, \r\n\r\n서버가 외부에서는 접속이 안되는데, 확인해봐줘요', '2021-10-12 00:24:07.705542', '2021-10-12 00:24:07.705542');
/*!40000 ALTER TABLE `board_article` ENABLE KEYS */;

-- 테이블 jobshop.company_dailyfacility 구조 내보내기
DROP TABLE IF EXISTS `company_dailyfacility`;
CREATE TABLE IF NOT EXISTS `company_dailyfacility` (
  `idx` int NOT NULL AUTO_INCREMENT COMMENT '번호',
  `comp_id` int NOT NULL DEFAULT '0' COMMENT '회사명',
  `work_start_date` char(12) CHARACTER SET utf8mb4 COLLATE utf8mb4_unicode_ci DEFAULT NULL COMMENT '작업시작일자',
  `work_end_date` char(12) CHARACTER SET utf8mb4 COLLATE utf8mb4_unicode_ci DEFAULT NULL COMMENT '작업종료일자',
  `fac_code` int DEFAULT NULL COMMENT '작업호기',
  `prod_name` varchar(50) CHARACTER SET utf8mb4 COLLATE utf8mb4_unicode_ci DEFAULT NULL COMMENT '제품명',
  `rpm` char(12) CHARACTER SET utf8mb4 COLLATE utf8mb4_unicode_ci DEFAULT NULL COMMENT 'rpm',
  `uptime` char(4) CHARACTER SET utf8mb4 COLLATE utf8mb4_unicode_ci DEFAULT NULL COMMENT '가동시간',
  `running_time` int DEFAULT NULL COMMENT '운행시간',
  `prod_output` int DEFAULT NULL COMMENT '생산량(yd)',
  `prod_rate` char(4) CHARACTER SET utf8mb4 COLLATE utf8mb4_unicode_ci DEFAULT NULL COMMENT '가동율',
  `created_at` datetime DEFAULT NULL COMMENT '생성일자',
  `modified_at` datetime DEFAULT NULL COMMENT '수정일자',
  PRIMARY KEY (`idx`),
  KEY `comp_name` (`comp_id`) USING BTREE,
  CONSTRAINT `FK_company_dailyfacility_comp_admin_authcompany` FOREIGN KEY (`comp_id`) REFERENCES `company_information` (`comp_id`)
) ENGINE=InnoDB DEFAULT CHARSET=utf8mb4 COLLATE=utf8mb4_unicode_ci;

-- 테이블 데이터 jobshop.company_dailyfacility:~0 rows (대략적) 내보내기
DELETE FROM `company_dailyfacility`;
/*!40000 ALTER TABLE `company_dailyfacility` DISABLE KEYS */;
/*!40000 ALTER TABLE `company_dailyfacility` ENABLE KEYS */;

-- 테이블 jobshop.company_information 구조 내보내기
DROP TABLE IF EXISTS `company_information`;
CREATE TABLE IF NOT EXISTS `company_information` (
  `comp_id` int NOT NULL AUTO_INCREMENT COMMENT '회사아이디',
  `comp_name` varchar(150) CHARACTER SET utf8mb4 COLLATE utf8mb4_unicode_ci NOT NULL COMMENT '회사명',
  `facility_count` int NOT NULL COMMENT '기계대수',
  `textile_type` varchar(50) CHARACTER SET utf8mb4 COLLATE utf8mb4_unicode_ci NOT NULL DEFAULT '' COMMENT '소재타입',
  PRIMARY KEY (`comp_id`)
) ENGINE=InnoDB AUTO_INCREMENT=11 DEFAULT CHARSET=utf8mb4 COLLATE=utf8mb4_unicode_ci;

-- 테이블 데이터 jobshop.company_information:~10 rows (대략적) 내보내기
DELETE FROM `company_information`;
/*!40000 ALTER TABLE `company_information` DISABLE KEYS */;
INSERT INTO `company_information` (`comp_id`, `comp_name`, `facility_count`, `textile_type`) VALUES
	(1, '(주)나다', 4, 'weave'),
	(2, '(주)동광', 10, 'weave'),
	(3, '(주)베가', 5, 'weave, knit'),
	(4, '대명섬유', 2, 'knit'),
	(5, '태화방직(주)', 8, 'weave'),
	(6, '경주산업사', 6, 'knit'),
	(7, '(주)효성', 20, 'weave, knit'),
	(8, '삼화기업', 12, 'knit'),
	(9, '부민직물(주)', 6, 'knit'),
	(10, '(주)청옥산업', 2, 'weave');
/*!40000 ALTER TABLE `company_information` ENABLE KEYS */;

-- 테이블 jobshop.company_schedule 구조 내보내기
DROP TABLE IF EXISTS `company_schedule`;
CREATE TABLE IF NOT EXISTS `company_schedule` (
  `sch_id` varchar(50) CHARACTER SET utf8mb4 COLLATE utf8mb4_unicode_ci NOT NULL DEFAULT '' COMMENT '오더일자',
  `comp_id` int DEFAULT NULL COMMENT '회사아이디',
  `count` int DEFAULT NULL COMMENT '스케줄생성카운트',
  `order_id` varchar(200) CHARACTER SET utf8mb4 COLLATE utf8mb4_unicode_ci NOT NULL DEFAULT '' COMMENT '오더넘버',
  `sch_color` char(50) CHARACTER SET utf8mb4 COLLATE utf8mb4_unicode_ci DEFAULT NULL COMMENT '색깔',
  `x_axis_1` double NOT NULL,
  `x_axis_2` double NOT NULL,
  `y_axis_1` double NOT NULL,
  `y_axis_2` double NOT NULL,
  `created_at` datetime DEFAULT NULL,
  `modified_at` datetime DEFAULT NULL,
  PRIMARY KEY (`sch_id`),
  KEY `comp_id` (`comp_id`),
  CONSTRAINT `FK_company_schedule_comp_admin_authcompany` FOREIGN KEY (`comp_id`) REFERENCES `company_information` (`comp_id`)
) ENGINE=InnoDB DEFAULT CHARSET=utf8mb4 COLLATE=utf8mb4_unicode_ci;

-- 테이블 데이터 jobshop.company_schedule:~1,900 rows (대략적) 내보내기
DELETE FROM `company_schedule`;
/*!40000 ALTER TABLE `company_schedule` DISABLE KEYS */;
INSERT INTO `company_schedule` (`sch_id`, `comp_id`, `count`, `order_id`, `sch_color`, `x_axis_1`, `x_axis_2`, `y_axis_1`, `y_axis_2`, `created_at`, `modified_at`) VALUES
	('SCH2021111500l0', 1, 1, 'ORD001.1', 'yellow', 0, 29, 0.7, 1.5, '2021-11-15 11:06:15', '2021-11-15 11:06:15'),
	('SCH2021111500l1', 1, 2, 'ORD001.1', 'yellow', 0, 29, 0.7, 1.5, '2021-11-15 11:08:38', '2021-11-15 11:08:39'),
	('SCH2021111501a1', 1, 2, 'ORD004.1', 'khaki', 0, 81, 1.7, 2.5, '2021-11-15 11:08:42', '2021-11-15 11:08:42'),
	('SCH2021111501l0', 1, 1, 'ORD001.2', 'yellow', 29, 107, 1.7, 2.5, '2021-11-15 11:06:19', '2021-11-15 11:06:19'),
	('SCH2021111502l0', 1, 1, 'ORD005.1', 'silver', 0, 14, 2.7, 3.5, '2021-11-15 11:06:22', '2021-11-15 11:06:22'),
	('SCH2021111502n1', 1, 2, 'ORD006.1', 'pink', 0, 84, 2.7, 3.5, '2021-11-15 11:08:46', '2021-11-15 11:08:46'),
	('SCH2021111503e0', 1, 1, 'ORD009.3', 'grey', 176, 252, 3.7, 4.5, '2021-11-15 11:06:26', '2021-11-15 11:06:26'),
	('SCH2021111503e1', 1, 2, 'ORD009.3', 'grey', 196, 272, 3.7, 4.5, '2021-11-15 11:08:49', '2021-11-15 11:08:49'),
	('SCH2021111504i1', 1, 2, 'ORD002.3', 'whitesmoke', 314, 389, 4.7, 5.5, '2021-11-15 11:08:53', '2021-11-15 11:08:53'),
	('SCH2021111504l0', 1, 1, 'ORD001.5', 'yellow', 288, 386, 4.7, 5.5, '2021-11-15 11:06:29', '2021-11-15 11:06:29'),
	('SCH2021111505e1', 1, 2, 'ORD009.4', 'grey', 272, 323, 5.7, 6.5, '2021-11-15 11:08:56', '2021-11-15 11:08:57'),
	('SCH2021111505n0', 1, 1, 'ORD006.3', 'pink', 178, 230, 5.7, 6.5, '2021-11-15 11:06:33', '2021-11-15 11:06:33'),
	('SCH2021111506a1', 1, 2, 'ORD004.5', 'khaki', 488, 497, 6.7, 7.5, '2021-11-15 11:09:00', '2021-11-15 11:09:00'),
	('SCH2021111506c0', 1, 1, 'ORD010.4', '#8ca8df', 440, 447, 6.7, 7.5, '2021-11-15 11:06:36', '2021-11-15 11:06:37'),
	('SCH2021111507a1', 1, 2, 'ORD004.7', 'khaki', 604, 689, 7.7, 8.5, '2021-11-15 11:09:04', '2021-11-15 11:09:04'),
	('SCH2021111507l0', 1, 1, 'ORD005.8', 'silver', 639, 688, 7.7, 8.5, '2021-11-15 11:06:40', '2021-11-15 11:06:40'),
	('SCH2021111508n0', 1, 1, 'ORD006.5', 'pink', 383, 431, 8.7, 9.5, '2021-11-15 11:06:43', '2021-11-15 11:06:44'),
	('SCH2021111508n1', 1, 2, 'ORD006.5', 'pink', 504, 552, 8.7, 9.5, '2021-11-15 11:09:07', '2021-11-15 11:09:07'),
	('SCH2021111509c0', 1, 1, 'ORD010.6', '#8ca8df', 511, 587, 9.7, 10.5, '2021-11-15 11:06:47', '2021-11-15 11:06:47'),
	('SCH2021111509e1', 1, 2, 'ORD009.6', 'grey', 408, 419, 9.7, 10.5, '2021-11-15 11:09:11', '2021-11-15 11:09:11'),
	('SCH2021111510e0', 1, 1, 'ORD009.1', 'grey', 29, 105, 0.7, 1.5, '2021-11-15 11:06:15', '2021-11-15 11:06:16'),
	('SCH2021111510e1', 1, 2, 'ORD009.1', 'grey', 29, 105, 0.7, 1.5, '2021-11-15 11:08:39', '2021-11-15 11:08:39'),
	('SCH2021111511e0', 1, 1, 'ORD009.2', 'grey', 107, 176, 1.7, 2.5, '2021-11-15 11:06:19', '2021-11-15 11:06:19'),
	('SCH2021111511g1', 1, 2, 'ORD007.1', 'lightgreen', 81, 127, 1.7, 2.5, '2021-11-15 11:08:42', '2021-11-15 11:08:43'),
	('SCH2021111512a1', 1, 2, 'ORD008.1', 'orange', 84, 115, 2.7, 3.5, '2021-11-15 11:08:46', '2021-11-15 11:08:46'),
	('SCH2021111512n0', 1, 1, 'ORD006.1', 'pink', 14, 98, 2.7, 3.5, '2021-11-15 11:06:22', '2021-11-15 11:06:23'),
	('SCH2021111513g1', 1, 2, 'ORD007.3', 'lightgreen', 348, 409, 3.7, 4.5, '2021-11-15 11:08:50', '2021-11-15 11:08:50'),
	('SCH2021111513l0', 1, 1, 'ORD001.4', 'yellow', 252, 288, 3.7, 4.5, '2021-11-15 11:06:26', '2021-11-15 11:06:26'),
	('SCH2021111514a0', 1, 1, 'ORD004.4', 'khaki', 450, 549, 4.7, 5.5, '2021-11-15 11:06:30', '2021-11-15 11:06:30'),
	('SCH2021111514a1', 1, 2, 'ORD004.4', 'khaki', 389, 488, 4.7, 5.5, '2021-11-15 11:08:53', '2021-11-15 11:08:53'),
	('SCH2021111515l0', 1, 1, 'ORD005.4', 'silver', 230, 291, 5.7, 6.5, '2021-11-15 11:06:33', '2021-11-15 11:06:33'),
	('SCH2021111515n1', 1, 2, 'ORD006.3', 'pink', 323, 375, 5.7, 6.5, '2021-11-15 11:08:57', '2021-11-15 11:08:57'),
	('SCH2021111516a0', 1, 1, 'ORD004.5', 'khaki', 549, 558, 6.7, 7.5, '2021-11-15 11:06:37', '2021-11-15 11:06:37'),
	('SCH2021111516a1', 1, 2, 'ORD008.6', 'orange', 535, 623, 6.7, 7.5, '2021-11-15 11:09:00', '2021-11-15 11:09:01'),
	('SCH2021111517a0', 1, 1, 'ORD004.7', 'khaki', 691, 776, 7.7, 8.5, '2021-11-15 11:06:40', '2021-11-15 11:06:41'),
	('SCH2021111517l1', 1, 2, 'ORD005.8', 'silver', 728, 777, 7.7, 8.5, '2021-11-15 11:09:04', '2021-11-15 11:09:04'),
	('SCH2021111518a1', 1, 2, 'ORD004.6', 'khaki', 552, 604, 8.7, 9.5, '2021-11-15 11:09:08', '2021-11-15 11:09:08'),
	('SCH2021111518c0', 1, 1, 'ORD010.5', '#8ca8df', 447, 511, 8.7, 9.5, '2021-11-15 11:06:44', '2021-11-15 11:06:44'),
	('SCH2021111519e0', 1, 1, 'ORD009.6', 'grey', 587, 598, 9.7, 10.5, '2021-11-15 11:06:47', '2021-11-15 11:06:48'),
	('SCH2021111519i1', 1, 2, 'ORD002.4', 'whitesmoke', 419, 430, 9.7, 10.5, '2021-11-15 11:09:11', '2021-11-15 11:09:11'),
	('SCH2021111520i0', 1, 1, 'ORD002.1', 'whitesmoke', 105, 148, 0.7, 1.5, '2021-11-15 11:06:16', '2021-11-15 11:06:16'),
	('SCH2021111520i1', 1, 2, 'ORD002.1', 'whitesmoke', 105, 148, 0.7, 1.5, '2021-11-15 11:08:39', '2021-11-15 11:08:39'),
	('SCH2021111521e1', 1, 2, 'ORD009.2', 'grey', 127, 196, 1.7, 2.5, '2021-11-15 11:08:43', '2021-11-15 11:08:43'),
	('SCH2021111521n0', 1, 1, 'ORD006.2', 'pink', 176, 178, 1.7, 2.5, '2021-11-15 11:06:19', '2021-11-15 11:06:20'),
	('SCH2021111522l0', 1, 1, 'ORD001.3', 'yellow', 107, 116, 2.7, 3.5, '2021-11-15 11:06:23', '2021-11-15 11:06:23'),
	('SCH2021111522l1', 1, 2, 'ORD005.1', 'silver', 115, 129, 2.7, 3.5, '2021-11-15 11:08:46', '2021-11-15 11:08:47'),
	('SCH2021111523n0', 1, 1, 'ORD006.4', 'pink', 288, 383, 3.7, 4.5, '2021-11-15 11:06:26', '2021-11-15 11:06:27'),
	('SCH2021111523n1', 1, 2, 'ORD006.4', 'pink', 409, 504, 3.7, 4.5, '2021-11-15 11:08:50', '2021-11-15 11:08:50'),
	('SCH2021111524a1', 1, 2, 'ORD008.5', 'orange', 503, 535, 4.7, 5.5, '2021-11-15 11:08:53', '2021-11-15 11:08:54'),
	('SCH2021111524l0', 1, 1, 'ORD005.6', 'silver', 549, 618, 4.7, 5.5, '2021-11-15 11:06:30', '2021-11-15 11:06:30'),
	('SCH2021111525a1', 1, 2, 'ORD008.4', 'orange', 429, 503, 5.7, 6.5, '2021-11-15 11:08:57', '2021-11-15 11:08:57'),
	('SCH2021111525e0', 1, 1, 'ORD009.4', 'grey', 291, 342, 5.7, 6.5, '2021-11-15 11:06:33', '2021-11-15 11:06:34'),
	('SCH2021111526c1', 1, 2, 'ORD010.4', '#8ca8df', 623, 630, 6.7, 7.5, '2021-11-15 11:09:01', '2021-11-15 11:09:01'),
	('SCH2021111526g0', 1, 1, 'ORD007.5', 'lightgreen', 647, 679, 6.7, 7.5, '2021-11-15 11:06:37', '2021-11-15 11:06:37'),
	('SCH2021111527e0', 1, 1, 'ORD009.8', 'grey', 776, 865, 7.7, 8.5, '2021-11-15 11:06:41', '2021-11-15 11:06:41'),
	('SCH2021111527g1', 1, 2, 'ORD003.7', 'lightyellow', 848, 860, 7.7, 8.5, '2021-11-15 11:09:04', '2021-11-15 11:09:05'),
	('SCH2021111528c1', 1, 2, 'ORD010.5', '#8ca8df', 630, 694, 8.7, 9.5, '2021-11-15 11:09:08', '2021-11-15 11:09:08'),
	('SCH2021111528l0', 1, 1, 'ORD005.7', 'silver', 618, 639, 8.7, 9.5, '2021-11-15 11:06:44', '2021-11-15 11:06:44'),
	('SCH2021111529i0', 1, 1, 'ORD002.4', 'whitesmoke', 693, 704, 9.7, 10.5, '2021-11-15 11:06:48', '2021-11-15 11:06:48'),
	('SCH2021111529n1', 1, 2, 'ORD006.6', 'pink', 552, 624, 9.7, 10.5, '2021-11-15 11:09:11', '2021-11-15 11:09:12'),
	('SCH2021111530l0', 1, 1, 'ORD005.2', 'silver', 148, 154, 0.7, 1.5, '2021-11-15 11:06:16', '2021-11-15 11:06:17'),
	('SCH2021111530l1', 1, 2, 'ORD005.2', 'silver', 148, 154, 0.7, 1.5, '2021-11-15 11:08:39', '2021-11-15 11:08:40'),
	('SCH2021111531l0', 1, 1, 'ORD005.3', 'silver', 178, 200, 1.7, 2.5, '2021-11-15 11:06:20', '2021-11-15 11:06:20'),
	('SCH2021111531l1', 1, 2, 'ORD001.2', 'yellow', 196, 274, 1.7, 2.5, '2021-11-15 11:08:43', '2021-11-15 11:08:43'),
	('SCH2021111532a0', 1, 1, 'ORD008.1', 'orange', 116, 147, 2.7, 3.5, '2021-11-15 11:06:23', '2021-11-15 11:06:23'),
	('SCH2021111532a1', 1, 2, 'ORD004.2', 'khaki', 129, 224, 2.7, 3.5, '2021-11-15 11:08:47', '2021-11-15 11:08:47'),
	('SCH2021111533l0', 1, 1, 'ORD005.5', 'silver', 383, 409, 3.7, 4.5, '2021-11-15 11:06:27', '2021-11-15 11:06:27'),
	('SCH2021111533l1', 1, 2, 'ORD001.4', 'yellow', 504, 540, 3.7, 4.5, '2021-11-15 11:08:50', '2021-11-15 11:08:51'),
	('SCH2021111534i0', 1, 1, 'ORD002.3', 'whitesmoke', 618, 693, 4.7, 5.5, '2021-11-15 11:06:30', '2021-11-15 11:06:31'),
	('SCH2021111534l1', 1, 2, 'ORD001.5', 'yellow', 540, 638, 4.7, 5.5, '2021-11-15 11:08:54', '2021-11-15 11:08:54'),
	('SCH2021111535l0', 1, 1, 'ORD001.6', 'yellow', 386, 397, 5.7, 6.5, '2021-11-15 11:06:34', '2021-11-15 11:06:34'),
	('SCH2021111535l1', 1, 2, 'ORD005.4', 'silver', 503, 564, 5.7, 6.5, '2021-11-15 11:08:57', '2021-11-15 11:08:58'),
	('SCH2021111536e0', 1, 1, 'ORD009.7', 'grey', 679, 719, 6.7, 7.5, '2021-11-15 11:06:37', '2021-11-15 11:06:38'),
	('SCH2021111536e1', 1, 2, 'ORD009.7', 'grey', 630, 670, 6.7, 7.5, '2021-11-15 11:09:01', '2021-11-15 11:09:01'),
	('SCH2021111537g0', 1, 1, 'ORD003.7', 'lightyellow', 871, 883, 7.7, 8.5, '2021-11-15 11:06:41', '2021-11-15 11:06:41'),
	('SCH2021111537l1', 1, 2, 'ORD001.8', 'yellow', 860, 916, 7.7, 8.5, '2021-11-15 11:09:05', '2021-11-15 11:09:05'),
	('SCH2021111538a0', 1, 1, 'ORD004.6', 'khaki', 639, 691, 8.7, 9.5, '2021-11-15 11:06:44', '2021-11-15 11:06:45'),
	('SCH2021111538l1', 1, 2, 'ORD005.7', 'silver', 707, 728, 8.7, 9.5, '2021-11-15 11:09:08', '2021-11-15 11:09:09'),
	('SCH2021111539c1', 1, 2, 'ORD010.6', '#8ca8df', 694, 770, 9.7, 10.5, '2021-11-15 11:09:12', '2021-11-15 11:09:12'),
	('SCH2021111539n0', 1, 1, 'ORD006.6', 'pink', 704, 776, 9.7, 10.5, '2021-11-15 11:06:48', '2021-11-15 11:06:48'),
	('SCH2021111540a1', 1, 2, 'ORD008.2', 'orange', 154, 240, 0.7, 1.5, '2021-11-15 11:08:40', '2021-11-15 11:08:40'),
	('SCH2021111540c0', 1, 1, 'ORD010.2', '#8ca8df', 366, 379, 0.7, 1.5, '2021-11-15 11:06:17', '2021-11-15 11:06:17'),
	('SCH2021111541a0', 1, 1, 'ORD004.1', 'khaki', 200, 281, 1.7, 2.5, '2021-11-15 11:06:20', '2021-11-15 11:06:20'),
	('SCH2021111541l1', 1, 2, 'ORD005.3', 'silver', 274, 296, 1.7, 2.5, '2021-11-15 11:08:43', '2021-11-15 11:08:44'),
	('SCH2021111542a0', 1, 1, 'ORD004.2', 'khaki', 281, 376, 2.7, 3.5, '2021-11-15 11:06:24', '2021-11-15 11:06:24'),
	('SCH2021111542i1', 1, 2, 'ORD002.2', 'whitesmoke', 224, 314, 2.7, 3.5, '2021-11-15 11:08:47', '2021-11-15 11:08:47'),
	('SCH2021111543g0', 1, 1, 'ORD007.3', 'lightgreen', 573, 634, 3.7, 4.5, '2021-11-15 11:06:27', '2021-11-15 11:06:27'),
	('SCH2021111543i1', 1, 2, 'ORD002.5', 'whitesmoke', 540, 609, 3.7, 4.5, '2021-11-15 11:08:51', '2021-11-15 11:08:51'),
	('SCH2021111544a0', 1, 1, 'ORD008.5', 'orange', 774, 806, 4.7, 5.5, '2021-11-15 11:06:31', '2021-11-15 11:06:31'),
	('SCH2021111544l1', 1, 2, 'ORD005.6', 'silver', 638, 707, 4.7, 5.5, '2021-11-15 11:08:54', '2021-11-15 11:08:55'),
	('SCH2021111545g0', 1, 1, 'ORD007.6', 'lightgreen', 679, 700, 5.7, 6.5, '2021-11-15 11:06:34', '2021-11-15 11:06:34'),
	('SCH2021111545i1', 1, 2, 'ORD002.8', 'whitesmoke', 716, 762, 5.7, 6.5, '2021-11-15 11:08:58', '2021-11-15 11:08:58'),
	('SCH2021111546i1', 1, 2, 'ORD002.7', 'whitesmoke', 670, 716, 6.7, 7.5, '2021-11-15 11:09:01', '2021-11-15 11:09:02'),
	('SCH2021111546l0', 1, 1, 'ORD001.7', 'yellow', 719, 781, 6.7, 7.5, '2021-11-15 11:06:38', '2021-11-15 11:06:38'),
	('SCH2021111547e1', 1, 2, 'ORD009.8', 'grey', 916, 1005, 7.7, 8.5, '2021-11-15 11:09:05', '2021-11-15 11:09:05'),
	('SCH2021111547l0', 1, 1, 'ORD001.8', 'yellow', 883, 939, 7.7, 8.5, '2021-11-15 11:06:41', '2021-11-15 11:06:42'),
	('SCH2021111548a1', 1, 2, 'ORD008.7', 'orange', 728, 747, 8.7, 9.5, '2021-11-15 11:09:09', '2021-11-15 11:09:09'),
	('SCH2021111548g0', 1, 1, 'ORD003.5', 'lightyellow', 771, 861, 8.7, 9.5, '2021-11-15 11:06:45', '2021-11-15 11:06:45'),
	('SCH2021111549a1', 1, 2, 'ORD008.8', 'orange', 770, 818, 9.7, 10.5, '2021-11-15 11:09:12', '2021-11-15 11:09:12'),
	('SCH2021111549g0', 1, 1, 'ORD007.7', 'lightgreen', 776, 808, 9.7, 10.5, '2021-11-15 11:06:48', '2021-11-15 11:06:49'),
	('SCH2021111550a0', 1, 1, 'ORD004.3', 'khaki', 379, 450, 0.7, 1.5, '2021-11-15 11:06:17', '2021-11-15 11:06:17'),
	('SCH2021111550a1', 1, 2, 'ORD004.3', 'khaki', 240, 311, 0.7, 1.5, '2021-11-15 11:08:40', '2021-11-15 11:08:40'),
	('SCH2021111551c0', 1, 1, 'ORD010.1', '#8ca8df', 281, 366, 1.7, 2.5, '2021-11-15 11:06:20', '2021-11-15 11:06:21'),
	('SCH2021111551n1', 1, 2, 'ORD006.2', 'pink', 296, 298, 1.7, 2.5, '2021-11-15 11:08:44', '2021-11-15 11:08:44'),
	('SCH2021111552c0', 1, 1, 'ORD010.3', '#8ca8df', 379, 440, 2.7, 3.5, '2021-11-15 11:06:24', '2021-11-15 11:06:24'),
	('SCH2021111552e1', 1, 2, 'ORD009.5', 'grey', 323, 408, 2.7, 3.5, '2021-11-15 11:08:47', '2021-11-15 11:08:48'),
	('SCH2021111553g0', 1, 1, 'ORD003.3', 'lightyellow', 658, 697, 3.7, 4.5, '2021-11-15 11:06:27', '2021-11-15 11:06:28'),
	('SCH2021111553l1', 1, 2, 'ORD005.5', 'silver', 609, 635, 3.7, 4.5, '2021-11-15 11:08:51', '2021-11-15 11:08:51'),
	('SCH2021111554e0', 1, 1, 'ORD009.9', 'grey', 865, 891, 4.7, 5.5, '2021-11-15 11:06:31', '2021-11-15 11:06:31'),
	('SCH2021111554e1', 1, 2, 'ORD009.9', 'grey', 1005, 1031, 4.7, 5.5, '2021-11-15 11:08:55', '2021-11-15 11:08:55'),
	('SCH2021111555a0', 1, 1, 'ORD008.4', 'orange', 700, 774, 5.7, 6.5, '2021-11-15 11:06:35', '2021-11-15 11:06:35'),
	('SCH2021111555l1', 1, 2, 'ORD001.6', 'yellow', 762, 773, 5.7, 6.5, '2021-11-15 11:08:58', '2021-11-15 11:08:58'),
	('SCH2021111556i0', 1, 1, 'ORD002.7', 'whitesmoke', 801, 847, 6.7, 7.5, '2021-11-15 11:06:38', '2021-11-15 11:06:38'),
	('SCH2021111556l1', 1, 2, 'ORD001.7', 'yellow', 773, 835, 6.7, 7.5, '2021-11-15 11:09:02', '2021-11-15 11:09:02'),
	('SCH2021111557g0', 1, 1, 'ORD007.9', 'lightgreen', 950, 980, 7.7, 8.5, '2021-11-15 11:06:42', '2021-11-15 11:06:42'),
	('SCH2021111557i1', 1, 2, 'ORD002.9', 'whitesmoke', 1005, 1077, 7.7, 8.5, '2021-11-15 11:09:05', '2021-11-15 11:09:06'),
	('SCH2021111558g0', 1, 1, 'ORD007.8', 'lightgreen', 861, 950, 8.7, 9.5, '2021-11-15 11:06:45', '2021-11-15 11:06:46'),
	('SCH2021111558g1', 1, 2, 'ORD003.5', 'lightyellow', 748, 838, 8.7, 9.5, '2021-11-15 11:09:09', '2021-11-15 11:09:09'),
	('SCH2021111559l0', 1, 1, 'ORD005.9', 'silver', 808, 880, 9.7, 10.5, '2021-11-15 11:06:49', '2021-11-15 11:06:49'),
	('SCH2021111559l1', 1, 2, 'ORD005.9', 'silver', 818, 890, 9.7, 10.5, '2021-11-15 11:09:13', '2021-11-15 11:09:13'),
	('SCH2021111560a0', 1, 1, 'ORD008.2', 'orange', 450, 536, 0.7, 1.5, '2021-11-15 11:06:17', '2021-11-15 11:06:18'),
	('SCH2021111560g1', 1, 2, 'ORD007.2', 'lightgreen', 311, 348, 0.7, 1.5, '2021-11-15 11:08:41', '2021-11-15 11:08:41'),
	('SCH2021111561c1', 1, 2, 'ORD010.1', '#8ca8df', 298, 383, 1.7, 2.5, '2021-11-15 11:08:44', '2021-11-15 11:08:44'),
	('SCH2021111561g0', 1, 1, 'ORD003.1', 'lightyellow', 366, 457, 1.7, 2.5, '2021-11-15 11:06:21', '2021-11-15 11:06:21'),
	('SCH2021111562e0', 1, 1, 'ORD009.5', 'grey', 440, 525, 2.7, 3.5, '2021-11-15 11:06:24', '2021-11-15 11:06:24'),
	('SCH2021111562l1', 1, 2, 'ORD001.3', 'yellow', 408, 417, 2.7, 3.5, '2021-11-15 11:08:48', '2021-11-15 11:08:48'),
	('SCH2021111563g1', 1, 2, 'ORD003.3', 'lightyellow', 635, 674, 3.7, 4.5, '2021-11-15 11:08:51', '2021-11-15 11:08:52'),
	('SCH2021111563i0', 1, 1, 'ORD002.5', 'whitesmoke', 704, 773, 3.7, 4.5, '2021-11-15 11:06:28', '2021-11-15 11:06:28'),
	('SCH2021111564g0', 1, 1, 'ORD007.10', 'lightgreen', 980, 1035, 4.7, 5.5, '2021-11-15 11:06:31', '2021-11-15 11:06:32'),
	('SCH2021111564n1', 1, 2, 'ORD006.9', 'pink', 1031, 1037, 4.7, 5.5, '2021-11-15 11:08:55', '2021-11-15 11:08:55'),
	('SCH2021111565g0', 1, 1, 'ORD003.6', 'lightyellow', 861, 871, 5.7, 6.5, '2021-11-15 11:06:35', '2021-11-15 11:06:35'),
	('SCH2021111565g1', 1, 2, 'ORD003.6', 'lightyellow', 838, 848, 5.7, 6.5, '2021-11-15 11:08:59', '2021-11-15 11:08:59'),
	('SCH2021111566a0', 1, 1, 'ORD008.6', 'orange', 847, 935, 6.7, 7.5, '2021-11-15 11:06:38', '2021-11-15 11:06:39'),
	('SCH2021111566g1', 1, 2, 'ORD007.5', 'lightgreen', 835, 867, 6.7, 7.5, '2021-11-15 11:09:02', '2021-11-15 11:09:02'),
	('SCH2021111567a0', 1, 1, 'ORD008.9', 'orange', 1017, 1053, 7.7, 8.5, '2021-11-15 11:06:42', '2021-11-15 11:06:42'),
	('SCH2021111567a1', 1, 2, 'ORD008.9', 'orange', 1077, 1113, 7.7, 8.5, '2021-11-15 11:09:06', '2021-11-15 11:09:06'),
	('SCH2021111568a0', 1, 1, 'ORD008.7', 'orange', 950, 969, 8.7, 9.5, '2021-11-15 11:06:46', '2021-11-15 11:06:46'),
	('SCH2021111568g1', 1, 2, 'ORD007.8', 'lightgreen', 948, 1037, 8.7, 9.5, '2021-11-15 11:09:09', '2021-11-15 11:09:10'),
	('SCH2021111569a0', 1, 1, 'ORD004.9', 'khaki', 880, 902, 9.7, 10.5, '2021-11-15 11:06:49', '2021-11-15 11:06:49'),
	('SCH2021111569a1', 1, 2, 'ORD004.9', 'khaki', 890, 912, 9.7, 10.5, '2021-11-15 11:09:13', '2021-11-15 11:09:13'),
	('SCH2021111570c1', 1, 2, 'ORD010.2', '#8ca8df', 383, 396, 0.7, 1.5, '2021-11-15 11:08:41', '2021-11-15 11:08:41'),
	('SCH2021111570g0', 1, 1, 'ORD007.2', 'lightgreen', 536, 573, 0.7, 1.5, '2021-11-15 11:06:18', '2021-11-15 11:06:18'),
	('SCH2021111571a1', 1, 2, 'ORD008.3', 'orange', 383, 429, 1.7, 2.5, '2021-11-15 11:08:45', '2021-11-15 11:08:45'),
	('SCH2021111571g0', 1, 1, 'ORD007.1', 'lightgreen', 457, 503, 1.7, 2.5, '2021-11-15 11:06:21', '2021-11-15 11:06:21'),
	('SCH2021111572g1', 1, 2, 'ORD007.4', 'lightgreen', 417, 430, 2.7, 3.5, '2021-11-15 11:08:48', '2021-11-15 11:08:48'),
	('SCH2021111572i0', 1, 1, 'ORD002.2', 'whitesmoke', 525, 615, 2.7, 3.5, '2021-11-15 11:06:25', '2021-11-15 11:06:25'),
	('SCH2021111573a0', 1, 1, 'ORD004.8', 'khaki', 776, 874, 3.7, 4.5, '2021-11-15 11:06:28', '2021-11-15 11:06:28'),
	('SCH2021111573a1', 1, 2, 'ORD004.8', 'khaki', 689, 787, 3.7, 4.5, '2021-11-15 11:08:52', '2021-11-15 11:08:52'),
	('SCH2021111574c0', 1, 1, 'ORD010.9', '#8ca8df', 1035, 1125, 4.7, 5.5, '2021-11-15 11:06:32', '2021-11-15 11:06:32'),
	('SCH2021111574c1', 1, 2, 'ORD010.9', '#8ca8df', 1037, 1127, 4.7, 5.5, '2021-11-15 11:08:55', '2021-11-15 11:08:56'),
	('SCH2021111575c0', 1, 1, 'ORD010.7', '#8ca8df', 871, 918, 5.7, 6.5, '2021-11-15 11:06:35', '2021-11-15 11:06:36'),
	('SCH2021111575c1', 1, 2, 'ORD010.7', '#8ca8df', 848, 895, 5.7, 6.5, '2021-11-15 11:08:59', '2021-11-15 11:08:59'),
	('SCH2021111576g0', 1, 1, 'ORD003.8', 'lightyellow', 935, 1024, 6.7, 7.5, '2021-11-15 11:06:39', '2021-11-15 11:06:39'),
	('SCH2021111576l1', 1, 2, 'ORD005.10', 'silver', 890, 943, 6.7, 7.5, '2021-11-15 11:09:02', '2021-11-15 11:09:03'),
	('SCH2021111577g1', 1, 2, 'ORD007.9', 'lightgreen', 1113, 1143, 7.7, 8.5, '2021-11-15 11:09:06', '2021-11-15 11:09:06'),
	('SCH2021111577i0', 1, 1, 'ORD002.9', 'whitesmoke', 1053, 1125, 7.7, 8.5, '2021-11-15 11:06:42', '2021-11-15 11:06:43'),
	('SCH2021111578l0', 1, 1, 'ORD001.9', 'yellow', 969, 1013, 8.7, 9.5, '2021-11-15 11:06:46', '2021-11-15 11:06:46'),
	('SCH2021111578l1', 1, 2, 'ORD001.9', 'yellow', 1037, 1081, 8.7, 9.5, '2021-11-15 11:09:10', '2021-11-15 11:09:10'),
	('SCH2021111579a0', 1, 1, 'ORD008.8', 'orange', 969, 1017, 9.7, 10.5, '2021-11-15 11:06:49', '2021-11-15 11:06:50'),
	('SCH2021111579g1', 1, 2, 'ORD007.7', 'lightgreen', 916, 948, 9.7, 10.5, '2021-11-15 11:09:13', '2021-11-15 11:09:14'),
	('SCH2021111580g0', 1, 1, 'ORD003.2', 'lightyellow', 573, 658, 0.7, 1.5, '2021-11-15 11:06:18', '2021-11-15 11:06:18'),
	('SCH2021111580g1', 1, 2, 'ORD003.2', 'lightyellow', 520, 605, 0.7, 1.5, '2021-11-15 11:08:41', '2021-11-15 11:08:42'),
	('SCH2021111581a0', 1, 1, 'ORD008.3', 'orange', 536, 582, 1.7, 2.5, '2021-11-15 11:06:21', '2021-11-15 11:06:22'),
	('SCH2021111581g1', 1, 2, 'ORD003.1', 'lightyellow', 429, 520, 1.7, 2.5, '2021-11-15 11:08:45', '2021-11-15 11:08:45'),
	('SCH2021111582c1', 1, 2, 'ORD010.3', '#8ca8df', 430, 491, 2.7, 3.5, '2021-11-15 11:08:48', '2021-11-15 11:08:49'),
	('SCH2021111582g0', 1, 1, 'ORD007.4', 'lightgreen', 634, 647, 2.7, 3.5, '2021-11-15 11:06:25', '2021-11-15 11:06:25'),
	('SCH2021111583c0', 1, 1, 'ORD010.8', '#8ca8df', 918, 970, 3.7, 4.5, '2021-11-15 11:06:28', '2021-11-15 11:06:29'),
	('SCH2021111583c1', 1, 2, 'ORD010.8', '#8ca8df', 895, 947, 3.7, 4.5, '2021-11-15 11:08:52', '2021-11-15 11:08:52'),
	('SCH2021111584g1', 1, 2, 'ORD003.10', 'lightyellow', 1142, 1175, 4.7, 5.5, '2021-11-15 11:08:56', '2021-11-15 11:08:56'),
	('SCH2021111584n0', 1, 1, 'ORD006.9', 'pink', 1125, 1131, 4.7, 5.5, '2021-11-15 11:06:32', '2021-11-15 11:06:32'),
	('SCH2021111585a0', 1, 1, 'ORD004.10', 'khaki', 918, 961, 5.7, 6.5, '2021-11-15 11:06:36', '2021-11-15 11:06:36'),
	('SCH2021111585g1', 1, 2, 'ORD007.6', 'lightgreen', 895, 916, 5.7, 6.5, '2021-11-15 11:08:59', '2021-11-15 11:09:00'),
	('SCH2021111586n0', 1, 1, 'ORD006.8', 'pink', 1024, 1089, 6.7, 7.5, '2021-11-15 11:06:39', '2021-11-15 11:06:39'),
	('SCH2021111586n1', 1, 2, 'ORD006.8', 'pink', 943, 1008, 6.7, 7.5, '2021-11-15 11:09:03', '2021-11-15 11:09:03'),
	('SCH2021111587c0', 1, 1, 'ORD010.10', '#8ca8df', 1125, 1170, 7.7, 8.5, '2021-11-15 11:06:43', '2021-11-15 11:06:43'),
	('SCH2021111587n1', 1, 2, 'ORD006.10', 'pink', 1143, 1168, 7.7, 8.5, '2021-11-15 11:09:06', '2021-11-15 11:09:07'),
	('SCH2021111588e0', 1, 1, 'ORD009.10', 'grey', 1013, 1087, 8.7, 9.5, '2021-11-15 11:06:46', '2021-11-15 11:06:47'),
	('SCH2021111588i1', 1, 2, 'ORD002.10', 'whitesmoke', 1081, 1111, 8.7, 9.5, '2021-11-15 11:09:10', '2021-11-15 11:09:10'),
	('SCH2021111589g0', 1, 1, 'ORD003.9', 'lightyellow', 1024, 1069, 9.7, 10.5, '2021-11-15 11:06:50', '2021-11-15 11:06:50'),
	('SCH2021111589g1', 1, 2, 'ORD003.9', 'lightyellow', 1097, 1142, 9.7, 10.5, '2021-11-15 11:09:14', '2021-11-15 11:09:14'),
	('SCH2021111590n0', 1, 1, 'ORD006.7', 'pink', 776, 823, 0.7, 1.5, '2021-11-15 11:06:18', '2021-11-15 11:06:19'),
	('SCH2021111590n1', 1, 2, 'ORD006.7', 'pink', 624, 671, 0.7, 1.5, '2021-11-15 11:08:42', '2021-11-15 11:08:42'),
	('SCH2021111591i0', 1, 1, 'ORD002.6', 'whitesmoke', 773, 801, 1.7, 2.5, '2021-11-15 11:06:22', '2021-11-15 11:06:22'),
	('SCH2021111591i1', 1, 2, 'ORD002.6', 'whitesmoke', 609, 637, 1.7, 2.5, '2021-11-15 11:08:45', '2021-11-15 11:08:46'),
	('SCH2021111592g0', 1, 1, 'ORD003.4', 'lightyellow', 697, 771, 2.7, 3.5, '2021-11-15 11:06:25', '2021-11-15 11:06:26'),
	('SCH2021111592g1', 1, 2, 'ORD003.4', 'lightyellow', 674, 748, 2.7, 3.5, '2021-11-15 11:08:49', '2021-11-15 11:08:49'),
	('SCH2021111593a0', 1, 1, 'ORD008.10', 'orange', 1053, 1132, 3.7, 4.5, '2021-11-15 11:06:29', '2021-11-15 11:06:29'),
	('SCH2021111593a1', 1, 2, 'ORD008.10', 'orange', 1113, 1192, 3.7, 4.5, '2021-11-15 11:08:52', '2021-11-15 11:08:53'),
	('SCH2021111594g0', 1, 1, 'ORD003.10', 'lightyellow', 1131, 1164, 4.7, 5.5, '2021-11-15 11:06:32', '2021-11-15 11:06:33'),
	('SCH2021111594g1', 1, 2, 'ORD007.10', 'lightgreen', 1175, 1230, 4.7, 5.5, '2021-11-15 11:08:56', '2021-11-15 11:08:56'),
	('SCH2021111595a1', 1, 2, 'ORD004.10', 'khaki', 916, 959, 5.7, 6.5, '2021-11-15 11:09:00', '2021-11-15 11:09:00'),
	('SCH2021111595i0', 1, 1, 'ORD002.8', 'whitesmoke', 961, 1007, 5.7, 6.5, '2021-11-15 11:06:36', '2021-11-15 11:06:36'),
	('SCH2021111596g1', 1, 2, 'ORD003.8', 'lightyellow', 1008, 1097, 6.7, 7.5, '2021-11-15 11:09:03', '2021-11-15 11:09:04'),
	('SCH2021111596l0', 1, 1, 'ORD005.10', 'silver', 1089, 1142, 6.7, 7.5, '2021-11-15 11:06:40', '2021-11-15 11:06:40'),
	('SCH2021111597c1', 1, 2, 'ORD010.10', '#8ca8df', 1168, 1213, 7.7, 8.5, '2021-11-15 11:09:07', '2021-11-15 11:09:07'),
	('SCH2021111597n0', 1, 1, 'ORD006.10', 'pink', 1170, 1195, 7.7, 8.5, '2021-11-15 11:06:43', '2021-11-15 11:06:43'),
	('SCH2021111598e1', 1, 2, 'ORD009.10', 'grey', 1111, 1185, 8.7, 9.5, '2021-11-15 11:09:10', '2021-11-15 11:09:11'),
	('SCH2021111598i0', 1, 1, 'ORD002.10', 'whitesmoke', 1125, 1155, 8.7, 9.5, '2021-11-15 11:06:47', '2021-11-15 11:06:47'),
	('SCH2021111599l0', 1, 1, 'ORD001.10', 'yellow', 1069, 1090, 9.7, 10.5, '2021-11-15 11:06:50', '2021-11-15 11:06:50'),
	('SCH2021111599l1', 1, 2, 'ORD001.10', 'yellow', 1142, 1163, 9.7, 10.5, '2021-11-15 11:09:14', '2021-11-15 11:09:14'),
	('SCH2021111600e12', 10, 13, 'ORD019.1', 'grey', 0, 76, 0.7, 1.5, '2021-11-16 07:26:04', '2021-11-16 07:26:05'),
	('SCH2021111600e15', 10, 16, 'ORD019.1', 'grey', 0, 76, 0.7, 1.5, '2021-11-16 08:58:10', '2021-11-16 08:58:10'),
	('SCH2021111600e2', 1, 3, 'ORD019.1', 'grey', 0, 76, 0.7, 1.5, '2021-11-15 16:08:51', '2021-11-15 16:08:52'),
	('SCH2021111600e6', 1, 7, 'ORD019.1', 'grey', 0, 76, 0.7, 1.5, '2021-11-16 00:24:29', '2021-11-16 00:24:30'),
	('SCH2021111600i11', 10, 12, 'ORD012.1', 'whitesmoke', 0, 43, 0.7, 1.5, '2021-11-16 07:09:51', '2021-11-16 07:09:52'),
	('SCH2021111600i13', 1, 14, 'ORD012.1', 'whitesmoke', 0, 43, 0.7, 1.5, '2021-11-16 08:53:54', '2021-11-16 08:53:54'),
	('SCH2021111600i14', 1, 15, 'ORD012.1', 'whitesmoke', 0, 43, 0.7, 1.5, '2021-11-16 08:55:09', '2021-11-16 08:55:09'),
	('SCH2021111600i4', 1, 5, 'ORD012.1', 'whitesmoke', 0, 43, 0.7, 1.5, '2021-11-15 16:53:21', '2021-11-15 16:53:21'),
	('SCH2021111600i5', 10, 6, 'ORD012.1', 'whitesmoke', 0, 43, 0.7, 1.5, '2021-11-16 00:15:45', '2021-11-16 00:15:45'),
	('SCH2021111600i7', 1, 8, 'ORD012.1', 'whitesmoke', 0, 43, 0.7, 1.5, '2021-11-16 00:43:03', '2021-11-16 00:43:04'),
	('SCH2021111600i8', 1, 9, 'ORD012.1', 'whitesmoke', 0, 43, 0.7, 1.5, '2021-11-16 01:23:59', '2021-11-16 01:23:59'),
	('SCH2021111600i9', 10, 10, 'ORD012.1', 'whitesmoke', 0, 43, 0.7, 1.5, '2021-11-16 01:26:13', '2021-11-16 01:26:13'),
	('SCH2021111600l10', 1, 11, 'ORD011.1', 'yellow', 0, 29, 0.7, 1.5, '2021-11-16 02:00:33', '2021-11-16 02:00:33'),
	('SCH2021111600l16', 10, 17, 'ORD011.1', 'yellow', 0, 29, 0.7, 1.5, '2021-11-16 09:05:59', '2021-11-16 09:05:59'),
	('SCH2021111600l3', 10, 4, 'ORD011.1', 'yellow', 0, 29, 0.7, 1.5, '2021-11-15 16:11:22', '2021-11-15 16:11:22'),
	('SCH2021111601a11', 10, 12, 'ORD014.1', 'khaki', 0, 81, 1.7, 2.5, '2021-11-16 07:09:55', '2021-11-16 07:09:55'),
	('SCH2021111601a13', 1, 14, 'ORD014.1', 'khaki', 0, 81, 1.7, 2.5, '2021-11-16 08:53:54', '2021-11-16 08:53:54'),
	('SCH2021111601a16', 10, 17, 'ORD014.1', 'khaki', 0, 81, 1.7, 2.5, '2021-11-16 09:05:59', '2021-11-16 09:05:59'),
	('SCH2021111601a2', 1, 3, 'ORD014.1', 'khaki', 0, 81, 1.7, 2.5, '2021-11-15 16:08:55', '2021-11-15 16:08:55'),
	('SCH2021111601a9', 10, 10, 'ORD014.1', 'khaki', 0, 81, 1.7, 2.5, '2021-11-16 01:26:13', '2021-11-16 01:26:13'),
	('SCH2021111601c15', 10, 16, 'ORD020.1', '#8ca8df', 0, 85, 1.7, 2.5, '2021-11-16 08:58:10', '2021-11-16 08:58:10'),
	('SCH2021111601c6', 1, 7, 'ORD020.1', '#8ca8df', 0, 85, 1.7, 2.5, '2021-11-16 00:24:33', '2021-11-16 00:24:34'),
	('SCH2021111601c8', 1, 9, 'ORD020.1', '#8ca8df', 0, 85, 1.7, 2.5, '2021-11-16 01:23:59', '2021-11-16 01:23:59'),
	('SCH2021111601g10', 1, 11, 'ORD017.1', 'lightgreen', 0, 46, 1.7, 2.5, '2021-11-16 02:00:33', '2021-11-16 02:00:33'),
	('SCH2021111601g12', 10, 13, 'ORD017.1', 'lightgreen', 0, 46, 1.7, 2.5, '2021-11-16 07:26:08', '2021-11-16 07:26:08'),
	('SCH2021111601g14', 1, 15, 'ORD013.1', 'lightyellow', 0, 91, 1.7, 2.5, '2021-11-16 08:55:09', '2021-11-16 08:55:09'),
	('SCH2021111601g3', 10, 4, 'ORD017.1', 'lightgreen', 0, 46, 1.7, 2.5, '2021-11-15 16:11:26', '2021-11-15 16:11:26'),
	('SCH2021111601g4', 1, 5, 'ORD013.1', 'lightyellow', 0, 91, 1.7, 2.5, '2021-11-15 16:53:25', '2021-11-15 16:53:25'),
	('SCH2021111601g7', 1, 8, 'ORD013.1', 'lightyellow', 0, 91, 1.7, 2.5, '2021-11-16 00:43:07', '2021-11-16 00:43:07'),
	('SCH2021111601n5', 10, 6, 'ORD016.2', 'pink', 115, 117, 1.7, 2.5, '2021-11-16 00:15:45', '2021-11-16 00:15:45'),
	('SCH2021111602a10', 1, 11, 'ORD018.1', 'orange', 0, 31, 2.7, 3.5, '2021-11-16 02:00:34', '2021-11-16 02:00:34'),
	('SCH2021111602a12', 10, 13, 'ORD018.1', 'orange', 0, 31, 2.7, 3.5, '2021-11-16 07:26:12', '2021-11-16 07:26:12'),
	('SCH2021111602a5', 10, 6, 'ORD018.1', 'orange', 0, 31, 2.7, 3.5, '2021-11-16 00:15:45', '2021-11-16 00:15:45'),
	('SCH2021111602a9', 10, 10, 'ORD018.1', 'orange', 0, 31, 2.7, 3.5, '2021-11-16 01:26:14', '2021-11-16 01:26:14'),
	('SCH2021111602i14', 1, 15, 'ORD012.2', 'whitesmoke', 43, 133, 2.7, 3.5, '2021-11-16 08:55:09', '2021-11-16 08:55:09'),
	('SCH2021111602l13', 1, 14, 'ORD015.1', 'silver', 0, 14, 2.7, 3.5, '2021-11-16 08:53:55', '2021-11-16 08:53:55'),
	('SCH2021111602l7', 1, 8, 'ORD015.1', 'silver', 0, 14, 2.7, 3.5, '2021-11-16 00:43:11', '2021-11-16 00:43:11'),
	('SCH2021111602l8', 1, 9, 'ORD015.1', 'silver', 0, 14, 2.7, 3.5, '2021-11-16 01:24:00', '2021-11-16 01:24:00'),
	('SCH2021111602n11', 10, 12, 'ORD016.1', 'pink', 0, 84, 2.7, 3.5, '2021-11-16 07:09:58', '2021-11-16 07:09:59'),
	('SCH2021111602n15', 10, 16, 'ORD016.1', 'pink', 0, 84, 2.7, 3.5, '2021-11-16 08:58:10', '2021-11-16 08:58:10'),
	('SCH2021111602n16', 10, 17, 'ORD016.1', 'pink', 0, 84, 2.7, 3.5, '2021-11-16 09:05:59', '2021-11-16 09:05:59'),
	('SCH2021111602n2', 1, 3, 'ORD016.1', 'pink', 0, 84, 2.7, 3.5, '2021-11-15 16:08:58', '2021-11-15 16:08:59'),
	('SCH2021111602n3', 10, 4, 'ORD016.1', 'pink', 0, 84, 2.7, 3.5, '2021-11-15 16:11:29', '2021-11-15 16:11:30'),
	('SCH2021111602n4', 1, 5, 'ORD016.1', 'pink', 0, 84, 2.7, 3.5, '2021-11-15 16:53:28', '2021-11-15 16:53:28'),
	('SCH2021111602n6', 1, 7, 'ORD016.1', 'pink', 0, 84, 2.7, 3.5, '2021-11-16 00:24:37', '2021-11-16 00:24:37'),
	('SCH2021111603e12', 10, 13, 'ORD019.3', 'grey', 196, 272, 3.7, 4.5, '2021-11-16 07:26:15', '2021-11-16 07:26:16'),
	('SCH2021111603e13', 1, 14, 'ORD019.3', 'grey', 326, 402, 3.7, 4.5, '2021-11-16 08:53:55', '2021-11-16 08:53:55'),
	('SCH2021111603e15', 10, 16, 'ORD019.3', 'grey', 156, 232, 3.7, 4.5, '2021-11-16 08:58:11', '2021-11-16 08:58:11'),
	('SCH2021111603e8', 1, 9, 'ORD019.3', 'grey', 235, 311, 3.7, 4.5, '2021-11-16 01:24:00', '2021-11-16 01:24:00'),
	('SCH2021111603g14', 1, 15, 'ORD013.3', 'lightyellow', 204, 243, 3.7, 4.5, '2021-11-16 08:55:09', '2021-11-16 08:55:09'),
	('SCH2021111603g4', 1, 5, 'ORD013.3', 'lightyellow', 176, 215, 3.7, 4.5, '2021-11-15 16:53:32', '2021-11-15 16:53:32'),
	('SCH2021111603l10', 1, 11, 'ORD011.4', 'yellow', 214, 250, 3.7, 4.5, '2021-11-16 02:00:34', '2021-11-16 02:00:34'),
	('SCH2021111603l3', 10, 4, 'ORD011.4', 'yellow', 214, 250, 3.7, 4.5, '2021-11-15 16:11:33', '2021-11-15 16:11:33'),
	('SCH2021111603l7', 1, 8, 'ORD015.5', 'silver', 174, 200, 3.7, 4.5, '2021-11-16 00:43:14', '2021-11-16 00:43:14'),
	('SCH2021111603n11', 10, 12, 'ORD016.4', 'pink', 138, 233, 3.7, 4.5, '2021-11-16 07:10:02', '2021-11-16 07:10:02'),
	('SCH2021111603n16', 10, 17, 'ORD016.4', 'pink', 138, 233, 3.7, 4.5, '2021-11-16 09:06:00', '2021-11-16 09:06:00'),
	('SCH2021111603n2', 1, 3, 'ORD016.4', 'pink', 138, 233, 3.7, 4.5, '2021-11-15 16:09:02', '2021-11-15 16:09:02'),
	('SCH2021111603n5', 10, 6, 'ORD016.4', 'pink', 169, 264, 3.7, 4.5, '2021-11-16 00:15:45', '2021-11-16 00:15:45'),
	('SCH2021111603n6', 1, 7, 'ORD016.4', 'pink', 185, 280, 3.7, 4.5, '2021-11-16 00:24:41', '2021-11-16 00:24:41'),
	('SCH2021111603n9', 10, 10, 'ORD016.4', 'pink', 226, 321, 3.7, 4.5, '2021-11-16 01:26:14', '2021-11-16 01:26:14'),
	('SCH2021111604a2', 1, 3, 'ORD014.4', 'khaki', 270, 369, 4.7, 5.5, '2021-11-15 16:09:05', '2021-11-15 16:09:06'),
	('SCH2021111604i11', 10, 12, 'ORD012.3', 'whitesmoke', 219, 294, 4.7, 5.5, '2021-11-16 07:10:06', '2021-11-16 07:10:06'),
	('SCH2021111604i12', 10, 13, 'ORD012.3', 'whitesmoke', 209, 284, 4.7, 5.5, '2021-11-16 07:26:19', '2021-11-16 07:26:19'),
	('SCH2021111604i13', 1, 14, 'ORD012.3', 'whitesmoke', 283, 358, 4.7, 5.5, '2021-11-16 08:53:55', '2021-11-16 08:53:55'),
	('SCH2021111604i14', 1, 15, 'ORD012.3', 'whitesmoke', 133, 208, 4.7, 5.5, '2021-11-16 08:55:10', '2021-11-16 08:55:10'),
	('SCH2021111604i15', 10, 16, 'ORD012.3', 'whitesmoke', 209, 284, 4.7, 5.5, '2021-11-16 08:58:11', '2021-11-16 08:58:11'),
	('SCH2021111604i16', 10, 17, 'ORD012.3', 'whitesmoke', 205, 280, 4.7, 5.5, '2021-11-16 09:06:00', '2021-11-16 09:06:00'),
	('SCH2021111604i3', 10, 4, 'ORD012.3', 'whitesmoke', 174, 249, 4.7, 5.5, '2021-11-15 16:11:36', '2021-11-15 16:11:37'),
	('SCH2021111604i4', 1, 5, 'ORD012.3', 'whitesmoke', 174, 249, 4.7, 5.5, '2021-11-15 16:53:35', '2021-11-15 16:53:36'),
	('SCH2021111604i5', 10, 6, 'ORD012.3', 'whitesmoke', 205, 280, 4.7, 5.5, '2021-11-16 00:15:45', '2021-11-16 00:15:46'),
	('SCH2021111604i8', 1, 9, 'ORD012.3', 'whitesmoke', 188, 263, 4.7, 5.5, '2021-11-16 01:24:00', '2021-11-16 01:24:00'),
	('SCH2021111604i9', 10, 10, 'ORD012.3', 'whitesmoke', 314, 389, 4.7, 5.5, '2021-11-16 01:26:14', '2021-11-16 01:26:14'),
	('SCH2021111604l10', 1, 11, 'ORD011.5', 'yellow', 250, 348, 4.7, 5.5, '2021-11-16 02:00:34', '2021-11-16 02:00:34'),
	('SCH2021111604l6', 1, 7, 'ORD015.6', 'silver', 323, 392, 4.7, 5.5, '2021-11-16 00:24:44', '2021-11-16 00:24:45'),
	('SCH2021111604l7', 1, 8, 'ORD015.6', 'silver', 200, 269, 4.7, 5.5, '2021-11-16 00:43:18', '2021-11-16 00:43:18'),
	('SCH2021111605a14', 1, 15, 'ORD018.4', 'orange', 336, 410, 5.7, 6.5, '2021-11-16 08:55:10', '2021-11-16 08:55:10'),
	('SCH2021111605l7', 1, 8, 'ORD015.4', 'silver', 113, 174, 5.7, 6.5, '2021-11-16 00:43:21', '2021-11-16 00:43:22'),
	('SCH2021111605n10', 1, 11, 'ORD016.3', 'pink', 207, 259, 5.7, 6.5, '2021-11-16 02:00:34', '2021-11-16 02:00:34'),
	('SCH2021111605n11', 10, 12, 'ORD016.3', 'pink', 86, 138, 5.7, 6.5, '2021-11-16 07:10:09', '2021-11-16 07:10:10'),
	('SCH2021111605n12', 10, 13, 'ORD016.3', 'pink', 198, 250, 5.7, 6.5, '2021-11-16 07:26:23', '2021-11-16 07:26:23'),
	('SCH2021111605n13', 1, 14, 'ORD016.3', 'pink', 328, 380, 5.7, 6.5, '2021-11-16 08:53:55', '2021-11-16 08:53:55'),
	('SCH2021111605n15', 10, 16, 'ORD016.3', 'pink', 87, 139, 5.7, 6.5, '2021-11-16 08:58:11', '2021-11-16 08:58:11'),
	('SCH2021111605n16', 10, 17, 'ORD016.3', 'pink', 86, 138, 5.7, 6.5, '2021-11-16 09:06:00', '2021-11-16 09:06:00'),
	('SCH2021111605n2', 1, 3, 'ORD016.3', 'pink', 86, 138, 5.7, 6.5, '2021-11-15 16:09:09', '2021-11-15 16:09:09'),
	('SCH2021111605n3', 10, 4, 'ORD016.3', 'pink', 126, 178, 5.7, 6.5, '2021-11-15 16:11:40', '2021-11-15 16:11:40'),
	('SCH2021111605n4', 1, 5, 'ORD016.3', 'pink', 93, 145, 5.7, 6.5, '2021-11-15 16:53:39', '2021-11-15 16:53:39'),
	('SCH2021111605n5', 10, 6, 'ORD016.3', 'pink', 117, 169, 5.7, 6.5, '2021-11-16 00:15:46', '2021-11-16 00:15:46'),
	('SCH2021111605n6', 1, 7, 'ORD016.3', 'pink', 133, 185, 5.7, 6.5, '2021-11-16 00:24:48', '2021-11-16 00:24:48'),
	('SCH2021111605n8', 1, 9, 'ORD016.3', 'pink', 237, 289, 5.7, 6.5, '2021-11-16 01:24:00', '2021-11-16 01:24:00'),
	('SCH2021111605n9', 10, 10, 'ORD016.3', 'pink', 174, 226, 5.7, 6.5, '2021-11-16 01:26:14', '2021-11-16 01:26:14'),
	('SCH2021111606a11', 10, 12, 'ORD018.6', 'orange', 367, 455, 6.7, 7.5, '2021-11-16 07:10:13', '2021-11-16 07:10:13'),
	('SCH2021111606a14', 1, 15, 'ORD018.6', 'orange', 442, 530, 6.7, 7.5, '2021-11-16 08:55:10', '2021-11-16 08:55:10'),
	('SCH2021111606a2', 1, 3, 'ORD014.5', 'khaki', 369, 378, 6.7, 7.5, '2021-11-15 16:09:12', '2021-11-15 16:09:13'),
	('SCH2021111606a5', 10, 6, 'ORD018.6', 'orange', 315, 403, 6.7, 7.5, '2021-11-16 00:15:46', '2021-11-16 00:15:46'),
	('SCH2021111606c13', 1, 14, 'ORD020.4', '#8ca8df', 344, 351, 6.7, 7.5, '2021-11-16 08:53:56', '2021-11-16 08:53:56'),
	('SCH2021111606c16', 10, 17, 'ORD020.4', '#8ca8df', 414, 421, 6.7, 7.5, '2021-11-16 09:06:00', '2021-11-16 09:06:00'),
	('SCH2021111606c6', 1, 7, 'ORD020.4', '#8ca8df', 370, 377, 6.7, 7.5, '2021-11-16 00:24:52', '2021-11-16 00:24:52'),
	('SCH2021111606c8', 1, 9, 'ORD020.4', '#8ca8df', 375, 382, 6.7, 7.5, '2021-11-16 01:24:00', '2021-11-16 01:24:00'),
	('SCH2021111606c9', 10, 10, 'ORD020.4', '#8ca8df', 375, 382, 6.7, 7.5, '2021-11-16 01:26:15', '2021-11-16 01:26:15'),
	('SCH2021111606e15', 10, 16, 'ORD019.7', 'grey', 379, 419, 6.7, 7.5, '2021-11-16 08:58:11', '2021-11-16 08:58:11'),
	('SCH2021111606e7', 1, 8, 'ORD019.7', 'grey', 486, 526, 6.7, 7.5, '2021-11-16 00:43:25', '2021-11-16 00:43:25'),
	('SCH2021111606g10', 1, 11, 'ORD017.5', 'lightgreen', 324, 356, 6.7, 7.5, '2021-11-16 02:00:34', '2021-11-16 02:00:34'),
	('SCH2021111606g12', 10, 13, 'ORD017.5', 'lightgreen', 346, 378, 6.7, 7.5, '2021-11-16 07:26:26', '2021-11-16 07:26:26'),
	('SCH2021111606l3', 10, 4, 'ORD011.7', 'yellow', 359, 421, 6.7, 7.5, '2021-11-15 16:11:43', '2021-11-15 16:11:43'),
	('SCH2021111606n4', 1, 5, 'ORD016.8', 'pink', 477, 542, 6.7, 7.5, '2021-11-15 16:53:42', '2021-11-15 16:53:43'),
	('SCH2021111607a10', 1, 11, 'ORD014.7', 'khaki', 638, 723, 7.7, 8.5, '2021-11-16 02:00:35', '2021-11-16 02:00:35'),
	('SCH2021111607a12', 10, 13, 'ORD014.7', 'khaki', 535, 620, 7.7, 8.5, '2021-11-16 07:26:30', '2021-11-16 07:26:30'),
	('SCH2021111607a8', 1, 9, 'ORD014.7', 'khaki', 573, 658, 7.7, 8.5, '2021-11-16 01:24:01', '2021-11-16 01:24:01'),
	('SCH2021111607a9', 10, 10, 'ORD014.7', 'khaki', 655, 740, 7.7, 8.5, '2021-11-16 01:26:15', '2021-11-16 01:26:15'),
	('SCH2021111607e11', 10, 12, 'ORD019.8', 'grey', 686, 775, 7.7, 8.5, '2021-11-16 07:10:16', '2021-11-16 07:10:17'),
	('SCH2021111607e15', 10, 16, 'ORD019.8', 'grey', 419, 508, 7.7, 8.5, '2021-11-16 08:58:12', '2021-11-16 08:58:12'),
	('SCH2021111607g13', 1, 14, 'ORD013.7', 'lightyellow', 615, 627, 7.7, 8.5, '2021-11-16 08:53:56', '2021-11-16 08:53:56'),
	('SCH2021111607g14', 1, 15, 'ORD013.7', 'lightyellow', 532, 544, 7.7, 8.5, '2021-11-16 08:55:10', '2021-11-16 08:55:10'),
	('SCH2021111607g5', 10, 6, 'ORD017.9', 'lightgreen', 597, 627, 7.7, 8.5, '2021-11-16 00:15:46', '2021-11-16 00:15:46'),
	('SCH2021111607i4', 1, 5, 'ORD012.9', 'whitesmoke', 653, 725, 7.7, 8.5, '2021-11-15 16:53:46', '2021-11-15 16:53:46'),
	('SCH2021111607l16', 10, 17, 'ORD011.8', 'yellow', 483, 539, 7.7, 8.5, '2021-11-16 09:06:01', '2021-11-16 09:06:01'),
	('SCH2021111607l2', 1, 3, 'ORD015.8', 'silver', 537, 586, 7.7, 8.5, '2021-11-15 16:09:16', '2021-11-15 16:09:16'),
	('SCH2021111607l3', 10, 4, 'ORD011.8', 'yellow', 421, 477, 7.7, 8.5, '2021-11-15 16:11:47', '2021-11-15 16:11:47'),
	('SCH2021111607l6', 1, 7, 'ORD015.8', 'silver', 510, 559, 7.7, 8.5, '2021-11-16 00:24:55', '2021-11-16 00:24:55'),
	('SCH2021111607l7', 1, 8, 'ORD015.8', 'silver', 290, 339, 7.7, 8.5, '2021-11-16 00:43:28', '2021-11-16 00:43:29'),
	('SCH2021111608a11', 10, 12, 'ORD018.7', 'orange', 455, 474, 8.7, 9.5, '2021-11-16 07:10:20', '2021-11-16 07:10:20'),
	('SCH2021111608c13', 1, 14, 'ORD020.5', '#8ca8df', 351, 415, 8.7, 9.5, '2021-11-16 08:53:56', '2021-11-16 08:53:56'),
	('SCH2021111608c6', 1, 7, 'ORD020.5', '#8ca8df', 377, 441, 8.7, 9.5, '2021-11-16 00:24:59', '2021-11-16 00:24:59'),
	('SCH2021111608g14', 1, 15, 'ORD013.5', 'lightyellow', 347, 437, 8.7, 9.5, '2021-11-16 08:55:11', '2021-11-16 08:55:11'),
	('SCH2021111608l7', 1, 8, 'ORD015.7', 'silver', 269, 290, 8.7, 9.5, '2021-11-16 00:43:32', '2021-11-16 00:43:32'),
	('SCH2021111608n10', 1, 11, 'ORD016.5', 'pink', 406, 454, 8.7, 9.5, '2021-11-16 02:00:35', '2021-11-16 02:00:35'),
	('SCH2021111608n12', 10, 13, 'ORD016.5', 'pink', 428, 476, 8.7, 9.5, '2021-11-16 07:26:33', '2021-11-16 07:26:34'),
	('SCH2021111608n15', 10, 16, 'ORD016.5', 'pink', 395, 443, 8.7, 9.5, '2021-11-16 08:58:12', '2021-11-16 08:58:12'),
	('SCH2021111608n16', 10, 17, 'ORD016.5', 'pink', 233, 281, 8.7, 9.5, '2021-11-16 09:06:01', '2021-11-16 09:06:01'),
	('SCH2021111608n2', 1, 3, 'ORD016.5', 'pink', 233, 281, 8.7, 9.5, '2021-11-15 16:09:19', '2021-11-15 16:09:19'),
	('SCH2021111608n3', 10, 4, 'ORD016.5', 'pink', 345, 393, 8.7, 9.5, '2021-11-15 16:11:50', '2021-11-15 16:11:50'),
	('SCH2021111608n4', 1, 5, 'ORD016.5', 'pink', 310, 358, 8.7, 9.5, '2021-11-15 16:53:50', '2021-11-15 16:53:50'),
	('SCH2021111608n5', 10, 6, 'ORD016.5', 'pink', 264, 312, 8.7, 9.5, '2021-11-16 00:15:47', '2021-11-16 00:15:47'),
	('SCH2021111608n8', 1, 9, 'ORD016.5', 'pink', 406, 454, 8.7, 9.5, '2021-11-16 01:24:01', '2021-11-16 01:24:01'),
	('SCH2021111608n9', 10, 10, 'ORD016.5', 'pink', 321, 369, 8.7, 9.5, '2021-11-16 01:26:15', '2021-11-16 01:26:15'),
	('SCH2021111609c13', 1, 14, 'ORD020.6', '#8ca8df', 415, 491, 9.7, 10.5, '2021-11-16 08:53:56', '2021-11-16 08:53:56'),
	('SCH2021111609c6', 1, 7, 'ORD020.6', '#8ca8df', 441, 517, 9.7, 10.5, '2021-11-16 00:25:02', '2021-11-16 00:25:03'),
	('SCH2021111609e15', 10, 16, 'ORD019.6', 'grey', 368, 379, 9.7, 10.5, '2021-11-16 08:58:12', '2021-11-16 08:58:12'),
	('SCH2021111609e7', 1, 8, 'ORD019.6', 'grey', 475, 486, 9.7, 10.5, '2021-11-16 00:43:35', '2021-11-16 00:43:36'),
	('SCH2021111609i10', 1, 11, 'ORD012.4', 'whitesmoke', 423, 434, 9.7, 10.5, '2021-11-16 02:00:35', '2021-11-16 02:00:35'),
	('SCH2021111609i11', 10, 12, 'ORD012.4', 'whitesmoke', 294, 305, 9.7, 10.5, '2021-11-16 07:10:24', '2021-11-16 07:10:24'),
	('SCH2021111609i12', 10, 13, 'ORD012.4', 'whitesmoke', 284, 295, 9.7, 10.5, '2021-11-16 07:26:37', '2021-11-16 07:26:37'),
	('SCH2021111609i14', 1, 15, 'ORD012.4', 'whitesmoke', 208, 219, 9.7, 10.5, '2021-11-16 08:55:11', '2021-11-16 08:55:11'),
	('SCH2021111609i3', 10, 4, 'ORD012.4', 'whitesmoke', 249, 260, 9.7, 10.5, '2021-11-15 16:11:54', '2021-11-15 16:11:54'),
	('SCH2021111609i4', 1, 5, 'ORD012.4', 'whitesmoke', 249, 260, 9.7, 10.5, '2021-11-15 16:53:53', '2021-11-15 16:53:54'),
	('SCH2021111609i5', 10, 6, 'ORD012.4', 'whitesmoke', 280, 291, 9.7, 10.5, '2021-11-16 00:15:47', '2021-11-16 00:15:47'),
	('SCH2021111609i8', 1, 9, 'ORD012.4', 'whitesmoke', 263, 274, 9.7, 10.5, '2021-11-16 01:24:01', '2021-11-16 01:24:01'),
	('SCH2021111609i9', 10, 10, 'ORD012.4', 'whitesmoke', 389, 400, 9.7, 10.5, '2021-11-16 01:26:15', '2021-11-16 01:26:15'),
	('SCH2021111609n16', 10, 17, 'ORD016.6', 'pink', 281, 353, 9.7, 10.5, '2021-11-16 09:06:01', '2021-11-16 09:06:01'),
	('SCH2021111609n2', 1, 3, 'ORD016.6', 'pink', 281, 353, 9.7, 10.5, '2021-11-15 16:09:23', '2021-11-15 16:09:23'),
	('SCH2021111610a5', 10, 6, 'ORD018.2', 'orange', 43, 129, 0.7, 1.5, '2021-11-16 00:15:45', '2021-11-16 00:15:45'),
	('SCH2021111610e11', 10, 12, 'ORD019.1', 'grey', 43, 119, 0.7, 1.5, '2021-11-16 07:09:52', '2021-11-16 07:09:52'),
	('SCH2021111610e14', 1, 15, 'ORD019.1', 'grey', 43, 119, 0.7, 1.5, '2021-11-16 08:55:09', '2021-11-16 08:55:09'),
	('SCH2021111610e8', 1, 9, 'ORD019.1', 'grey', 43, 119, 0.7, 1.5, '2021-11-16 01:23:59', '2021-11-16 01:23:59'),
	('SCH2021111610e9', 10, 10, 'ORD019.1', 'grey', 43, 119, 0.7, 1.5, '2021-11-16 01:26:13', '2021-11-16 01:26:13'),
	('SCH2021111610g4', 1, 5, 'ORD013.2', 'lightyellow', 91, 176, 0.7, 1.5, '2021-11-15 16:53:21', '2021-11-15 16:53:22'),
	('SCH2021111610i10', 1, 11, 'ORD012.1', 'whitesmoke', 29, 72, 0.7, 1.5, '2021-11-16 02:00:33', '2021-11-16 02:00:33'),
	('SCH2021111610i12', 10, 13, 'ORD012.1', 'whitesmoke', 76, 119, 0.7, 1.5, '2021-11-16 07:26:05', '2021-11-16 07:26:05'),
	('SCH2021111610i15', 10, 16, 'ORD012.1', 'whitesmoke', 76, 119, 0.7, 1.5, '2021-11-16 08:58:10', '2021-11-16 08:58:10'),
	('SCH2021111610i16', 10, 17, 'ORD012.1', 'whitesmoke', 29, 72, 0.7, 1.5, '2021-11-16 09:05:59', '2021-11-16 09:05:59'),
	('SCH2021111610i3', 10, 4, 'ORD012.1', 'whitesmoke', 29, 72, 0.7, 1.5, '2021-11-15 16:11:23', '2021-11-15 16:11:23'),
	('SCH2021111610l13', 1, 14, 'ORD011.1', 'yellow', 43, 72, 0.7, 1.5, '2021-11-16 08:53:54', '2021-11-16 08:53:54'),
	('SCH2021111610l2', 1, 3, 'ORD015.2', 'silver', 193, 199, 0.7, 1.5, '2021-11-15 16:08:52', '2021-11-15 16:08:52'),
	('SCH2021111610l6', 1, 7, 'ORD011.1', 'yellow', 76, 105, 0.7, 1.5, '2021-11-16 00:24:30', '2021-11-16 00:24:30'),
	('SCH2021111610l7', 1, 8, 'ORD011.1', 'yellow', 43, 72, 0.7, 1.5, '2021-11-16 00:43:04', '2021-11-16 00:43:04'),
	('SCH2021111611a12', 10, 13, 'ORD014.1', 'khaki', 46, 127, 1.7, 2.5, '2021-11-16 07:26:08', '2021-11-16 07:26:09'),
	('SCH2021111611a14', 1, 15, 'ORD014.1', 'khaki', 91, 172, 1.7, 2.5, '2021-11-16 08:55:09', '2021-11-16 08:55:09'),
	('SCH2021111611a8', 1, 9, 'ORD014.1', 'khaki', 85, 166, 1.7, 2.5, '2021-11-16 01:23:59', '2021-11-16 01:23:59'),
	('SCH2021111611g13', 1, 14, 'ORD013.1', 'lightyellow', 81, 172, 1.7, 2.5, '2021-11-16 08:53:54', '2021-11-16 08:53:54'),
	('SCH2021111611g5', 10, 6, 'ORD017.1', 'lightgreen', 117, 163, 1.7, 2.5, '2021-11-16 00:15:45', '2021-11-16 00:15:45'),
	('SCH2021111611g6', 1, 7, 'ORD017.1', 'lightgreen', 85, 131, 1.7, 2.5, '2021-11-16 00:24:34', '2021-11-16 00:24:34'),
	('SCH2021111611g9', 10, 10, 'ORD013.1', 'lightyellow', 81, 172, 1.7, 2.5, '2021-11-16 01:26:13', '2021-11-16 01:26:14'),
	('SCH2021111611l10', 1, 11, 'ORD011.2', 'yellow', 46, 124, 1.7, 2.5, '2021-11-16 02:00:33', '2021-11-16 02:00:33'),
	('SCH2021111611l3', 10, 4, 'ORD011.2', 'yellow', 46, 124, 1.7, 2.5, '2021-11-15 16:11:26', '2021-11-15 16:11:26'),
	('SCH2021111611l7', 1, 8, 'ORD015.3', 'silver', 91, 113, 1.7, 2.5, '2021-11-16 00:43:07', '2021-11-16 00:43:08'),
	('SCH2021111611n11', 10, 12, 'ORD016.2', 'pink', 84, 86, 1.7, 2.5, '2021-11-16 07:09:55', '2021-11-16 07:09:56'),
	('SCH2021111611n15', 10, 16, 'ORD016.2', 'pink', 85, 87, 1.7, 2.5, '2021-11-16 08:58:10', '2021-11-16 08:58:10'),
	('SCH2021111611n16', 10, 17, 'ORD016.2', 'pink', 84, 86, 1.7, 2.5, '2021-11-16 09:05:59', '2021-11-16 09:05:59'),
	('SCH2021111611n2', 1, 3, 'ORD016.2', 'pink', 84, 86, 1.7, 2.5, '2021-11-15 16:08:55', '2021-11-15 16:08:56'),
	('SCH2021111611n4', 1, 5, 'ORD016.2', 'pink', 91, 93, 1.7, 2.5, '2021-11-15 16:53:25', '2021-11-15 16:53:25'),
	('SCH2021111612a14', 1, 15, 'ORD018.1', 'orange', 133, 164, 2.7, 3.5, '2021-11-16 08:55:09', '2021-11-16 08:55:09'),
	('SCH2021111612a16', 10, 17, 'ORD018.1', 'orange', 84, 115, 2.7, 3.5, '2021-11-16 09:05:59', '2021-11-16 09:06:00'),
	('SCH2021111612a2', 1, 3, 'ORD014.2', 'khaki', 84, 179, 2.7, 3.5, '2021-11-15 16:08:59', '2021-11-15 16:08:59'),
	('SCH2021111612a7', 1, 8, 'ORD018.1', 'orange', 14, 45, 2.7, 3.5, '2021-11-16 00:43:11', '2021-11-16 00:43:11'),
	('SCH2021111612i3', 10, 4, 'ORD012.2', 'whitesmoke', 84, 174, 2.7, 3.5, '2021-11-15 16:11:30', '2021-11-15 16:11:30'),
	('SCH2021111612i4', 1, 5, 'ORD012.2', 'whitesmoke', 84, 174, 2.7, 3.5, '2021-11-15 16:53:29', '2021-11-15 16:53:29'),
	('SCH2021111612l11', 10, 12, 'ORD015.1', 'silver', 84, 98, 2.7, 3.5, '2021-11-16 07:09:59', '2021-11-16 07:09:59'),
	('SCH2021111612l15', 10, 16, 'ORD015.1', 'silver', 84, 98, 2.7, 3.5, '2021-11-16 08:58:10', '2021-11-16 08:58:10'),
	('SCH2021111612l6', 1, 7, 'ORD015.1', 'silver', 84, 98, 2.7, 3.5, '2021-11-16 00:24:37', '2021-11-16 00:24:38'),
	('SCH2021111612n10', 1, 11, 'ORD016.1', 'pink', 31, 115, 2.7, 3.5, '2021-11-16 02:00:34', '2021-11-16 02:00:34'),
	('SCH2021111612n12', 10, 13, 'ORD016.1', 'pink', 31, 115, 2.7, 3.5, '2021-11-16 07:26:12', '2021-11-16 07:26:12'),
	('SCH2021111612n13', 1, 14, 'ORD016.1', 'pink', 14, 98, 2.7, 3.5, '2021-11-16 08:53:55', '2021-11-16 08:53:55'),
	('SCH2021111612n5', 10, 6, 'ORD016.1', 'pink', 31, 115, 2.7, 3.5, '2021-11-16 00:15:45', '2021-11-16 00:15:45'),
	('SCH2021111612n8', 1, 9, 'ORD016.1', 'pink', 14, 98, 2.7, 3.5, '2021-11-16 01:24:00', '2021-11-16 01:24:00'),
	('SCH2021111612n9', 10, 10, 'ORD016.1', 'pink', 31, 115, 2.7, 3.5, '2021-11-16 01:26:14', '2021-11-16 01:26:14'),
	('SCH2021111613e11', 10, 12, 'ORD019.3', 'grey', 233, 309, 3.7, 4.5, '2021-11-16 07:10:02', '2021-11-16 07:10:03'),
	('SCH2021111613e14', 1, 15, 'ORD019.3', 'grey', 287, 363, 3.7, 4.5, '2021-11-16 08:55:09', '2021-11-16 08:55:10'),
	('SCH2021111613e2', 1, 3, 'ORD019.3', 'grey', 233, 309, 3.7, 4.5, '2021-11-15 16:09:02', '2021-11-15 16:09:03'),
	('SCH2021111613e7', 1, 8, 'ORD019.3', 'grey', 263, 339, 3.7, 4.5, '2021-11-16 00:43:14', '2021-11-16 00:43:15'),
	('SCH2021111613e9', 10, 10, 'ORD019.3', 'grey', 328, 404, 3.7, 4.5, '2021-11-16 01:26:14', '2021-11-16 01:26:14'),
	('SCH2021111613g10', 1, 11, 'ORD017.3', 'lightgreen', 250, 311, 3.7, 4.5, '2021-11-16 02:00:34', '2021-11-16 02:00:34'),
	('SCH2021111613g12', 10, 13, 'ORD017.3', 'lightgreen', 272, 333, 3.7, 4.5, '2021-11-16 07:26:16', '2021-11-16 07:26:16'),
	('SCH2021111613g13', 1, 14, 'ORD013.3', 'lightyellow', 402, 441, 3.7, 4.5, '2021-11-16 08:53:55', '2021-11-16 08:53:55'),
	('SCH2021111613g15', 10, 16, 'ORD017.3', 'lightgreen', 239, 300, 3.7, 4.5, '2021-11-16 08:58:11', '2021-11-16 08:58:11'),
	('SCH2021111613g5', 10, 6, 'ORD017.3', 'lightgreen', 264, 325, 3.7, 4.5, '2021-11-16 00:15:45', '2021-11-16 00:15:45'),
	('SCH2021111613l16', 10, 17, 'ORD011.4', 'yellow', 258, 294, 3.7, 4.5, '2021-11-16 09:06:00', '2021-11-16 09:06:00'),
	('SCH2021111613l6', 1, 7, 'ORD015.5', 'silver', 297, 323, 3.7, 4.5, '2021-11-16 00:24:41', '2021-11-16 00:24:41'),
	('SCH2021111613n3', 10, 4, 'ORD016.4', 'pink', 250, 345, 3.7, 4.5, '2021-11-15 16:11:33', '2021-11-15 16:11:33'),
	('SCH2021111613n4', 1, 5, 'ORD016.4', 'pink', 215, 310, 3.7, 4.5, '2021-11-15 16:53:32', '2021-11-15 16:53:32'),
	('SCH2021111613n8', 1, 9, 'ORD016.4', 'pink', 311, 406, 3.7, 4.5, '2021-11-16 01:24:00', '2021-11-16 01:24:00'),
	('SCH2021111614a11', 10, 12, 'ORD018.5', 'orange', 335, 367, 4.7, 5.5, '2021-11-16 07:10:06', '2021-11-16 07:10:06'),
	('SCH2021111614a12', 10, 13, 'ORD014.4', 'khaki', 375, 474, 4.7, 5.5, '2021-11-16 07:26:19', '2021-11-16 07:26:20'),
	('SCH2021111614a13', 1, 14, 'ORD014.4', 'khaki', 426, 525, 4.7, 5.5, '2021-11-16 08:53:55', '2021-11-16 08:53:55'),
	('SCH2021111614a14', 1, 15, 'ORD018.5', 'orange', 410, 442, 4.7, 5.5, '2021-11-16 08:55:10', '2021-11-16 08:55:10'),
	('SCH2021111614a5', 10, 6, 'ORD018.5', 'orange', 283, 315, 4.7, 5.5, '2021-11-16 00:15:46', '2021-11-16 00:15:46'),
	('SCH2021111614a6', 1, 7, 'ORD018.5', 'orange', 392, 424, 4.7, 5.5, '2021-11-16 00:24:45', '2021-11-16 00:24:45'),
	('SCH2021111614a7', 1, 8, 'ORD014.4', 'khaki', 385, 484, 4.7, 5.5, '2021-11-16 00:43:18', '2021-11-16 00:43:18'),
	('SCH2021111614a8', 1, 9, 'ORD014.4', 'khaki', 413, 512, 4.7, 5.5, '2021-11-16 01:24:00', '2021-11-16 01:24:00'),
	('SCH2021111614a9', 10, 10, 'ORD014.4', 'khaki', 389, 488, 4.7, 5.5, '2021-11-16 01:26:14', '2021-11-16 01:26:14'),
	('SCH2021111614i10', 1, 11, 'ORD012.3', 'whitesmoke', 348, 423, 4.7, 5.5, '2021-11-16 02:00:34', '2021-11-16 02:00:34'),
	('SCH2021111614l15', 10, 16, 'ORD015.6', 'silver', 529, 598, 4.7, 5.5, '2021-11-16 08:58:11', '2021-11-16 08:58:11'),
	('SCH2021111614l16', 10, 17, 'ORD011.5', 'yellow', 294, 392, 4.7, 5.5, '2021-11-16 09:06:00', '2021-11-16 09:06:00'),
	('SCH2021111614l2', 1, 3, 'ORD015.6', 'silver', 447, 516, 4.7, 5.5, '2021-11-15 16:09:06', '2021-11-15 16:09:06'),
	('SCH2021111614l3', 10, 4, 'ORD011.5', 'yellow', 250, 348, 4.7, 5.5, '2021-11-15 16:11:37', '2021-11-15 16:11:37'),
	('SCH2021111614l4', 1, 5, 'ORD011.5', 'yellow', 429, 527, 4.7, 5.5, '2021-11-15 16:53:36', '2021-11-15 16:53:36'),
	('SCH2021111615a11', 10, 12, 'ORD018.4', 'orange', 261, 335, 5.7, 6.5, '2021-11-16 07:10:10', '2021-11-16 07:10:10'),
	('SCH2021111615a5', 10, 6, 'ORD018.4', 'orange', 209, 283, 5.7, 6.5, '2021-11-16 00:15:46', '2021-11-16 00:15:46'),
	('SCH2021111615e12', 10, 13, 'ORD019.4', 'grey', 272, 323, 5.7, 6.5, '2021-11-16 07:26:23', '2021-11-16 07:26:23'),
	('SCH2021111615e13', 1, 14, 'ORD019.4', 'grey', 402, 453, 5.7, 6.5, '2021-11-16 08:53:55', '2021-11-16 08:53:55'),
	('SCH2021111615e14', 1, 15, 'ORD019.4', 'grey', 410, 461, 5.7, 6.5, '2021-11-16 08:55:10', '2021-11-16 08:55:10'),
	('SCH2021111615e15', 10, 16, 'ORD019.4', 'grey', 232, 283, 5.7, 6.5, '2021-11-16 08:58:11', '2021-11-16 08:58:11'),
	('SCH2021111615e2', 1, 3, 'ORD019.4', 'grey', 309, 360, 5.7, 6.5, '2021-11-15 16:09:09', '2021-11-15 16:09:09'),
	('SCH2021111615e7', 1, 8, 'ORD019.4', 'grey', 339, 390, 5.7, 6.5, '2021-11-16 00:43:22', '2021-11-16 00:43:22'),
	('SCH2021111615e8', 1, 9, 'ORD019.4', 'grey', 311, 362, 5.7, 6.5, '2021-11-16 01:24:00', '2021-11-16 01:24:00'),
	('SCH2021111615l10', 1, 11, 'ORD011.6', 'yellow', 348, 359, 5.7, 6.5, '2021-11-16 02:00:34', '2021-11-16 02:00:34'),
	('SCH2021111615l16', 10, 17, 'ORD011.6', 'yellow', 392, 403, 5.7, 6.5, '2021-11-16 09:06:00', '2021-11-16 09:06:00'),
	('SCH2021111615l3', 10, 4, 'ORD011.6', 'yellow', 348, 359, 5.7, 6.5, '2021-11-15 16:11:40', '2021-11-15 16:11:40'),
	('SCH2021111615l4', 1, 5, 'ORD011.6', 'yellow', 527, 538, 5.7, 6.5, '2021-11-15 16:53:39', '2021-11-15 16:53:40'),
	('SCH2021111615l6', 1, 7, 'ORD015.4', 'silver', 236, 297, 5.7, 6.5, '2021-11-16 00:24:48', '2021-11-16 00:24:49'),
	('SCH2021111615l9', 10, 10, 'ORD015.4', 'silver', 428, 489, 5.7, 6.5, '2021-11-16 01:26:14', '2021-11-16 01:26:14'),
	('SCH2021111616a12', 10, 13, 'ORD014.5', 'khaki', 474, 483, 6.7, 7.5, '2021-11-16 07:26:26', '2021-11-16 07:26:27'),
	('SCH2021111616a13', 1, 14, 'ORD014.5', 'khaki', 525, 534, 6.7, 7.5, '2021-11-16 08:53:56', '2021-11-16 08:53:56'),
	('SCH2021111616a14', 1, 15, 'ORD014.5', 'khaki', 541, 550, 6.7, 7.5, '2021-11-16 08:55:10', '2021-11-16 08:55:10'),
	('SCH2021111616a6', 1, 7, 'ORD018.6', 'orange', 424, 512, 6.7, 7.5, '2021-11-16 00:24:52', '2021-11-16 00:24:52'),
	('SCH2021111616a7', 1, 8, 'ORD014.5', 'khaki', 526, 535, 6.7, 7.5, '2021-11-16 00:43:25', '2021-11-16 00:43:25'),
	('SCH2021111616a8', 1, 9, 'ORD014.5', 'khaki', 512, 521, 6.7, 7.5, '2021-11-16 01:24:00', '2021-11-16 01:24:00'),
	('SCH2021111616c2', 1, 3, 'ORD020.4', '#8ca8df', 596, 603, 6.7, 7.5, '2021-11-15 16:09:13', '2021-11-15 16:09:13'),
	('SCH2021111616c3', 10, 4, 'ORD020.4', '#8ca8df', 457, 464, 6.7, 7.5, '2021-11-15 16:11:44', '2021-11-15 16:11:44'),
	('SCH2021111616g11', 10, 12, 'ORD017.5', 'lightgreen', 455, 487, 6.7, 7.5, '2021-11-16 07:10:13', '2021-11-16 07:10:13'),
	('SCH2021111616g15', 10, 16, 'ORD017.5', 'lightgreen', 419, 451, 6.7, 7.5, '2021-11-16 08:58:11', '2021-11-16 08:58:11'),
	('SCH2021111616g5', 10, 6, 'ORD017.5', 'lightgreen', 403, 435, 6.7, 7.5, '2021-11-16 00:15:46', '2021-11-16 00:15:46'),
	('SCH2021111616i4', 1, 5, 'ORD012.7', 'whitesmoke', 542, 588, 6.7, 7.5, '2021-11-15 16:53:43', '2021-11-15 16:53:43'),
	('SCH2021111616i9', 10, 10, 'ORD012.7', 'whitesmoke', 548, 594, 6.7, 7.5, '2021-11-16 01:26:15', '2021-11-16 01:26:15'),
	('SCH2021111616l10', 1, 11, 'ORD011.7', 'yellow', 359, 421, 6.7, 7.5, '2021-11-16 02:00:34', '2021-11-16 02:00:35'),
	('SCH2021111616l16', 10, 17, 'ORD011.7', 'yellow', 421, 483, 6.7, 7.5, '2021-11-16 09:06:00', '2021-11-16 09:06:00'),
	('SCH2021111617a14', 1, 15, 'ORD018.9', 'orange', 597, 633, 7.7, 8.5, '2021-11-16 08:55:10', '2021-11-16 08:55:10'),
	('SCH2021111617a16', 10, 17, 'ORD014.7', 'khaki', 635, 720, 7.7, 8.5, '2021-11-16 09:06:01', '2021-11-16 09:06:01'),
	('SCH2021111617a2', 1, 3, 'ORD014.7', 'khaki', 586, 671, 7.7, 8.5, '2021-11-15 16:09:16', '2021-11-15 16:09:16'),
	('SCH2021111617a3', 10, 4, 'ORD014.7', 'khaki', 730, 815, 7.7, 8.5, '2021-11-15 16:11:47', '2021-11-15 16:11:47'),
	('SCH2021111617a6', 1, 7, 'ORD014.7', 'khaki', 695, 780, 7.7, 8.5, '2021-11-16 00:24:56', '2021-11-16 00:24:56'),
	('SCH2021111617e13', 1, 14, 'ORD019.8', 'grey', 660, 749, 7.7, 8.5, '2021-11-16 08:53:56', '2021-11-16 08:53:56'),
	('SCH2021111617e7', 1, 8, 'ORD019.8', 'grey', 526, 615, 7.7, 8.5, '2021-11-16 00:43:29', '2021-11-16 00:43:29'),
	('SCH2021111617e8', 1, 9, 'ORD019.8', 'grey', 727, 816, 7.7, 8.5, '2021-11-16 01:24:01', '2021-11-16 01:24:01'),
	('SCH2021111617g10', 1, 11, 'ORD017.9', 'lightgreen', 727, 757, 7.7, 8.5, '2021-11-16 02:00:35', '2021-11-16 02:00:35'),
	('SCH2021111617g11', 10, 12, 'ORD013.7', 'lightyellow', 775, 787, 7.7, 8.5, '2021-11-16 07:10:17', '2021-11-16 07:10:17'),
	('SCH2021111617g12', 10, 13, 'ORD017.9', 'lightgreen', 624, 654, 7.7, 8.5, '2021-11-16 07:26:30', '2021-11-16 07:26:30'),
	('SCH2021111617g15', 10, 16, 'ORD013.7', 'lightyellow', 747, 759, 7.7, 8.5, '2021-11-16 08:58:12', '2021-11-16 08:58:12'),
	('SCH2021111617g4', 1, 5, 'ORD013.7', 'lightyellow', 725, 737, 7.7, 8.5, '2021-11-15 16:53:46', '2021-11-15 16:53:47'),
	('SCH2021111617i5', 10, 6, 'ORD012.9', 'whitesmoke', 664, 736, 7.7, 8.5, '2021-11-16 00:15:46', '2021-11-16 00:15:46'),
	('SCH2021111617i9', 10, 10, 'ORD012.9', 'whitesmoke', 740, 812, 7.7, 8.5, '2021-11-16 01:26:15', '2021-11-16 01:26:15'),
	('SCH2021111618a10', 1, 11, 'ORD014.6', 'khaki', 586, 638, 8.7, 9.5, '2021-11-16 02:00:35', '2021-11-16 02:00:35'),
	('SCH2021111618a12', 10, 13, 'ORD014.6', 'khaki', 483, 535, 8.7, 9.5, '2021-11-16 07:26:34', '2021-11-16 07:26:34'),
	('SCH2021111618a14', 1, 15, 'ORD018.7', 'orange', 530, 549, 8.7, 9.5, '2021-11-16 08:55:11', '2021-11-16 08:55:11'),
	('SCH2021111618a2', 1, 3, 'ORD014.6', 'khaki', 378, 430, 8.7, 9.5, '2021-11-15 16:09:20', '2021-11-15 16:09:20'),
	('SCH2021111618a5', 10, 6, 'ORD018.7', 'orange', 403, 422, 8.7, 9.5, '2021-11-16 00:15:47', '2021-11-16 00:15:47'),
	('SCH2021111618c16', 10, 17, 'ORD020.5', '#8ca8df', 421, 485, 8.7, 9.5, '2021-11-16 09:06:01', '2021-11-16 09:06:01'),
	('SCH2021111618c3', 10, 4, 'ORD020.5', '#8ca8df', 464, 528, 8.7, 9.5, '2021-11-15 16:11:50', '2021-11-15 16:11:51'),
	('SCH2021111618c8', 1, 9, 'ORD020.5', '#8ca8df', 454, 518, 8.7, 9.5, '2021-11-16 01:24:01', '2021-11-16 01:24:01'),
	('SCH2021111618c9', 10, 10, 'ORD020.5', '#8ca8df', 382, 446, 8.7, 9.5, '2021-11-16 01:26:15', '2021-11-16 01:26:15'),
	('SCH2021111618g11', 10, 12, 'ORD013.5', 'lightyellow', 550, 640, 8.7, 9.5, '2021-11-16 07:10:20', '2021-11-16 07:10:21'),
	('SCH2021111618g13', 1, 14, 'ORD013.5', 'lightyellow', 515, 605, 8.7, 9.5, '2021-11-16 08:53:56', '2021-11-16 08:53:56'),
	('SCH2021111618g15', 10, 16, 'ORD013.5', 'lightyellow', 577, 667, 8.7, 9.5, '2021-11-16 08:58:12', '2021-11-16 08:58:12'),
	('SCH2021111618g4', 1, 5, 'ORD013.5', 'lightyellow', 358, 448, 8.7, 9.5, '2021-11-15 16:53:50', '2021-11-15 16:53:50'),
	('SCH2021111618n6', 1, 7, 'ORD016.5', 'pink', 441, 489, 8.7, 9.5, '2021-11-16 00:24:59', '2021-11-16 00:24:59'),
	('SCH2021111618n7', 1, 8, 'ORD016.5', 'pink', 537, 585, 8.7, 9.5, '2021-11-16 00:43:32', '2021-11-16 00:43:32'),
	('SCH2021111619a14', 1, 15, 'ORD018.8', 'orange', 549, 597, 9.7, 10.5, '2021-11-16 08:55:11', '2021-11-16 08:55:11'),
	('SCH2021111619a5', 10, 6, 'ORD018.8', 'orange', 422, 470, 9.7, 10.5, '2021-11-16 00:15:47', '2021-11-16 00:15:47'),
	('SCH2021111619e11', 10, 12, 'ORD019.6', 'grey', 635, 646, 9.7, 10.5, '2021-11-16 07:10:24', '2021-11-16 07:10:24'),
	('SCH2021111619g12', 10, 13, 'ORD017.7', 'lightgreen', 418, 450, 9.7, 10.5, '2021-11-16 07:26:37', '2021-11-16 07:26:37'),
	('SCH2021111619i13', 1, 14, 'ORD012.4', 'whitesmoke', 491, 502, 9.7, 10.5, '2021-11-16 08:53:56', '2021-11-16 08:53:56'),
	('SCH2021111619i15', 10, 16, 'ORD012.4', 'whitesmoke', 379, 390, 9.7, 10.5, '2021-11-16 08:58:12', '2021-11-16 08:58:12'),
	('SCH2021111619i16', 10, 17, 'ORD012.4', 'whitesmoke', 353, 364, 9.7, 10.5, '2021-11-16 09:06:01', '2021-11-16 09:06:01'),
	('SCH2021111619i2', 1, 3, 'ORD012.4', 'whitesmoke', 610, 621, 9.7, 10.5, '2021-11-15 16:09:23', '2021-11-15 16:09:23'),
	('SCH2021111619i7', 1, 8, 'ORD012.4', 'whitesmoke', 559, 570, 9.7, 10.5, '2021-11-16 00:43:36', '2021-11-16 00:43:36'),
	('SCH2021111619n10', 1, 11, 'ORD016.6', 'pink', 454, 526, 9.7, 10.5, '2021-11-16 02:00:35', '2021-11-16 02:00:35'),
	('SCH2021111619n3', 10, 4, 'ORD016.6', 'pink', 393, 465, 9.7, 10.5, '2021-11-15 16:11:54', '2021-11-15 16:11:54'),
	('SCH2021111619n4', 1, 5, 'ORD016.6', 'pink', 358, 430, 9.7, 10.5, '2021-11-15 16:53:54', '2021-11-15 16:53:54'),
	('SCH2021111619n6', 1, 7, 'ORD016.6', 'pink', 517, 589, 9.7, 10.5, '2021-11-16 00:25:03', '2021-11-16 00:25:03'),
	('SCH2021111619n8', 1, 9, 'ORD016.6', 'pink', 454, 526, 9.7, 10.5, '2021-11-16 01:24:01', '2021-11-16 01:24:01'),
	('SCH2021111619n9', 10, 10, 'ORD016.6', 'pink', 400, 472, 9.7, 10.5, '2021-11-16 01:26:15', '2021-11-16 01:26:15'),
	('SCH2021111620a11', 10, 12, 'ORD018.2', 'orange', 129, 215, 0.7, 1.5, '2021-11-16 07:09:52', '2021-11-16 07:09:52'),
	('SCH2021111620a2', 1, 3, 'ORD014.3', 'khaki', 199, 270, 0.7, 1.5, '2021-11-15 16:08:52', '2021-11-15 16:08:52'),
	('SCH2021111620c8', 1, 9, 'ORD020.2', '#8ca8df', 119, 132, 0.7, 1.5, '2021-11-16 01:23:59', '2021-11-16 01:23:59'),
	('SCH2021111620e13', 1, 14, 'ORD019.1', 'grey', 72, 148, 0.7, 1.5, '2021-11-16 08:53:54', '2021-11-16 08:53:54'),
	('SCH2021111620e16', 10, 17, 'ORD019.1', 'grey', 72, 148, 0.7, 1.5, '2021-11-16 09:05:59', '2021-11-16 09:05:59'),
	('SCH2021111620g10', 1, 11, 'ORD017.2', 'lightgreen', 72, 109, 0.7, 1.5, '2021-11-16 02:00:33', '2021-11-16 02:00:33'),
	('SCH2021111620g12', 10, 13, 'ORD017.2', 'lightgreen', 119, 156, 0.7, 1.5, '2021-11-16 07:26:05', '2021-11-16 07:26:05'),
	('SCH2021111620g14', 1, 15, 'ORD013.2', 'lightyellow', 119, 204, 0.7, 1.5, '2021-11-16 08:55:09', '2021-11-16 08:55:09'),
	('SCH2021111620g3', 10, 4, 'ORD017.2', 'lightgreen', 72, 109, 0.7, 1.5, '2021-11-15 16:11:23', '2021-11-15 16:11:23'),
	('SCH2021111620l15', 10, 16, 'ORD015.2', 'silver', 119, 125, 0.7, 1.5, '2021-11-16 08:58:10', '2021-11-16 08:58:10'),
	('SCH2021111620l4', 1, 5, 'ORD011.1', 'yellow', 176, 205, 0.7, 1.5, '2021-11-15 16:53:22', '2021-11-15 16:53:22'),
	('SCH2021111620l5', 10, 6, 'ORD011.1', 'yellow', 129, 158, 0.7, 1.5, '2021-11-16 00:15:45', '2021-11-16 00:15:45'),
	('SCH2021111620l6', 1, 7, 'ORD015.2', 'silver', 105, 111, 0.7, 1.5, '2021-11-16 00:24:30', '2021-11-16 00:24:31'),
	('SCH2021111620l7', 1, 8, 'ORD015.2', 'silver', 72, 78, 0.7, 1.5, '2021-11-16 00:43:04', '2021-11-16 00:43:05'),
	('SCH2021111620l9', 10, 10, 'ORD015.2', 'silver', 129, 135, 0.7, 1.5, '2021-11-16 01:26:13', '2021-11-16 01:26:13'),
	('SCH2021111621a10', 1, 11, 'ORD014.1', 'khaki', 124, 205, 1.7, 2.5, '2021-11-16 02:00:33', '2021-11-16 02:00:33'),
	('SCH2021111621a5', 10, 6, 'ORD018.3', 'orange', 163, 209, 1.7, 2.5, '2021-11-16 00:15:45', '2021-11-16 00:15:45'),
	('SCH2021111621a7', 1, 8, 'ORD014.1', 'khaki', 113, 194, 1.7, 2.5, '2021-11-16 00:43:08', '2021-11-16 00:43:08'),
	('SCH2021111621c13', 1, 14, 'ORD020.1', '#8ca8df', 172, 257, 1.7, 2.5, '2021-11-16 08:53:54', '2021-11-16 08:53:54'),
	('SCH2021111621c16', 10, 17, 'ORD020.1', '#8ca8df', 86, 171, 1.7, 2.5, '2021-11-16 09:05:59', '2021-11-16 09:05:59'),
	('SCH2021111621c4', 1, 5, 'ORD020.1', '#8ca8df', 93, 178, 1.7, 2.5, '2021-11-15 16:53:25', '2021-11-15 16:53:26'),
	('SCH2021111621e12', 10, 13, 'ORD019.2', 'grey', 127, 196, 1.7, 2.5, '2021-11-16 07:26:09', '2021-11-16 07:26:09'),
	('SCH2021111621e15', 10, 16, 'ORD019.2', 'grey', 87, 156, 1.7, 2.5, '2021-11-16 08:58:10', '2021-11-16 08:58:10'),
	('SCH2021111621e8', 1, 9, 'ORD019.2', 'grey', 166, 235, 1.7, 2.5, '2021-11-16 01:23:59', '2021-11-16 01:23:59'),
	('SCH2021111621g11', 10, 12, 'ORD017.1', 'lightgreen', 86, 132, 1.7, 2.5, '2021-11-16 07:09:56', '2021-11-16 07:09:56'),
	('SCH2021111621g14', 1, 15, 'ORD017.1', 'lightgreen', 172, 218, 1.7, 2.5, '2021-11-16 08:55:09', '2021-11-16 08:55:09'),
	('SCH2021111621g2', 1, 3, 'ORD017.1', 'lightgreen', 86, 132, 1.7, 2.5, '2021-11-15 16:08:56', '2021-11-15 16:08:56'),
	('SCH2021111621n3', 10, 4, 'ORD016.2', 'pink', 124, 126, 1.7, 2.5, '2021-11-15 16:11:27', '2021-11-15 16:11:27'),
	('SCH2021111621n6', 1, 7, 'ORD016.2', 'pink', 131, 133, 1.7, 2.5, '2021-11-16 00:24:34', '2021-11-16 00:24:34'),
	('SCH2021111621n9', 10, 10, 'ORD016.2', 'pink', 172, 174, 1.7, 2.5, '2021-11-16 01:26:14', '2021-11-16 01:26:14'),
	('SCH2021111622a11', 10, 12, 'ORD018.1', 'orange', 98, 129, 2.7, 3.5, '2021-11-16 07:09:59', '2021-11-16 07:09:59'),
	('SCH2021111622a13', 1, 14, 'ORD014.2', 'khaki', 98, 193, 2.7, 3.5, '2021-11-16 08:53:55', '2021-11-16 08:53:55'),
	('SCH2021111622a3', 10, 4, 'ORD018.1', 'orange', 174, 205, 2.7, 3.5, '2021-11-15 16:11:30', '2021-11-15 16:11:30'),
	('SCH2021111622a6', 1, 7, 'ORD018.1', 'orange', 98, 129, 2.7, 3.5, '2021-11-16 00:24:38', '2021-11-16 00:24:38'),
	('SCH2021111622i10', 1, 11, 'ORD012.2', 'whitesmoke', 115, 205, 2.7, 3.5, '2021-11-16 02:00:34', '2021-11-16 02:00:34'),
	('SCH2021111622i12', 10, 13, 'ORD012.2', 'whitesmoke', 119, 209, 2.7, 3.5, '2021-11-16 07:26:12', '2021-11-16 07:26:13'),
	('SCH2021111622i15', 10, 16, 'ORD012.2', 'whitesmoke', 119, 209, 2.7, 3.5, '2021-11-16 08:58:10', '2021-11-16 08:58:11'),
	('SCH2021111622i16', 10, 17, 'ORD012.2', 'whitesmoke', 115, 205, 2.7, 3.5, '2021-11-16 09:06:00', '2021-11-16 09:06:00'),
	('SCH2021111622i5', 10, 6, 'ORD012.2', 'whitesmoke', 115, 205, 2.7, 3.5, '2021-11-16 00:15:45', '2021-11-16 00:15:45'),
	('SCH2021111622i8', 1, 9, 'ORD012.2', 'whitesmoke', 98, 188, 2.7, 3.5, '2021-11-16 01:24:00', '2021-11-16 01:24:00'),
	('SCH2021111622l14', 1, 15, 'ORD015.1', 'silver', 164, 178, 2.7, 3.5, '2021-11-16 08:55:09', '2021-11-16 08:55:09'),
	('SCH2021111622l2', 1, 3, 'ORD015.1', 'silver', 179, 193, 2.7, 3.5, '2021-11-15 16:08:59', '2021-11-15 16:08:59'),
	('SCH2021111622l4', 1, 5, 'ORD015.1', 'silver', 174, 188, 2.7, 3.5, '2021-11-15 16:53:29', '2021-11-15 16:53:29'),
	('SCH2021111622l9', 10, 10, 'ORD015.1', 'silver', 115, 129, 2.7, 3.5, '2021-11-16 01:26:14', '2021-11-16 01:26:14'),
	('SCH2021111622n7', 1, 8, 'ORD016.1', 'pink', 45, 129, 2.7, 3.5, '2021-11-16 00:43:11', '2021-11-16 00:43:12'),
	('SCH2021111623e6', 1, 7, 'ORD019.3', 'grey', 351, 427, 3.7, 4.5, '2021-11-16 00:24:41', '2021-11-16 00:24:42'),
	('SCH2021111623g11', 10, 12, 'ORD017.3', 'lightgreen', 309, 370, 3.7, 4.5, '2021-11-16 07:10:03', '2021-11-16 07:10:03'),
	('SCH2021111623g16', 10, 17, 'ORD017.3', 'lightgreen', 332, 393, 3.7, 4.5, '2021-11-16 09:06:00', '2021-11-16 09:06:00'),
	('SCH2021111623i14', 1, 15, 'ORD012.5', 'whitesmoke', 363, 432, 3.7, 4.5, '2021-11-16 08:55:10', '2021-11-16 08:55:10'),
	('SCH2021111623i3', 10, 4, 'ORD012.5', 'whitesmoke', 345, 414, 3.7, 4.5, '2021-11-15 16:11:33', '2021-11-15 16:11:34'),
	('SCH2021111623i4', 1, 5, 'ORD012.5', 'whitesmoke', 310, 379, 3.7, 4.5, '2021-11-15 16:53:32', '2021-11-15 16:53:33'),
	('SCH2021111623i8', 1, 9, 'ORD012.5', 'whitesmoke', 406, 475, 3.7, 4.5, '2021-11-16 01:24:00', '2021-11-16 01:24:00'),
	('SCH2021111623i9', 10, 10, 'ORD012.5', 'whitesmoke', 404, 473, 3.7, 4.5, '2021-11-16 01:26:14', '2021-11-16 01:26:14'),
	('SCH2021111623l2', 1, 3, 'ORD015.5', 'silver', 421, 447, 3.7, 4.5, '2021-11-15 16:09:03', '2021-11-15 16:09:03'),
	('SCH2021111623l5', 10, 6, 'ORD011.4', 'yellow', 347, 383, 3.7, 4.5, '2021-11-16 00:15:45', '2021-11-16 00:15:45'),
	('SCH2021111623l7', 1, 8, 'ORD011.4', 'yellow', 352, 388, 3.7, 4.5, '2021-11-16 00:43:15', '2021-11-16 00:43:15'),
	('SCH2021111623n10', 1, 11, 'ORD016.4', 'pink', 311, 406, 3.7, 4.5, '2021-11-16 02:00:34', '2021-11-16 02:00:34'),
	('SCH2021111623n12', 10, 13, 'ORD016.4', 'pink', 333, 428, 3.7, 4.5, '2021-11-16 07:26:16', '2021-11-16 07:26:16'),
	('SCH2021111623n13', 1, 14, 'ORD016.4', 'pink', 441, 536, 3.7, 4.5, '2021-11-16 08:53:55', '2021-11-16 08:53:55'),
	('SCH2021111623n15', 10, 16, 'ORD016.4', 'pink', 300, 395, 3.7, 4.5, '2021-11-16 08:58:11', '2021-11-16 08:58:11'),
	('SCH2021111624a10', 1, 11, 'ORD014.4', 'khaki', 423, 522, 4.7, 5.5, '2021-11-16 02:00:34', '2021-11-16 02:00:34'),
	('SCH2021111624a12', 10, 13, 'ORD018.5', 'orange', 474, 506, 4.7, 5.5, '2021-11-16 07:26:20', '2021-11-16 07:26:20'),
	('SCH2021111624a14', 1, 15, 'ORD014.4', 'khaki', 442, 541, 4.7, 5.5, '2021-11-16 08:55:10', '2021-11-16 08:55:10'),
	('SCH2021111624a16', 10, 17, 'ORD014.4', 'khaki', 424, 523, 4.7, 5.5, '2021-11-16 09:06:00', '2021-11-16 09:06:00'),
	('SCH2021111624a3', 10, 4, 'ORD018.5', 'orange', 503, 535, 4.7, 5.5, '2021-11-15 16:11:37', '2021-11-15 16:11:37'),
	('SCH2021111624a8', 1, 9, 'ORD018.5', 'orange', 512, 544, 4.7, 5.5, '2021-11-16 01:24:00', '2021-11-16 01:24:00'),
	('SCH2021111624a9', 10, 10, 'ORD018.5', 'orange', 594, 626, 4.7, 5.5, '2021-11-16 01:26:14', '2021-11-16 01:26:14'),
	('SCH2021111624e15', 10, 16, 'ORD019.9', 'grey', 598, 624, 4.7, 5.5, '2021-11-16 08:58:11', '2021-11-16 08:58:11'),
	('SCH2021111624i2', 1, 3, 'ORD012.3', 'whitesmoke', 535, 610, 4.7, 5.5, '2021-11-15 16:09:06', '2021-11-15 16:09:06'),
	('SCH2021111624i6', 1, 7, 'ORD012.3', 'whitesmoke', 460, 535, 4.7, 5.5, '2021-11-16 00:24:45', '2021-11-16 00:24:45'),
	('SCH2021111624i7', 1, 8, 'ORD012.3', 'whitesmoke', 484, 559, 4.7, 5.5, '2021-11-16 00:43:18', '2021-11-16 00:43:19'),
	('SCH2021111624l11', 10, 12, 'ORD015.6', 'silver', 502, 571, 4.7, 5.5, '2021-11-16 07:10:06', '2021-11-16 07:10:07'),
	('SCH2021111624l13', 1, 14, 'ORD015.6', 'silver', 631, 700, 4.7, 5.5, '2021-11-16 08:53:55', '2021-11-16 08:53:55'),
	('SCH2021111624l5', 10, 6, 'ORD011.5', 'yellow', 383, 481, 4.7, 5.5, '2021-11-16 00:15:46', '2021-11-16 00:15:46'),
	('SCH2021111624n4', 1, 5, 'ORD016.9', 'pink', 542, 548, 4.7, 5.5, '2021-11-15 16:53:36', '2021-11-15 16:53:36'),
	('SCH2021111625a10', 1, 11, 'ORD018.4', 'orange', 359, 433, 5.7, 6.5, '2021-11-16 02:00:34', '2021-11-16 02:00:34'),
	('SCH2021111625a12', 10, 13, 'ORD018.4', 'orange', 323, 397, 5.7, 6.5, '2021-11-16 07:26:23', '2021-11-16 07:26:24'),
	('SCH2021111625a16', 10, 17, 'ORD018.4', 'orange', 410, 484, 5.7, 6.5, '2021-11-16 09:06:00', '2021-11-16 09:06:00'),
	('SCH2021111625a3', 10, 4, 'ORD018.4', 'orange', 429, 503, 5.7, 6.5, '2021-11-15 16:11:40', '2021-11-15 16:11:41'),
	('SCH2021111625a6', 1, 7, 'ORD018.4', 'orange', 297, 371, 5.7, 6.5, '2021-11-16 00:24:49', '2021-11-16 00:24:49'),
	('SCH2021111625a8', 1, 9, 'ORD018.4', 'orange', 420, 494, 5.7, 6.5, '2021-11-16 01:24:00', '2021-11-16 01:24:00'),
	('SCH2021111625a9', 10, 10, 'ORD018.4', 'orange', 520, 594, 5.7, 6.5, '2021-11-16 01:26:14', '2021-11-16 01:26:14'),
	('SCH2021111625g4', 1, 5, 'ORD013.6', 'lightyellow', 538, 548, 5.7, 6.5, '2021-11-15 16:53:40', '2021-11-15 16:53:40'),
	('SCH2021111625l11', 10, 12, 'ORD015.4', 'silver', 374, 435, 5.7, 6.5, '2021-11-16 07:10:10', '2021-11-16 07:10:10'),
	('SCH2021111625l13', 1, 14, 'ORD015.4', 'silver', 474, 535, 5.7, 6.5, '2021-11-16 08:53:55', '2021-11-16 08:53:55'),
	('SCH2021111625l14', 1, 15, 'ORD015.4', 'silver', 461, 522, 5.7, 6.5, '2021-11-16 08:55:10', '2021-11-16 08:55:10'),
	('SCH2021111625l15', 10, 16, 'ORD015.4', 'silver', 396, 457, 5.7, 6.5, '2021-11-16 08:58:11', '2021-11-16 08:58:11'),
	('SCH2021111625l2', 1, 3, 'ORD015.4', 'silver', 360, 421, 5.7, 6.5, '2021-11-15 16:09:10', '2021-11-15 16:09:10'),
	('SCH2021111625l5', 10, 6, 'ORD015.4', 'silver', 394, 455, 5.7, 6.5, '2021-11-16 00:15:46', '2021-11-16 00:15:46'),
	('SCH2021111625n7', 1, 8, 'ORD016.3', 'pink', 390, 442, 5.7, 6.5, '2021-11-16 00:43:22', '2021-11-16 00:43:22'),
	('SCH2021111626a12', 10, 13, 'ORD018.6', 'orange', 506, 594, 6.7, 7.5, '2021-11-16 07:26:27', '2021-11-16 07:26:27'),
	('SCH2021111626a16', 10, 17, 'ORD014.5', 'khaki', 523, 532, 6.7, 7.5, '2021-11-16 09:06:00', '2021-11-16 09:06:00'),
	('SCH2021111626a3', 10, 4, 'ORD018.6', 'orange', 535, 623, 6.7, 7.5, '2021-11-15 16:11:44', '2021-11-15 16:11:44'),
	('SCH2021111626a6', 1, 7, 'ORD014.5', 'khaki', 634, 643, 6.7, 7.5, '2021-11-16 00:24:52', '2021-11-16 00:24:53'),
	('SCH2021111626a7', 1, 8, 'ORD018.6', 'orange', 591, 679, 6.7, 7.5, '2021-11-16 00:43:25', '2021-11-16 00:43:26'),
	('SCH2021111626a9', 10, 10, 'ORD014.5', 'khaki', 594, 603, 6.7, 7.5, '2021-11-16 01:26:15', '2021-11-16 01:26:15'),
	('SCH2021111626c14', 1, 15, 'ORD020.4', '#8ca8df', 567, 574, 6.7, 7.5, '2021-11-16 08:55:10', '2021-11-16 08:55:10'),
	('SCH2021111626c15', 10, 16, 'ORD020.4', '#8ca8df', 638, 645, 6.7, 7.5, '2021-11-16 08:58:11', '2021-11-16 08:58:11'),
	('SCH2021111626c5', 10, 6, 'ORD020.4', '#8ca8df', 446, 453, 6.7, 7.5, '2021-11-16 00:15:46', '2021-11-16 00:15:46'),
	('SCH2021111626e11', 10, 12, 'ORD019.7', 'grey', 646, 686, 6.7, 7.5, '2021-11-16 07:10:14', '2021-11-16 07:10:14'),
	('SCH2021111626e13', 1, 14, 'ORD019.7', 'grey', 620, 660, 6.7, 7.5, '2021-11-16 08:53:56', '2021-11-16 08:53:56'),
	('SCH2021111626g2', 1, 3, 'ORD017.5', 'lightgreen', 609, 641, 6.7, 7.5, '2021-11-15 16:09:13', '2021-11-15 16:09:13'),
	('SCH2021111626i10', 1, 11, 'ORD012.7', 'whitesmoke', 531, 577, 6.7, 7.5, '2021-11-16 02:00:35', '2021-11-16 02:00:35'),
	('SCH2021111626i8', 1, 9, 'ORD012.7', 'whitesmoke', 521, 567, 6.7, 7.5, '2021-11-16 01:24:00', '2021-11-16 01:24:01'),
	('SCH2021111626l4', 1, 5, 'ORD011.7', 'yellow', 588, 650, 6.7, 7.5, '2021-11-15 16:53:43', '2021-11-15 16:53:43'),
	('SCH2021111627a12', 10, 13, 'ORD018.9', 'orange', 691, 727, 7.7, 8.5, '2021-11-16 07:26:30', '2021-11-16 07:26:31'),
	('SCH2021111627a13', 1, 14, 'ORD014.7', 'khaki', 749, 834, 7.7, 8.5, '2021-11-16 08:53:56', '2021-11-16 08:53:56'),
	('SCH2021111627a14', 1, 15, 'ORD014.7', 'khaki', 690, 775, 7.7, 8.5, '2021-11-16 08:55:10', '2021-11-16 08:55:10'),
	('SCH2021111627a5', 10, 6, 'ORD018.9', 'orange', 736, 772, 7.7, 8.5, '2021-11-16 00:15:46', '2021-11-16 00:15:46'),
	('SCH2021111627a7', 1, 8, 'ORD014.7', 'khaki', 637, 722, 7.7, 8.5, '2021-11-16 00:43:29', '2021-11-16 00:43:29'),
	('SCH2021111627e10', 1, 11, 'ORD019.8', 'grey', 842, 931, 7.7, 8.5, '2021-11-16 02:00:35', '2021-11-16 02:00:35'),
	('SCH2021111627e2', 1, 3, 'ORD019.8', 'grey', 835, 924, 7.7, 8.5, '2021-11-15 16:09:16', '2021-11-15 16:09:17'),
	('SCH2021111627g6', 1, 7, 'ORD013.7', 'lightyellow', 795, 807, 7.7, 8.5, '2021-11-16 00:24:56', '2021-11-16 00:24:56'),
	('SCH2021111627g9', 10, 10, 'ORD013.7', 'lightyellow', 812, 824, 7.7, 8.5, '2021-11-16 01:26:15', '2021-11-16 01:26:15'),
	('SCH2021111627i16', 10, 17, 'ORD012.9', 'whitesmoke', 721, 793, 7.7, 8.5, '2021-11-16 09:06:01', '2021-11-16 09:06:01'),
	('SCH2021111627i3', 10, 4, 'ORD012.9', 'whitesmoke', 815, 887, 7.7, 8.5, '2021-11-15 16:11:47', '2021-11-15 16:11:48'),
	('SCH2021111627l11', 10, 12, 'ORD015.8', 'silver', 787, 836, 7.7, 8.5, '2021-11-16 07:10:17', '2021-11-16 07:10:17'),
	('SCH2021111627l15', 10, 16, 'ORD015.8', 'silver', 759, 808, 7.7, 8.5, '2021-11-16 08:58:12', '2021-11-16 08:58:12'),
	('SCH2021111627l4', 1, 5, 'ORD011.8', 'yellow', 737, 793, 7.7, 8.5, '2021-11-15 16:53:47', '2021-11-15 16:53:47'),
	('SCH2021111627l8', 1, 9, 'ORD015.8', 'silver', 816, 865, 7.7, 8.5, '2021-11-16 01:24:01', '2021-11-16 01:24:01'),
	('SCH2021111628a7', 1, 8, 'ORD014.6', 'khaki', 585, 637, 8.7, 9.5, '2021-11-16 00:43:33', '2021-11-16 00:43:33'),
	('SCH2021111628a8', 1, 9, 'ORD014.6', 'khaki', 521, 573, 8.7, 9.5, '2021-11-16 01:24:01', '2021-11-16 01:24:01'),
	('SCH2021111628a9', 10, 10, 'ORD014.6', 'khaki', 603, 655, 8.7, 9.5, '2021-11-16 01:26:15', '2021-11-16 01:26:15'),
	('SCH2021111628c14', 1, 15, 'ORD020.5', '#8ca8df', 574, 638, 8.7, 9.5, '2021-11-16 08:55:11', '2021-11-16 08:55:11'),
	('SCH2021111628c15', 10, 16, 'ORD020.5', '#8ca8df', 667, 731, 8.7, 9.5, '2021-11-16 08:58:12', '2021-11-16 08:58:12'),
	('SCH2021111628c4', 1, 5, 'ORD020.5', '#8ca8df', 657, 721, 8.7, 9.5, '2021-11-15 16:53:50', '2021-11-15 16:53:51'),
	('SCH2021111628g10', 1, 11, 'ORD017.8', 'lightgreen', 638, 727, 8.7, 9.5, '2021-11-16 02:00:35', '2021-11-16 02:00:35'),
	('SCH2021111628g12', 10, 13, 'ORD017.8', 'lightgreen', 535, 624, 8.7, 9.5, '2021-11-16 07:26:34', '2021-11-16 07:26:34'),
	('SCH2021111628g5', 10, 6, 'ORD017.8', 'lightgreen', 508, 597, 8.7, 9.5, '2021-11-16 00:15:47', '2021-11-16 00:15:47'),
	('SCH2021111628l16', 10, 17, 'ORD011.9', 'yellow', 539, 583, 8.7, 9.5, '2021-11-16 09:06:01', '2021-11-16 09:06:01'),
	('SCH2021111628l2', 1, 3, 'ORD015.7', 'silver', 516, 537, 8.7, 9.5, '2021-11-15 16:09:20', '2021-11-15 16:09:20'),
	('SCH2021111628l3', 10, 4, 'ORD011.9', 'yellow', 528, 572, 8.7, 9.5, '2021-11-15 16:11:51', '2021-11-15 16:11:51'),
	('SCH2021111628l6', 1, 7, 'ORD015.7', 'silver', 489, 510, 8.7, 9.5, '2021-11-16 00:24:59', '2021-11-16 00:25:00'),
	('SCH2021111628n11', 10, 12, 'ORD016.5', 'pink', 640, 688, 8.7, 9.5, '2021-11-16 07:10:21', '2021-11-16 07:10:21'),
	('SCH2021111628n13', 1, 14, 'ORD016.5', 'pink', 605, 653, 8.7, 9.5, '2021-11-16 08:53:56', '2021-11-16 08:53:56'),
	('SCH2021111629a11', 10, 12, 'ORD018.8', 'orange', 646, 694, 9.7, 10.5, '2021-11-16 07:10:24', '2021-11-16 07:10:25'),
	('SCH2021111629c14', 1, 15, 'ORD020.6', '#8ca8df', 638, 714, 9.7, 10.5, '2021-11-16 08:55:11', '2021-11-16 08:55:11'),
	('SCH2021111629c16', 10, 17, 'ORD020.6', '#8ca8df', 485, 561, 9.7, 10.5, '2021-11-16 09:06:01', '2021-11-16 09:06:01'),
	('SCH2021111629c3', 10, 4, 'ORD020.6', '#8ca8df', 528, 604, 9.7, 10.5, '2021-11-15 16:11:54', '2021-11-15 16:11:55'),
	('SCH2021111629c4', 1, 5, 'ORD020.6', '#8ca8df', 721, 797, 9.7, 10.5, '2021-11-15 16:53:54', '2021-11-15 16:53:54'),
	('SCH2021111629c9', 10, 10, 'ORD020.6', '#8ca8df', 472, 548, 9.7, 10.5, '2021-11-16 01:26:15', '2021-11-16 01:26:15'),
	('SCH2021111629e13', 1, 14, 'ORD019.6', 'grey', 609, 620, 9.7, 10.5, '2021-11-16 08:53:56', '2021-11-16 08:53:56'),
	('SCH2021111629e2', 1, 3, 'ORD019.6', 'grey', 621, 632, 9.7, 10.5, '2021-11-15 16:09:23', '2021-11-15 16:09:24'),
	('SCH2021111629e8', 1, 9, 'ORD019.6', 'grey', 526, 537, 9.7, 10.5, '2021-11-16 01:24:01', '2021-11-16 01:24:01'),
	('SCH2021111629g10', 1, 11, 'ORD017.7', 'lightgreen', 526, 558, 9.7, 10.5, '2021-11-16 02:00:35', '2021-11-16 02:00:35'),
	('SCH2021111629g5', 10, 6, 'ORD017.7', 'lightgreen', 476, 508, 9.7, 10.5, '2021-11-16 00:15:47', '2021-11-16 00:15:47'),
	('SCH2021111629i6', 1, 7, 'ORD012.4', 'whitesmoke', 589, 600, 9.7, 10.5, '2021-11-16 00:25:03', '2021-11-16 00:25:03'),
	('SCH2021111629n12', 10, 13, 'ORD016.6', 'pink', 476, 548, 9.7, 10.5, '2021-11-16 07:26:38', '2021-11-16 07:26:38'),
	('SCH2021111629n15', 10, 16, 'ORD016.6', 'pink', 443, 515, 9.7, 10.5, '2021-11-16 08:58:12', '2021-11-16 08:58:12'),
	('SCH2021111629n7', 1, 8, 'ORD016.6', 'pink', 585, 657, 9.7, 10.5, '2021-11-16 00:43:36', '2021-11-16 00:43:36'),
	('SCH2021111630a10', 1, 11, 'ORD018.2', 'orange', 109, 195, 0.7, 1.5, '2021-11-16 02:00:33', '2021-11-16 02:00:33'),
	('SCH2021111630a12', 10, 13, 'ORD018.2', 'orange', 156, 242, 0.7, 1.5, '2021-11-16 07:26:05', '2021-11-16 07:26:06'),
	('SCH2021111630a14', 1, 15, 'ORD018.2', 'orange', 204, 290, 0.7, 1.5, '2021-11-16 08:55:09', '2021-11-16 08:55:09'),
	('SCH2021111630a16', 10, 17, 'ORD018.2', 'orange', 148, 234, 0.7, 1.5, '2021-11-16 09:05:59', '2021-11-16 09:05:59'),
	('SCH2021111630a6', 1, 7, 'ORD018.2', 'orange', 129, 215, 0.7, 1.5, '2021-11-16 00:24:31', '2021-11-16 00:24:31'),
	('SCH2021111630a8', 1, 9, 'ORD018.2', 'orange', 219, 305, 0.7, 1.5, '2021-11-16 01:23:59', '2021-11-16 01:23:59'),
	('SCH2021111630a9', 10, 10, 'ORD018.2', 'orange', 135, 221, 0.7, 1.5, '2021-11-16 01:26:13', '2021-11-16 01:26:13'),
	('SCH2021111630e3', 10, 4, 'ORD019.1', 'grey', 109, 185, 0.7, 1.5, '2021-11-15 16:11:23', '2021-11-15 16:11:24'),
	('SCH2021111630e4', 1, 5, 'ORD019.1', 'grey', 205, 281, 0.7, 1.5, '2021-11-15 16:53:22', '2021-11-15 16:53:22'),
	('SCH2021111630e7', 1, 8, 'ORD019.1', 'grey', 78, 154, 0.7, 1.5, '2021-11-16 00:43:05', '2021-11-16 00:43:05'),
	('SCH2021111630g11', 10, 12, 'ORD017.2', 'lightgreen', 215, 252, 0.7, 1.5, '2021-11-16 07:09:52', '2021-11-16 07:09:53'),
	('SCH2021111630g15', 10, 16, 'ORD017.2', 'lightgreen', 202, 239, 0.7, 1.5, '2021-11-16 08:58:10', '2021-11-16 08:58:10'),
	('SCH2021111630g5', 10, 6, 'ORD017.2', 'lightgreen', 163, 200, 0.7, 1.5, '2021-11-16 00:15:45', '2021-11-16 00:15:45'),
	('SCH2021111630i2', 1, 3, 'ORD012.1', 'whitesmoke', 270, 313, 0.7, 1.5, '2021-11-15 16:08:53', '2021-11-15 16:08:53'),
	('SCH2021111630l13', 1, 14, 'ORD015.2', 'silver', 148, 154, 0.7, 1.5, '2021-11-16 08:53:54', '2021-11-16 08:53:54'),
	('SCH2021111631a3', 10, 4, 'ORD014.1', 'khaki', 126, 207, 1.7, 2.5, '2021-11-15 16:11:27', '2021-11-15 16:11:27'),
	('SCH2021111631a4', 1, 5, 'ORD014.1', 'khaki', 178, 259, 1.7, 2.5, '2021-11-15 16:53:26', '2021-11-15 16:53:26'),
	('SCH2021111631a6', 1, 7, 'ORD014.1', 'khaki', 133, 214, 1.7, 2.5, '2021-11-16 00:24:34', '2021-11-16 00:24:35'),
	('SCH2021111631c9', 10, 10, 'ORD020.1', '#8ca8df', 174, 259, 1.7, 2.5, '2021-11-16 01:26:14', '2021-11-16 01:26:14'),
	('SCH2021111631e11', 10, 12, 'ORD019.2', 'grey', 132, 201, 1.7, 2.5, '2021-11-16 07:09:56', '2021-11-16 07:09:56'),
	('SCH2021111631e13', 1, 14, 'ORD019.2', 'grey', 257, 326, 1.7, 2.5, '2021-11-16 08:53:54', '2021-11-16 08:53:54'),
	('SCH2021111631e14', 1, 15, 'ORD019.2', 'grey', 218, 287, 1.7, 2.5, '2021-11-16 08:55:09', '2021-11-16 08:55:09'),
	('SCH2021111631e2', 1, 3, 'ORD019.2', 'grey', 132, 201, 1.7, 2.5, '2021-11-15 16:08:56', '2021-11-15 16:08:56'),
	('SCH2021111631e7', 1, 8, 'ORD019.2', 'grey', 194, 263, 1.7, 2.5, '2021-11-16 00:43:08', '2021-11-16 00:43:08'),
	('SCH2021111631g15', 10, 16, 'ORD017.1', 'lightgreen', 156, 202, 1.7, 2.5, '2021-11-16 08:58:10', '2021-11-16 08:58:10'),
	('SCH2021111631l16', 10, 17, 'ORD011.2', 'yellow', 171, 249, 1.7, 2.5, '2021-11-16 09:05:59', '2021-11-16 09:05:59'),
	('SCH2021111631l5', 10, 6, 'ORD011.2', 'yellow', 209, 287, 1.7, 2.5, '2021-11-16 00:15:45', '2021-11-16 00:15:45'),
	('SCH2021111631n10', 1, 11, 'ORD016.2', 'pink', 205, 207, 1.7, 2.5, '2021-11-16 02:00:33', '2021-11-16 02:00:33'),
	('SCH2021111631n12', 10, 13, 'ORD016.2', 'pink', 196, 198, 1.7, 2.5, '2021-11-16 07:26:09', '2021-11-16 07:26:09'),
	('SCH2021111631n8', 1, 9, 'ORD016.2', 'pink', 235, 237, 1.7, 2.5, '2021-11-16 01:23:59', '2021-11-16 01:23:59'),
	('SCH2021111632a12', 10, 13, 'ORD014.2', 'khaki', 209, 304, 2.7, 3.5, '2021-11-16 07:26:13', '2021-11-16 07:26:13'),
	('SCH2021111632a14', 1, 15, 'ORD014.2', 'khaki', 178, 273, 2.7, 3.5, '2021-11-16 08:55:09', '2021-11-16 08:55:09'),
	('SCH2021111632a15', 10, 16, 'ORD018.1', 'orange', 209, 240, 2.7, 3.5, '2021-11-16 08:58:11', '2021-11-16 08:58:11'),
	('SCH2021111632a2', 1, 3, 'ORD018.1', 'orange', 193, 224, 2.7, 3.5, '2021-11-15 16:09:00', '2021-11-15 16:09:00'),
	('SCH2021111632a6', 1, 7, 'ORD014.2', 'khaki', 214, 309, 2.7, 3.5, '2021-11-16 00:24:38', '2021-11-16 00:24:38'),
	('SCH2021111632a8', 1, 9, 'ORD018.1', 'orange', 188, 219, 2.7, 3.5, '2021-11-16 01:24:00', '2021-11-16 01:24:00'),
	('SCH2021111632a9', 10, 10, 'ORD014.2', 'khaki', 129, 224, 2.7, 3.5, '2021-11-16 01:26:14', '2021-11-16 01:26:14'),
	('SCH2021111632g4', 1, 5, 'ORD013.4', 'lightyellow', 215, 289, 2.7, 3.5, '2021-11-15 16:53:29', '2021-11-15 16:53:30'),
	('SCH2021111632i11', 10, 12, 'ORD012.2', 'whitesmoke', 129, 219, 2.7, 3.5, '2021-11-16 07:10:00', '2021-11-16 07:10:00'),
	('SCH2021111632i13', 1, 14, 'ORD012.2', 'whitesmoke', 193, 283, 2.7, 3.5, '2021-11-16 08:53:55', '2021-11-16 08:53:55'),
	('SCH2021111632i7', 1, 8, 'ORD012.2', 'whitesmoke', 129, 219, 2.7, 3.5, '2021-11-16 00:43:12', '2021-11-16 00:43:12'),
	('SCH2021111632l10', 1, 11, 'ORD011.3', 'yellow', 205, 214, 2.7, 3.5, '2021-11-16 02:00:34', '2021-11-16 02:00:34'),
	('SCH2021111632l16', 10, 17, 'ORD015.1', 'silver', 205, 219, 2.7, 3.5, '2021-11-16 09:06:00', '2021-11-16 09:06:00'),
	('SCH2021111632l3', 10, 4, 'ORD011.3', 'yellow', 205, 214, 2.7, 3.5, '2021-11-15 16:11:30', '2021-11-15 16:11:31'),
	('SCH2021111632l5', 10, 6, 'ORD015.1', 'silver', 205, 219, 2.7, 3.5, '2021-11-16 00:15:45', '2021-11-16 00:15:45'),
	('SCH2021111633e16', 10, 17, 'ORD019.3', 'grey', 393, 469, 3.7, 4.5, '2021-11-16 09:06:00', '2021-11-16 09:06:00'),
	('SCH2021111633e3', 10, 4, 'ORD019.3', 'grey', 526, 602, 3.7, 4.5, '2021-11-15 16:11:34', '2021-11-15 16:11:34'),
	('SCH2021111633g11', 10, 12, 'ORD013.3', 'lightyellow', 437, 476, 3.7, 4.5, '2021-11-16 07:10:03', '2021-11-16 07:10:03'),
	('SCH2021111633g14', 1, 15, 'ORD017.3', 'lightgreen', 432, 493, 3.7, 4.5, '2021-11-16 08:55:10', '2021-11-16 08:55:10'),
	('SCH2021111633g2', 1, 3, 'ORD017.3', 'lightgreen', 447, 508, 3.7, 4.5, '2021-11-15 16:09:03', '2021-11-15 16:09:03'),
	('SCH2021111633g6', 1, 7, 'ORD017.3', 'lightgreen', 427, 488, 3.7, 4.5, '2021-11-16 00:24:42', '2021-11-16 00:24:42'),
	('SCH2021111633g8', 1, 9, 'ORD017.3', 'lightgreen', 475, 536, 3.7, 4.5, '2021-11-16 01:24:00', '2021-11-16 01:24:00'),
	('SCH2021111633g9', 10, 10, 'ORD013.3', 'lightyellow', 473, 512, 3.7, 4.5, '2021-11-16 01:26:14', '2021-11-16 01:26:14'),
	('SCH2021111633i10', 1, 11, 'ORD012.5', 'whitesmoke', 434, 503, 3.7, 4.5, '2021-11-16 02:00:34', '2021-11-16 02:00:34'),
	('SCH2021111633i12', 10, 13, 'ORD012.5', 'whitesmoke', 428, 497, 3.7, 4.5, '2021-11-16 07:26:16', '2021-11-16 07:26:17'),
	('SCH2021111633i13', 1, 14, 'ORD012.5', 'whitesmoke', 536, 605, 3.7, 4.5, '2021-11-16 08:53:55', '2021-11-16 08:53:55'),
	('SCH2021111633i15', 10, 16, 'ORD012.5', 'whitesmoke', 395, 464, 3.7, 4.5, '2021-11-16 08:58:11', '2021-11-16 08:58:11'),
	('SCH2021111633i5', 10, 6, 'ORD012.5', 'whitesmoke', 383, 452, 3.7, 4.5, '2021-11-16 00:15:45', '2021-11-16 00:15:45'),
	('SCH2021111633l4', 1, 5, 'ORD011.4', 'yellow', 393, 429, 3.7, 4.5, '2021-11-15 16:53:33', '2021-11-15 16:53:33'),
	('SCH2021111633n7', 1, 8, 'ORD016.4', 'pink', 442, 537, 3.7, 4.5, '2021-11-16 00:43:15', '2021-11-16 00:43:15'),
	('SCH2021111634a10', 1, 11, 'ORD018.5', 'orange', 522, 554, 4.7, 5.5, '2021-11-16 02:00:34', '2021-11-16 02:00:34'),
	('SCH2021111634a11', 10, 12, 'ORD014.4', 'khaki', 571, 670, 4.7, 5.5, '2021-11-16 07:10:07', '2021-11-16 07:10:07'),
	('SCH2021111634a13', 1, 14, 'ORD018.5', 'orange', 753, 785, 4.7, 5.5, '2021-11-16 08:53:55', '2021-11-16 08:53:55'),
	('SCH2021111634a15', 10, 16, 'ORD018.5', 'orange', 624, 656, 4.7, 5.5, '2021-11-16 08:58:11', '2021-11-16 08:58:11'),
	('SCH2021111634a2', 1, 3, 'ORD018.5', 'orange', 610, 642, 4.7, 5.5, '2021-11-15 16:09:06', '2021-11-15 16:09:07'),
	('SCH2021111634a3', 10, 4, 'ORD014.4', 'khaki', 535, 634, 4.7, 5.5, '2021-11-15 16:11:37', '2021-11-15 16:11:38'),
	('SCH2021111634a4', 1, 5, 'ORD014.4', 'khaki', 567, 666, 4.7, 5.5, '2021-11-15 16:53:36', '2021-11-15 16:53:37'),
	('SCH2021111634a5', 10, 6, 'ORD014.4', 'khaki', 710, 809, 4.7, 5.5, '2021-11-16 00:15:46', '2021-11-16 00:15:46'),
	('SCH2021111634a6', 1, 7, 'ORD014.4', 'khaki', 535, 634, 4.7, 5.5, '2021-11-16 00:24:45', '2021-11-16 00:24:46'),
	('SCH2021111634a7', 1, 8, 'ORD018.5', 'orange', 559, 591, 4.7, 5.5, '2021-11-16 00:43:19', '2021-11-16 00:43:19'),
	('SCH2021111634l12', 10, 13, 'ORD015.6', 'silver', 579, 648, 4.7, 5.5, '2021-11-16 07:26:20', '2021-11-16 07:26:20'),
	('SCH2021111634l14', 1, 15, 'ORD015.6', 'silver', 548, 617, 4.7, 5.5, '2021-11-16 08:55:10', '2021-11-16 08:55:10'),
	('SCH2021111634l16', 10, 17, 'ORD015.6', 'silver', 622, 691, 4.7, 5.5, '2021-11-16 09:06:00', '2021-11-16 09:06:00'),
	('SCH2021111634l8', 1, 9, 'ORD015.6', 'silver', 700, 769, 4.7, 5.5, '2021-11-16 01:24:00', '2021-11-16 01:24:00'),
	('SCH2021111634l9', 10, 10, 'ORD011.5', 'yellow', 631, 729, 4.7, 5.5, '2021-11-16 01:26:14', '2021-11-16 01:26:14'),
	('SCH2021111635a15', 10, 16, 'ORD018.4', 'orange', 457, 531, 5.7, 6.5, '2021-11-16 08:58:11', '2021-11-16 08:58:11'),
	('SCH2021111635a2', 1, 3, 'ORD018.4', 'orange', 445, 519, 5.7, 6.5, '2021-11-15 16:09:10', '2021-11-15 16:09:10'),
	('SCH2021111635a7', 1, 8, 'ORD018.4', 'orange', 442, 516, 5.7, 6.5, '2021-11-16 00:43:22', '2021-11-16 00:43:23'),
	('SCH2021111635c13', 1, 14, 'ORD020.7', '#8ca8df', 535, 582, 5.7, 6.5, '2021-11-16 08:53:55', '2021-11-16 08:53:55'),
	('SCH2021111635e11', 10, 12, 'ORD019.4', 'grey', 435, 486, 5.7, 6.5, '2021-11-16 07:10:10', '2021-11-16 07:10:11'),
	('SCH2021111635e16', 10, 17, 'ORD019.4', 'grey', 484, 535, 5.7, 6.5, '2021-11-16 09:06:00', '2021-11-16 09:06:00'),
	('SCH2021111635e3', 10, 4, 'ORD019.4', 'grey', 602, 653, 5.7, 6.5, '2021-11-15 16:11:41', '2021-11-15 16:11:41'),
	('SCH2021111635e4', 1, 5, 'ORD019.4', 'grey', 556, 607, 5.7, 6.5, '2021-11-15 16:53:40', '2021-11-15 16:53:40'),
	('SCH2021111635e6', 1, 7, 'ORD019.4', 'grey', 427, 478, 5.7, 6.5, '2021-11-16 00:24:49', '2021-11-16 00:24:49'),
	('SCH2021111635e9', 10, 10, 'ORD019.4', 'grey', 594, 645, 5.7, 6.5, '2021-11-16 01:26:14', '2021-11-16 01:26:14'),
	('SCH2021111635g10', 1, 11, 'ORD017.6', 'lightgreen', 433, 454, 5.7, 6.5, '2021-11-16 02:00:34', '2021-11-16 02:00:34'),
	('SCH2021111635g12', 10, 13, 'ORD017.6', 'lightgreen', 397, 418, 5.7, 6.5, '2021-11-16 07:26:24', '2021-11-16 07:26:24'),
	('SCH2021111635g14', 1, 15, 'ORD013.6', 'lightyellow', 522, 532, 5.7, 6.5, '2021-11-16 08:55:10', '2021-11-16 08:55:10'),
	('SCH2021111635g5', 10, 6, 'ORD017.6', 'lightgreen', 455, 476, 5.7, 6.5, '2021-11-16 00:15:46', '2021-11-16 00:15:46'),
	('SCH2021111635i8', 1, 9, 'ORD012.8', 'whitesmoke', 567, 613, 5.7, 6.5, '2021-11-16 01:24:00', '2021-11-16 01:24:00'),
	('SCH2021111636a10', 1, 11, 'ORD014.5', 'khaki', 577, 586, 6.7, 7.5, '2021-11-16 02:00:35', '2021-11-16 02:00:35'),
	('SCH2021111636a2', 1, 3, 'ORD018.6', 'orange', 642, 730, 6.7, 7.5, '2021-11-15 16:09:13', '2021-11-15 16:09:14'),
	('SCH2021111636a9', 10, 10, 'ORD018.6', 'orange', 626, 714, 6.7, 7.5, '2021-11-16 01:26:15', '2021-11-16 01:26:15'),
	('SCH2021111636c11', 10, 12, 'ORD020.4', '#8ca8df', 696, 703, 6.7, 7.5, '2021-11-16 07:10:14', '2021-11-16 07:10:14'),
	('SCH2021111636c4', 1, 5, 'ORD020.4', '#8ca8df', 650, 657, 6.7, 7.5, '2021-11-15 16:53:44', '2021-11-15 16:53:44'),
	('SCH2021111636c7', 1, 8, 'ORD020.4', '#8ca8df', 679, 686, 6.7, 7.5, '2021-11-16 00:43:26', '2021-11-16 00:43:26'),
	('SCH2021111636g14', 1, 15, 'ORD017.5', 'lightgreen', 574, 606, 6.7, 7.5, '2021-11-16 08:55:10', '2021-11-16 08:55:10'),
	('SCH2021111636g16', 10, 17, 'ORD017.5', 'lightgreen', 532, 564, 6.7, 7.5, '2021-11-16 09:06:00', '2021-11-16 09:06:00'),
	('SCH2021111636g6', 1, 7, 'ORD017.5', 'lightgreen', 643, 675, 6.7, 7.5, '2021-11-16 00:24:53', '2021-11-16 00:24:53'),
	('SCH2021111636g8', 1, 9, 'ORD017.5', 'lightgreen', 567, 599, 6.7, 7.5, '2021-11-16 01:24:01', '2021-11-16 01:24:01'),
	('SCH2021111636i12', 10, 13, 'ORD012.7', 'whitesmoke', 598, 644, 6.7, 7.5, '2021-11-16 07:26:27', '2021-11-16 07:26:27'),
	('SCH2021111636i13', 1, 14, 'ORD012.7', 'whitesmoke', 660, 706, 6.7, 7.5, '2021-11-16 08:53:56', '2021-11-16 08:53:56'),
	('SCH2021111636i15', 10, 16, 'ORD012.7', 'whitesmoke', 645, 691, 6.7, 7.5, '2021-11-16 08:58:11', '2021-11-16 08:58:11'),
	('SCH2021111636i3', 10, 4, 'ORD012.7', 'whitesmoke', 623, 669, 6.7, 7.5, '2021-11-15 16:11:44', '2021-11-15 16:11:45'),
	('SCH2021111636i5', 10, 6, 'ORD012.7', 'whitesmoke', 572, 618, 6.7, 7.5, '2021-11-16 00:15:46', '2021-11-16 00:15:46'),
	('SCH2021111637a15', 10, 16, 'ORD014.7', 'khaki', 840, 925, 7.7, 8.5, '2021-11-16 08:58:12', '2021-11-16 08:58:12'),
	('SCH2021111637a6', 1, 7, 'ORD018.9', 'orange', 807, 843, 7.7, 8.5, '2021-11-16 00:24:56', '2021-11-16 00:24:57'),
	('SCH2021111637e12', 10, 13, 'ORD019.8', 'grey', 749, 838, 7.7, 8.5, '2021-11-16 07:26:31', '2021-11-16 07:26:31'),
	('SCH2021111637e5', 10, 6, 'ORD019.8', 'grey', 775, 864, 7.7, 8.5, '2021-11-16 00:15:46', '2021-11-16 00:15:46'),
	('SCH2021111637g10', 1, 11, 'ORD013.7', 'lightyellow', 931, 943, 7.7, 8.5, '2021-11-16 02:00:35', '2021-11-16 02:00:35'),
	('SCH2021111637g8', 1, 9, 'ORD013.7', 'lightyellow', 865, 877, 7.7, 8.5, '2021-11-16 01:24:01', '2021-11-16 01:24:01'),
	('SCH2021111637i11', 10, 12, 'ORD012.9', 'whitesmoke', 836, 908, 7.7, 8.5, '2021-11-16 07:10:17', '2021-11-16 07:10:18'),
	('SCH2021111637i7', 1, 8, 'ORD012.9', 'whitesmoke', 853, 925, 7.7, 8.5, '2021-11-16 00:43:29', '2021-11-16 00:43:30'),
	('SCH2021111637l13', 1, 14, 'ORD015.8', 'silver', 834, 883, 7.7, 8.5, '2021-11-16 08:53:56', '2021-11-16 08:53:56'),
	('SCH2021111637l14', 1, 15, 'ORD015.8', 'silver', 775, 824, 7.7, 8.5, '2021-11-16 08:55:10', '2021-11-16 08:55:10'),
	('SCH2021111637l16', 10, 17, 'ORD015.8', 'silver', 793, 842, 7.7, 8.5, '2021-11-16 09:06:01', '2021-11-16 09:06:01'),
	('SCH2021111637l2', 1, 3, 'ORD011.8', 'yellow', 924, 980, 7.7, 8.5, '2021-11-15 16:09:17', '2021-11-15 16:09:17'),
	('SCH2021111637l4', 1, 5, 'ORD015.8', 'silver', 867, 916, 7.7, 8.5, '2021-11-15 16:53:47', '2021-11-15 16:53:47'),
	('SCH2021111637l9', 10, 10, 'ORD011.8', 'yellow', 824, 880, 7.7, 8.5, '2021-11-16 01:26:15', '2021-11-16 01:26:15'),
	('SCH2021111637n3', 10, 4, 'ORD016.10', 'pink', 887, 912, 7.7, 8.5, '2021-11-15 16:11:48', '2021-11-15 16:11:48'),
	('SCH2021111638a12', 10, 13, 'ORD018.7', 'orange', 624, 643, 8.7, 9.5, '2021-11-16 07:26:34', '2021-11-16 07:26:35'),
	('SCH2021111638a13', 1, 14, 'ORD014.6', 'khaki', 653, 705, 8.7, 9.5, '2021-11-16 08:53:56', '2021-11-16 08:53:56'),
	('SCH2021111638a14', 1, 15, 'ORD014.6', 'khaki', 638, 690, 8.7, 9.5, '2021-11-16 08:55:11', '2021-11-16 08:55:11'),
	('SCH2021111638a16', 10, 17, 'ORD014.6', 'khaki', 583, 635, 8.7, 9.5, '2021-11-16 09:06:01', '2021-11-16 09:06:01'),
	('SCH2021111638a3', 10, 4, 'ORD014.6', 'khaki', 678, 730, 8.7, 9.5, '2021-11-15 16:11:51', '2021-11-15 16:11:51'),
	('SCH2021111638a4', 1, 5, 'ORD014.6', 'khaki', 721, 773, 8.7, 9.5, '2021-11-15 16:53:51', '2021-11-15 16:53:51'),
	('SCH2021111638a6', 1, 7, 'ORD018.7', 'orange', 512, 531, 8.7, 9.5, '2021-11-16 00:25:00', '2021-11-16 00:25:00'),
	('SCH2021111638a7', 1, 8, 'ORD018.7', 'orange', 679, 698, 8.7, 9.5, '2021-11-16 00:43:33', '2021-11-16 00:43:33'),
	('SCH2021111638c10', 1, 11, 'ORD020.5', '#8ca8df', 727, 791, 8.7, 9.5, '2021-11-16 02:00:35', '2021-11-16 02:00:35'),
	('SCH2021111638c2', 1, 3, 'ORD020.5', '#8ca8df', 603, 667, 8.7, 9.5, '2021-11-15 16:09:20', '2021-11-15 16:09:20'),
	('SCH2021111638c5', 10, 6, 'ORD020.5', '#8ca8df', 597, 661, 8.7, 9.5, '2021-11-16 00:15:47', '2021-11-16 00:15:47'),
	('SCH2021111638g8', 1, 9, 'ORD013.5', 'lightyellow', 664, 754, 8.7, 9.5, '2021-11-16 01:24:01', '2021-11-16 01:24:01'),
	('SCH2021111638g9', 10, 10, 'ORD013.5', 'lightyellow', 655, 745, 8.7, 9.5, '2021-11-16 01:26:15', '2021-11-16 01:26:15'),
	('SCH2021111638l11', 10, 12, 'ORD015.7', 'silver', 688, 709, 8.7, 9.5, '2021-11-16 07:10:21', '2021-11-16 07:10:21'),
	('SCH2021111638l15', 10, 16, 'ORD015.7', 'silver', 731, 752, 8.7, 9.5, '2021-11-16 08:58:12', '2021-11-16 08:58:12'),
	('SCH2021111639a12', 10, 13, 'ORD018.8', 'orange', 643, 691, 9.7, 10.5, '2021-11-16 07:26:38', '2021-11-16 07:26:38'),
	('SCH2021111639c2', 1, 3, 'ORD020.6', '#8ca8df', 667, 743, 9.7, 10.5, '2021-11-15 16:09:24', '2021-11-15 16:09:24'),
	('SCH2021111639c7', 1, 8, 'ORD020.6', '#8ca8df', 762, 838, 9.7, 10.5, '2021-11-16 00:43:36', '2021-11-16 00:43:37'),
	('SCH2021111639c8', 1, 9, 'ORD020.6', '#8ca8df', 537, 613, 9.7, 10.5, '2021-11-16 01:24:01', '2021-11-16 01:24:01'),
	('SCH2021111639e10', 1, 11, 'ORD019.6', 'grey', 715, 726, 9.7, 10.5, '2021-11-16 02:00:35', '2021-11-16 02:00:35'),
	('SCH2021111639e16', 10, 17, 'ORD019.6', 'grey', 620, 631, 9.7, 10.5, '2021-11-16 09:06:01', '2021-11-16 09:06:01'),
	('SCH2021111639e4', 1, 5, 'ORD019.6', 'grey', 849, 860, 9.7, 10.5, '2021-11-15 16:53:54', '2021-11-15 16:53:55'),
	('SCH2021111639e9', 10, 10, 'ORD019.6', 'grey', 730, 741, 9.7, 10.5, '2021-11-16 01:26:15', '2021-11-16 01:26:15'),
	('SCH2021111639g14', 1, 15, 'ORD017.7', 'lightgreen', 714, 746, 9.7, 10.5, '2021-11-16 08:55:11', '2021-11-16 08:55:11'),
	('SCH2021111639g15', 10, 16, 'ORD017.7', 'lightgreen', 552, 584, 9.7, 10.5, '2021-11-16 08:58:12', '2021-11-16 08:58:12'),
	('SCH2021111639g6', 1, 7, 'ORD017.7', 'lightgreen', 696, 728, 9.7, 10.5, '2021-11-16 00:25:03', '2021-11-16 00:25:04'),
	('SCH2021111639l3', 10, 4, 'ORD011.10', 'yellow', 604, 625, 9.7, 10.5, '2021-11-15 16:11:55', '2021-11-15 16:11:55'),
	('SCH2021111639n11', 10, 12, 'ORD016.6', 'pink', 694, 766, 9.7, 10.5, '2021-11-16 07:10:25', '2021-11-16 07:10:25'),
	('SCH2021111639n13', 1, 14, 'ORD016.6', 'pink', 653, 725, 9.7, 10.5, '2021-11-16 08:53:56', '2021-11-16 08:53:56'),
	('SCH2021111639n5', 10, 6, 'ORD016.6', 'pink', 508, 580, 9.7, 10.5, '2021-11-16 00:15:47', '2021-11-16 00:15:47'),
	('SCH2021111640a15', 10, 16, 'ORD018.2', 'orange', 240, 326, 0.7, 1.5, '2021-11-16 08:58:10', '2021-11-16 08:58:10'),
	('SCH2021111640a2', 1, 3, 'ORD018.2', 'orange', 313, 399, 0.7, 1.5, '2021-11-15 16:08:53', '2021-11-15 16:08:53'),
	('SCH2021111640a3', 10, 4, 'ORD018.2', 'orange', 205, 291, 0.7, 1.5, '2021-11-15 16:11:24', '2021-11-15 16:11:24'),
	('SCH2021111640a7', 1, 8, 'ORD018.2', 'orange', 154, 240, 0.7, 1.5, '2021-11-16 00:43:05', '2021-11-16 00:43:05'),
	('SCH2021111640c13', 1, 14, 'ORD020.2', '#8ca8df', 257, 270, 0.7, 1.5, '2021-11-16 08:53:54', '2021-11-16 08:53:54'),
	('SCH2021111640c6', 1, 7, 'ORD020.2', '#8ca8df', 215, 228, 0.7, 1.5, '2021-11-16 00:24:31', '2021-11-16 00:24:31'),
	('SCH2021111640c9', 10, 10, 'ORD020.2', '#8ca8df', 259, 272, 0.7, 1.5, '2021-11-16 01:26:13', '2021-11-16 01:26:13'),
	('SCH2021111640e10', 1, 11, 'ORD019.1', 'grey', 195, 271, 0.7, 1.5, '2021-11-16 02:00:33', '2021-11-16 02:00:33'),
	('SCH2021111640e5', 10, 6, 'ORD019.1', 'grey', 200, 276, 0.7, 1.5, '2021-11-16 00:15:45', '2021-11-16 00:15:45'),
	('SCH2021111640g16', 10, 17, 'ORD017.2', 'lightgreen', 295, 332, 0.7, 1.5, '2021-11-16 09:05:59', '2021-11-16 09:05:59'),
	('SCH2021111640g8', 1, 9, 'ORD017.2', 'lightgreen', 305, 342, 0.7, 1.5, '2021-11-16 01:23:59', '2021-11-16 01:23:59'),
	('SCH2021111640l11', 10, 12, 'ORD015.2', 'silver', 252, 258, 0.7, 1.5, '2021-11-16 07:09:53', '2021-11-16 07:09:53'),
	('SCH2021111640l12', 10, 13, 'ORD011.1', 'yellow', 242, 271, 0.7, 1.5, '2021-11-16 07:26:06', '2021-11-16 07:26:06'),
	('SCH2021111640l14', 1, 15, 'ORD015.2', 'silver', 290, 296, 0.7, 1.5, '2021-11-16 08:55:09', '2021-11-16 08:55:09'),
	('SCH2021111640n4', 1, 5, 'ORD016.7', 'pink', 430, 477, 0.7, 1.5, '2021-11-15 16:53:22', '2021-11-15 16:53:23'),
	('SCH2021111641a10', 1, 11, 'ORD018.3', 'orange', 207, 253, 1.7, 2.5, '2021-11-16 02:00:33', '2021-11-16 02:00:33'),
	('SCH2021111641a11', 10, 12, 'ORD018.3', 'orange', 215, 261, 1.7, 2.5, '2021-11-16 07:09:56', '2021-11-16 07:09:57'),
	('SCH2021111641a12', 10, 13, 'ORD018.3', 'orange', 242, 288, 1.7, 2.5, '2021-11-16 07:26:10', '2021-11-16 07:26:10'),
	('SCH2021111641a14', 1, 15, 'ORD018.3', 'orange', 290, 336, 1.7, 2.5, '2021-11-16 08:55:09', '2021-11-16 08:55:09'),
	('SCH2021111641a15', 10, 16, 'ORD014.1', 'khaki', 202, 283, 1.7, 2.5, '2021-11-16 08:58:10', '2021-11-16 08:58:10'),
	('SCH2021111641c5', 10, 6, 'ORD020.1', '#8ca8df', 287, 372, 1.7, 2.5, '2021-11-16 00:15:45', '2021-11-16 00:15:45'),
	('SCH2021111641e9', 10, 10, 'ORD019.2', 'grey', 259, 328, 1.7, 2.5, '2021-11-16 01:26:14', '2021-11-16 01:26:14'),
	('SCH2021111641g16', 10, 17, 'ORD017.1', 'lightgreen', 249, 295, 1.7, 2.5, '2021-11-16 09:05:59', '2021-11-16 09:05:59'),
	('SCH2021111641g3', 10, 4, 'ORD013.1', 'lightyellow', 207, 298, 1.7, 2.5, '2021-11-15 16:11:27', '2021-11-15 16:11:27'),
	('SCH2021111641g4', 1, 5, 'ORD017.1', 'lightgreen', 259, 305, 1.7, 2.5, '2021-11-15 16:53:26', '2021-11-15 16:53:26'),
	('SCH2021111641g8', 1, 9, 'ORD017.1', 'lightgreen', 237, 283, 1.7, 2.5, '2021-11-16 01:23:59', '2021-11-16 01:23:59'),
	('SCH2021111641l2', 1, 3, 'ORD015.3', 'silver', 201, 223, 1.7, 2.5, '2021-11-15 16:08:56', '2021-11-15 16:08:57'),
	('SCH2021111641l6', 1, 7, 'ORD015.3', 'silver', 214, 236, 1.7, 2.5, '2021-11-16 00:24:35', '2021-11-16 00:24:35'),
	('SCH2021111641n13', 1, 14, 'ORD016.2', 'pink', 326, 328, 1.7, 2.5, '2021-11-16 08:53:54', '2021-11-16 08:53:54'),
	('SCH2021111641n7', 1, 8, 'ORD016.2', 'pink', 263, 265, 1.7, 2.5, '2021-11-16 00:43:09', '2021-11-16 00:43:09'),
	('SCH2021111642a10', 1, 11, 'ORD014.2', 'khaki', 214, 309, 2.7, 3.5, '2021-11-16 02:00:34', '2021-11-16 02:00:34'),
	('SCH2021111642a11', 10, 12, 'ORD014.2', 'khaki', 219, 314, 2.7, 3.5, '2021-11-16 07:10:00', '2021-11-16 07:10:00'),
	('SCH2021111642a4', 1, 5, 'ORD014.2', 'khaki', 289, 384, 2.7, 3.5, '2021-11-15 16:53:30', '2021-11-15 16:53:30'),
	('SCH2021111642a7', 1, 8, 'ORD014.2', 'khaki', 219, 314, 2.7, 3.5, '2021-11-16 00:43:12', '2021-11-16 00:43:12'),
	('SCH2021111642a8', 1, 9, 'ORD014.2', 'khaki', 219, 314, 2.7, 3.5, '2021-11-16 01:24:00', '2021-11-16 01:24:00'),
	('SCH2021111642c13', 1, 14, 'ORD020.3', '#8ca8df', 283, 344, 2.7, 3.5, '2021-11-16 08:53:55', '2021-11-16 08:53:55'),
	('SCH2021111642c6', 1, 7, 'ORD020.3', '#8ca8df', 309, 370, 2.7, 3.5, '2021-11-16 00:24:39', '2021-11-16 00:24:39'),
	('SCH2021111642e15', 10, 16, 'ORD019.5', 'grey', 283, 368, 2.7, 3.5, '2021-11-16 08:58:11', '2021-11-16 08:58:11'),
	('SCH2021111642e2', 1, 3, 'ORD019.5', 'grey', 360, 445, 2.7, 3.5, '2021-11-15 16:09:00', '2021-11-15 16:09:00'),
	('SCH2021111642g14', 1, 15, 'ORD013.4', 'lightyellow', 273, 347, 2.7, 3.5, '2021-11-16 08:55:09', '2021-11-16 08:55:09'),
	('SCH2021111642g5', 10, 6, 'ORD017.4', 'lightgreen', 325, 338, 2.7, 3.5, '2021-11-16 00:15:45', '2021-11-16 00:15:45'),
	('SCH2021111642i9', 10, 10, 'ORD012.2', 'whitesmoke', 224, 314, 2.7, 3.5, '2021-11-16 01:26:14', '2021-11-16 01:26:14'),
	('SCH2021111642l12', 10, 13, 'ORD015.1', 'silver', 304, 318, 2.7, 3.5, '2021-11-16 07:26:13', '2021-11-16 07:26:13'),
	('SCH2021111642l16', 10, 17, 'ORD011.3', 'yellow', 249, 258, 2.7, 3.5, '2021-11-16 09:06:00', '2021-11-16 09:06:00'),
	('SCH2021111642l3', 10, 4, 'ORD015.1', 'silver', 214, 228, 2.7, 3.5, '2021-11-15 16:11:31', '2021-11-15 16:11:31'),
	('SCH2021111643e10', 1, 11, 'ORD019.3', 'grey', 503, 579, 3.7, 4.5, '2021-11-16 02:00:34', '2021-11-16 02:00:34'),
	('SCH2021111643e4', 1, 5, 'ORD019.3', 'grey', 480, 556, 3.7, 4.5, '2021-11-15 16:53:33', '2021-11-15 16:53:33'),
	('SCH2021111643e5', 10, 6, 'ORD019.3', 'grey', 463, 539, 3.7, 4.5, '2021-11-16 00:15:45', '2021-11-16 00:15:45'),
	('SCH2021111643g15', 10, 16, 'ORD013.3', 'lightyellow', 464, 503, 3.7, 4.5, '2021-11-16 08:58:11', '2021-11-16 08:58:11'),
	('SCH2021111643g2', 1, 3, 'ORD013.3', 'lightyellow', 534, 573, 3.7, 4.5, '2021-11-15 16:09:03', '2021-11-15 16:09:04'),
	('SCH2021111643g3', 10, 4, 'ORD013.3', 'lightyellow', 602, 641, 3.7, 4.5, '2021-11-15 16:11:34', '2021-11-15 16:11:34'),
	('SCH2021111643g6', 1, 7, 'ORD013.3', 'lightyellow', 527, 566, 3.7, 4.5, '2021-11-16 00:24:42', '2021-11-16 00:24:42'),
	('SCH2021111643g8', 1, 9, 'ORD013.3', 'lightyellow', 536, 575, 3.7, 4.5, '2021-11-16 01:24:00', '2021-11-16 01:24:00'),
	('SCH2021111643i16', 10, 17, 'ORD012.5', 'whitesmoke', 469, 538, 3.7, 4.5, '2021-11-16 09:06:00', '2021-11-16 09:06:00'),
	('SCH2021111643i7', 1, 8, 'ORD012.5', 'whitesmoke', 570, 639, 3.7, 4.5, '2021-11-16 00:43:16', '2021-11-16 00:43:16'),
	('SCH2021111643l11', 10, 12, 'ORD015.5', 'silver', 476, 502, 3.7, 4.5, '2021-11-16 07:10:04', '2021-11-16 07:10:04'),
	('SCH2021111643l12', 10, 13, 'ORD015.5', 'silver', 553, 579, 3.7, 4.5, '2021-11-16 07:26:17', '2021-11-16 07:26:17'),
	('SCH2021111643l13', 1, 14, 'ORD015.5', 'silver', 605, 631, 3.7, 4.5, '2021-11-16 08:53:55', '2021-11-16 08:53:55'),
	('SCH2021111643l14', 1, 15, 'ORD015.5', 'silver', 522, 548, 3.7, 4.5, '2021-11-16 08:55:10', '2021-11-16 08:55:10'),
	('SCH2021111643l9', 10, 10, 'ORD011.4', 'yellow', 595, 631, 3.7, 4.5, '2021-11-16 01:26:14', '2021-11-16 01:26:14'),
	('SCH2021111644a15', 10, 16, 'ORD014.4', 'khaki', 656, 755, 4.7, 5.5, '2021-11-16 08:58:11', '2021-11-16 08:58:11'),
	('SCH2021111644a16', 10, 17, 'ORD018.5', 'orange', 691, 723, 4.7, 5.5, '2021-11-16 09:06:00', '2021-11-16 09:06:00'),
	('SCH2021111644e11', 10, 12, 'ORD019.9', 'grey', 775, 801, 4.7, 5.5, '2021-11-16 07:10:07', '2021-11-16 07:10:07'),
	('SCH2021111644l10', 1, 11, 'ORD015.6', 'silver', 717, 786, 4.7, 5.5, '2021-11-16 02:00:34', '2021-11-16 02:00:34'),
	('SCH2021111644l12', 10, 13, 'ORD011.5', 'yellow', 654, 752, 4.7, 5.5, '2021-11-16 07:26:20', '2021-11-16 07:26:21'),
	('SCH2021111644l13', 1, 14, 'ORD011.5', 'yellow', 785, 883, 4.7, 5.5, '2021-11-16 08:53:55', '2021-11-16 08:53:55'),
	('SCH2021111644l14', 1, 15, 'ORD011.5', 'yellow', 617, 715, 4.7, 5.5, '2021-11-16 08:55:10', '2021-11-16 08:55:10'),
	('SCH2021111644l2', 1, 3, 'ORD011.5', 'yellow', 728, 826, 4.7, 5.5, '2021-11-15 16:09:07', '2021-11-15 16:09:07'),
	('SCH2021111644l3', 10, 4, 'ORD015.6', 'silver', 740, 809, 4.7, 5.5, '2021-11-15 16:11:38', '2021-11-15 16:11:38'),
	('SCH2021111644l4', 1, 5, 'ORD015.6', 'silver', 777, 846, 4.7, 5.5, '2021-11-15 16:53:37', '2021-11-15 16:53:37'),
	('SCH2021111644l5', 10, 6, 'ORD015.6', 'silver', 809, 878, 4.7, 5.5, '2021-11-16 00:15:46', '2021-11-16 00:15:46'),
	('SCH2021111644l6', 1, 7, 'ORD011.5', 'yellow', 705, 803, 4.7, 5.5, '2021-11-16 00:24:46', '2021-11-16 00:24:46'),
	('SCH2021111644l7', 1, 8, 'ORD011.5', 'yellow', 591, 689, 4.7, 5.5, '2021-11-16 00:43:19', '2021-11-16 00:43:19'),
	('SCH2021111644l8', 1, 9, 'ORD011.5', 'yellow', 769, 867, 4.7, 5.5, '2021-11-16 01:24:00', '2021-11-16 01:24:00'),
	('SCH2021111644l9', 10, 10, 'ORD015.6', 'silver', 729, 798, 4.7, 5.5, '2021-11-16 01:26:14', '2021-11-16 01:26:14'),
	('SCH2021111645c6', 1, 7, 'ORD020.7', '#8ca8df', 517, 564, 5.7, 6.5, '2021-11-16 00:24:49', '2021-11-16 00:24:50'),
	('SCH2021111645e10', 1, 11, 'ORD019.4', 'grey', 579, 630, 5.7, 6.5, '2021-11-16 02:00:34', '2021-11-16 02:00:34'),
	('SCH2021111645e5', 10, 6, 'ORD019.4', 'grey', 539, 590, 5.7, 6.5, '2021-11-16 00:15:46', '2021-11-16 00:15:46'),
	('SCH2021111645g11', 10, 12, 'ORD013.6', 'lightyellow', 640, 650, 5.7, 6.5, '2021-11-16 07:10:11', '2021-11-16 07:10:11'),
	('SCH2021111645g13', 1, 14, 'ORD013.6', 'lightyellow', 605, 615, 5.7, 6.5, '2021-11-16 08:53:55', '2021-11-16 08:53:55'),
	('SCH2021111645g14', 1, 15, 'ORD017.6', 'lightgreen', 606, 627, 5.7, 6.5, '2021-11-16 08:55:10', '2021-11-16 08:55:10'),
	('SCH2021111645g15', 10, 16, 'ORD017.6', 'lightgreen', 531, 552, 5.7, 6.5, '2021-11-16 08:58:11', '2021-11-16 08:58:11'),
	('SCH2021111645g2', 1, 3, 'ORD017.6', 'lightgreen', 641, 662, 5.7, 6.5, '2021-11-15 16:09:10', '2021-11-15 16:09:10'),
	('SCH2021111645i4', 1, 5, 'ORD012.8', 'whitesmoke', 607, 653, 5.7, 6.5, '2021-11-15 16:53:40', '2021-11-15 16:53:41'),
	('SCH2021111645i7', 1, 8, 'ORD012.8', 'whitesmoke', 807, 853, 5.7, 6.5, '2021-11-16 00:43:23', '2021-11-16 00:43:23'),
	('SCH2021111645i9', 10, 10, 'ORD012.8', 'whitesmoke', 645, 691, 5.7, 6.5, '2021-11-16 01:26:14', '2021-11-16 01:26:14'),
	('SCH2021111645l12', 10, 13, 'ORD015.4', 'silver', 492, 553, 5.7, 6.5, '2021-11-16 07:26:24', '2021-11-16 07:26:24'),
	('SCH2021111645l16', 10, 17, 'ORD015.4', 'silver', 535, 596, 5.7, 6.5, '2021-11-16 09:06:00', '2021-11-16 09:06:00'),
	('SCH2021111645l3', 10, 4, 'ORD015.4', 'silver', 653, 714, 5.7, 6.5, '2021-11-15 16:11:41', '2021-11-15 16:11:41'),
	('SCH2021111645l8', 1, 9, 'ORD015.4', 'silver', 613, 674, 5.7, 6.5, '2021-11-16 01:24:00', '2021-11-16 01:24:00'),
	('SCH2021111646a11', 10, 12, 'ORD014.5', 'khaki', 703, 712, 6.7, 7.5, '2021-11-16 07:10:14', '2021-11-16 07:10:15'),
	('SCH2021111646a15', 10, 16, 'ORD018.6', 'orange', 691, 779, 6.7, 7.5, '2021-11-16 08:58:11', '2021-11-16 08:58:11'),
	('SCH2021111646a3', 10, 4, 'ORD014.5', 'khaki', 669, 678, 6.7, 7.5, '2021-11-15 16:11:45', '2021-11-15 16:11:45'),
	('SCH2021111646a4', 1, 5, 'ORD014.5', 'khaki', 666, 675, 6.7, 7.5, '2021-11-15 16:53:44', '2021-11-15 16:53:44'),
	('SCH2021111646a8', 1, 9, 'ORD018.6', 'orange', 599, 687, 6.7, 7.5, '2021-11-16 01:24:01', '2021-11-16 01:24:01'),
	('SCH2021111646c10', 1, 11, 'ORD020.4', '#8ca8df', 586, 593, 6.7, 7.5, '2021-11-16 02:00:35', '2021-11-16 02:00:35'),
	('SCH2021111646e5', 10, 6, 'ORD019.7', 'grey', 735, 775, 6.7, 7.5, '2021-11-16 00:15:46', '2021-11-16 00:15:46'),
	('SCH2021111646e6', 1, 7, 'ORD019.7', 'grey', 739, 779, 6.7, 7.5, '2021-11-16 00:24:53', '2021-11-16 00:24:53'),
	('SCH2021111646g13', 1, 14, 'ORD013.8', 'lightyellow', 706, 795, 6.7, 7.5, '2021-11-16 08:53:56', '2021-11-16 08:53:56'),
	('SCH2021111646g14', 1, 15, 'ORD013.8', 'lightyellow', 606, 695, 6.7, 7.5, '2021-11-16 08:55:10', '2021-11-16 08:55:10'),
	('SCH2021111646g7', 1, 8, 'ORD017.5', 'lightgreen', 729, 761, 6.7, 7.5, '2021-11-16 00:43:26', '2021-11-16 00:43:26'),
	('SCH2021111646l9', 10, 10, 'ORD011.7', 'yellow', 740, 802, 6.7, 7.5, '2021-11-16 01:26:15', '2021-11-16 01:26:15'),
	('SCH2021111646n12', 10, 13, 'ORD016.8', 'pink', 644, 709, 6.7, 7.5, '2021-11-16 07:26:28', '2021-11-16 07:26:28'),
	('SCH2021111646n16', 10, 17, 'ORD016.8', 'pink', 564, 629, 6.7, 7.5, '2021-11-16 09:06:00', '2021-11-16 09:06:00'),
	('SCH2021111646n2', 1, 3, 'ORD016.8', 'pink', 730, 795, 6.7, 7.5, '2021-11-15 16:09:14', '2021-11-15 16:09:14'),
	('SCH2021111647a11', 10, 12, 'ORD018.9', 'orange', 908, 944, 7.7, 8.5, '2021-11-16 07:10:18', '2021-11-16 07:10:18'),
	('SCH2021111647a4', 1, 5, 'ORD014.7', 'khaki', 916, 1001, 7.7, 8.5, '2021-11-15 16:53:48', '2021-11-15 16:53:48'),
	('SCH2021111647a8', 1, 9, 'ORD018.9', 'orange', 904, 940, 7.7, 8.5, '2021-11-16 01:24:01', '2021-11-16 01:24:01'),
	('SCH2021111647e9', 10, 10, 'ORD019.8', 'grey', 880, 969, 7.7, 8.5, '2021-11-16 01:26:15', '2021-11-16 01:26:15'),
	('SCH2021111647g15', 10, 16, 'ORD017.9', 'lightgreen', 929, 959, 7.7, 8.5, '2021-11-16 08:58:12', '2021-11-16 08:58:12'),
	('SCH2021111647g16', 10, 17, 'ORD017.9', 'lightgreen', 842, 872, 7.7, 8.5, '2021-11-16 09:06:01', '2021-11-16 09:06:01'),
	('SCH2021111647g2', 1, 3, 'ORD013.7', 'lightyellow', 980, 992, 7.7, 8.5, '2021-11-15 16:09:17', '2021-11-15 16:09:17'),
	('SCH2021111647g3', 10, 4, 'ORD013.7', 'lightyellow', 912, 924, 7.7, 8.5, '2021-11-15 16:11:48', '2021-11-15 16:11:48'),
	('SCH2021111647g6', 1, 7, 'ORD017.9', 'lightgreen', 874, 904, 7.7, 8.5, '2021-11-16 00:24:57', '2021-11-16 00:24:57'),
	('SCH2021111647g7', 1, 8, 'ORD013.7', 'lightyellow', 942, 954, 7.7, 8.5, '2021-11-16 00:43:30', '2021-11-16 00:43:30'),
	('SCH2021111647i13', 1, 14, 'ORD012.9', 'whitesmoke', 894, 966, 7.7, 8.5, '2021-11-16 08:53:56', '2021-11-16 08:53:56'),
	('SCH2021111647i14', 1, 15, 'ORD012.9', 'whitesmoke', 824, 896, 7.7, 8.5, '2021-11-16 08:55:10', '2021-11-16 08:55:10'),
	('SCH2021111647l10', 1, 11, 'ORD015.8', 'silver', 943, 992, 7.7, 8.5, '2021-11-16 02:00:35', '2021-11-16 02:00:35'),
	('SCH2021111647l5', 10, 6, 'ORD011.8', 'yellow', 880, 936, 7.7, 8.5, '2021-11-16 00:15:46', '2021-11-16 00:15:46'),
	('SCH2021111647n12', 10, 13, 'ORD016.10', 'pink', 838, 863, 7.7, 8.5, '2021-11-16 07:26:31', '2021-11-16 07:26:31'),
	('SCH2021111648a15', 10, 16, 'ORD014.6', 'khaki', 788, 840, 8.7, 9.5, '2021-11-16 08:58:12', '2021-11-16 08:58:12'),
	('SCH2021111648a6', 1, 7, 'ORD014.6', 'khaki', 643, 695, 8.7, 9.5, '2021-11-16 00:25:00', '2021-11-16 00:25:00'),
	('SCH2021111648a9', 10, 10, 'ORD018.7', 'orange', 745, 764, 8.7, 9.5, '2021-11-16 01:26:15', '2021-11-16 01:26:15'),
	('SCH2021111648c11', 10, 12, 'ORD020.5', '#8ca8df', 709, 773, 8.7, 9.5, '2021-11-16 07:10:21', '2021-11-16 07:10:22'),
	('SCH2021111648c7', 1, 8, 'ORD020.5', '#8ca8df', 698, 762, 8.7, 9.5, '2021-11-16 00:43:33', '2021-11-16 00:43:33'),
	('SCH2021111648g10', 1, 11, 'ORD013.5', 'lightyellow', 791, 881, 8.7, 9.5, '2021-11-16 02:00:35', '2021-11-16 02:00:35'),
	('SCH2021111648g2', 1, 3, 'ORD013.5', 'lightyellow', 683, 773, 8.7, 9.5, '2021-11-15 16:09:21', '2021-11-15 16:09:21'),
	('SCH2021111648g3', 10, 4, 'ORD013.5', 'lightyellow', 812, 902, 8.7, 9.5, '2021-11-15 16:11:52', '2021-11-15 16:11:52'),
	('SCH2021111648i5', 10, 6, 'ORD012.10', 'whitesmoke', 736, 766, 8.7, 9.5, '2021-11-16 00:15:47', '2021-11-16 00:15:47'),
	('SCH2021111648l12', 10, 13, 'ORD015.7', 'silver', 648, 669, 8.7, 9.5, '2021-11-16 07:26:35', '2021-11-16 07:26:35'),
	('SCH2021111648l13', 1, 14, 'ORD015.7', 'silver', 705, 726, 8.7, 9.5, '2021-11-16 08:53:56', '2021-11-16 08:53:56'),
	('SCH2021111648l14', 1, 15, 'ORD015.7', 'silver', 690, 711, 8.7, 9.5, '2021-11-16 08:55:11', '2021-11-16 08:55:11'),
	('SCH2021111648l16', 10, 17, 'ORD015.7', 'silver', 691, 712, 8.7, 9.5, '2021-11-16 09:06:01', '2021-11-16 09:06:01'),
	('SCH2021111648l4', 1, 5, 'ORD015.7', 'silver', 846, 867, 8.7, 9.5, '2021-11-15 16:53:51', '2021-11-15 16:53:51'),
	('SCH2021111648l8', 1, 9, 'ORD015.7', 'silver', 769, 790, 8.7, 9.5, '2021-11-16 01:24:01', '2021-11-16 01:24:01'),
	('SCH2021111649a10', 1, 11, 'ORD014.9', 'khaki', 821, 843, 9.7, 10.5, '2021-11-16 02:00:35', '2021-11-16 02:00:35'),
	('SCH2021111649a7', 1, 8, 'ORD018.8', 'orange', 838, 886, 9.7, 10.5, '2021-11-16 00:43:37', '2021-11-16 00:43:37'),
	('SCH2021111649a9', 10, 10, 'ORD014.9', 'khaki', 838, 860, 9.7, 10.5, '2021-11-16 01:26:15', '2021-11-16 01:26:15'),
	('SCH2021111649c15', 10, 16, 'ORD020.6', '#8ca8df', 731, 807, 9.7, 10.5, '2021-11-16 08:58:12', '2021-11-16 08:58:12'),
	('SCH2021111649e12', 10, 13, 'ORD019.6', 'grey', 691, 702, 9.7, 10.5, '2021-11-16 07:26:38', '2021-11-16 07:26:39'),
	('SCH2021111649e14', 1, 15, 'ORD019.6', 'grey', 746, 757, 9.7, 10.5, '2021-11-16 08:55:11', '2021-11-16 08:55:11'),
	('SCH2021111649e3', 10, 4, 'ORD019.6', 'grey', 738, 749, 9.7, 10.5, '2021-11-15 16:11:55', '2021-11-15 16:11:55'),
	('SCH2021111649e5', 10, 6, 'ORD019.6', 'grey', 724, 735, 9.7, 10.5, '2021-11-16 00:15:47', '2021-11-16 00:15:47'),
	('SCH2021111649e6', 1, 7, 'ORD019.6', 'grey', 728, 739, 9.7, 10.5, '2021-11-16 00:25:04', '2021-11-16 00:25:04'),
	('SCH2021111649g11', 10, 12, 'ORD017.7', 'lightgreen', 766, 798, 9.7, 10.5, '2021-11-16 07:10:25', '2021-11-16 07:10:25'),
	('SCH2021111649g13', 1, 14, 'ORD017.7', 'lightgreen', 848, 880, 9.7, 10.5, '2021-11-16 08:53:56', '2021-11-16 08:53:56'),
	('SCH2021111649g16', 10, 17, 'ORD017.7', 'lightgreen', 631, 663, 9.7, 10.5, '2021-11-16 09:06:01', '2021-11-16 09:06:01'),
	('SCH2021111649g4', 1, 5, 'ORD017.7', 'lightgreen', 860, 892, 9.7, 10.5, '2021-11-15 16:53:55', '2021-11-15 16:53:55'),
	('SCH2021111649g8', 1, 9, 'ORD017.7', 'lightgreen', 695, 727, 9.7, 10.5, '2021-11-16 01:24:01', '2021-11-16 01:24:01'),
	('SCH2021111649l2', 1, 3, 'ORD015.9', 'silver', 743, 815, 9.7, 10.5, '2021-11-15 16:09:24', '2021-11-15 16:09:24'),
	('SCH2021111650a10', 1, 11, 'ORD014.3', 'khaki', 309, 380, 0.7, 1.5, '2021-11-16 02:00:33', '2021-11-16 02:00:33'),
	('SCH2021111650a12', 10, 13, 'ORD014.3', 'khaki', 304, 375, 0.7, 1.5, '2021-11-16 07:26:06', '2021-11-16 07:26:07'),
	('SCH2021111650a7', 1, 8, 'ORD014.3', 'khaki', 314, 385, 0.7, 1.5, '2021-11-16 00:43:05', '2021-11-16 00:43:06'),
	('SCH2021111650a8', 1, 9, 'ORD014.3', 'khaki', 342, 413, 0.7, 1.5, '2021-11-16 01:23:59', '2021-11-16 01:23:59'),
	('SCH2021111650c16', 10, 17, 'ORD020.2', '#8ca8df', 332, 345, 0.7, 1.5, '2021-11-16 09:05:59', '2021-11-16 09:05:59'),
	('SCH2021111650c3', 10, 4, 'ORD020.2', '#8ca8df', 383, 396, 0.7, 1.5, '2021-11-15 16:11:24', '2021-11-15 16:11:24'),
	('SCH2021111650g11', 10, 12, 'ORD013.2', 'lightyellow', 352, 437, 0.7, 1.5, '2021-11-16 07:09:53', '2021-11-16 07:09:53'),
	('SCH2021111650g13', 1, 14, 'ORD013.2', 'lightyellow', 270, 355, 0.7, 1.5, '2021-11-16 08:53:54', '2021-11-16 08:53:54'),
	('SCH2021111650g14', 1, 15, 'ORD017.2', 'lightgreen', 296, 333, 0.7, 1.5, '2021-11-16 08:55:09', '2021-11-16 08:55:09'),
	('SCH2021111650g15', 10, 16, 'ORD013.2', 'lightyellow', 374, 459, 0.7, 1.5, '2021-11-16 08:58:10', '2021-11-16 08:58:10'),
	('SCH2021111650g2', 1, 3, 'ORD017.2', 'lightgreen', 399, 436, 0.7, 1.5, '2021-11-15 16:08:53', '2021-11-15 16:08:54'),
	('SCH2021111650i6', 1, 7, 'ORD012.1', 'whitesmoke', 228, 271, 0.7, 1.5, '2021-11-16 00:24:32', '2021-11-16 00:24:32'),
	('SCH2021111650l4', 1, 5, 'ORD015.2', 'silver', 477, 483, 0.7, 1.5, '2021-11-15 16:53:23', '2021-11-15 16:53:23'),
	('SCH2021111650l5', 10, 6, 'ORD015.2', 'silver', 276, 282, 0.7, 1.5, '2021-11-16 00:15:45', '2021-11-16 00:15:45'),
	('SCH2021111650l9', 10, 10, 'ORD011.1', 'yellow', 272, 301, 0.7, 1.5, '2021-11-16 01:26:13', '2021-11-16 01:26:13'),
	('SCH2021111651a6', 1, 7, 'ORD018.3', 'orange', 236, 282, 1.7, 2.5, '2021-11-16 00:24:35', '2021-11-16 00:24:35'),
	('SCH2021111651c3', 10, 4, 'ORD020.1', '#8ca8df', 298, 383, 1.7, 2.5, '2021-11-15 16:11:28', '2021-11-15 16:11:28'),
	('SCH2021111651e16', 10, 17, 'ORD019.2', 'grey', 295, 364, 1.7, 2.5, '2021-11-16 09:05:59', '2021-11-16 09:05:59'),
	('SCH2021111651g10', 1, 11, 'ORD013.1', 'lightyellow', 253, 344, 1.7, 2.5, '2021-11-16 02:00:33', '2021-11-16 02:00:33'),
	('SCH2021111651g11', 10, 12, 'ORD013.1', 'lightyellow', 261, 352, 1.7, 2.5, '2021-11-16 07:09:57', '2021-11-16 07:09:57'),
	('SCH2021111651g12', 10, 13, 'ORD013.1', 'lightyellow', 288, 379, 1.7, 2.5, '2021-11-16 07:26:10', '2021-11-16 07:26:10'),
	('SCH2021111651g13', 1, 14, 'ORD017.1', 'lightgreen', 328, 374, 1.7, 2.5, '2021-11-16 08:53:54', '2021-11-16 08:53:55'),
	('SCH2021111651g15', 10, 16, 'ORD013.1', 'lightyellow', 283, 374, 1.7, 2.5, '2021-11-16 08:58:10', '2021-11-16 08:58:10'),
	('SCH2021111651g2', 1, 3, 'ORD013.1', 'lightyellow', 223, 314, 1.7, 2.5, '2021-11-15 16:08:57', '2021-11-15 16:08:57'),
	('SCH2021111651g8', 1, 9, 'ORD013.1', 'lightyellow', 283, 374, 1.7, 2.5, '2021-11-16 01:23:59', '2021-11-16 01:23:59'),
	('SCH2021111651l14', 1, 15, 'ORD015.3', 'silver', 336, 358, 1.7, 2.5, '2021-11-16 08:55:09', '2021-11-16 08:55:09'),
	('SCH2021111651l4', 1, 5, 'ORD011.2', 'yellow', 305, 383, 1.7, 2.5, '2021-11-15 16:53:26', '2021-11-15 16:53:27'),
	('SCH2021111651l5', 10, 6, 'ORD015.3', 'silver', 372, 394, 1.7, 2.5, '2021-11-16 00:15:45', '2021-11-16 00:15:45'),
	('SCH2021111651l7', 1, 8, 'ORD011.2', 'yellow', 265, 343, 1.7, 2.5, '2021-11-16 00:43:09', '2021-11-16 00:43:09'),
	('SCH2021111651l9', 10, 10, 'ORD011.2', 'yellow', 328, 406, 1.7, 2.5, '2021-11-16 01:26:14', '2021-11-16 01:26:14'),
	('SCH2021111652a13', 1, 14, 'ORD018.1', 'orange', 344, 375, 2.7, 3.5, '2021-11-16 08:53:55', '2021-11-16 08:53:55'),
	('SCH2021111652a16', 10, 17, 'ORD014.2', 'khaki', 258, 353, 2.7, 3.5, '2021-11-16 09:06:00', '2021-11-16 09:06:00'),
	('SCH2021111652a3', 10, 4, 'ORD014.2', 'khaki', 228, 323, 2.7, 3.5, '2021-11-15 16:11:31', '2021-11-15 16:11:31'),
	('SCH2021111652c8', 1, 9, 'ORD020.3', '#8ca8df', 314, 375, 2.7, 3.5, '2021-11-16 01:24:00', '2021-11-16 01:24:00'),
	('SCH2021111652c9', 10, 10, 'ORD020.3', '#8ca8df', 314, 375, 2.7, 3.5, '2021-11-16 01:26:14', '2021-11-16 01:26:14'),
	('SCH2021111652g10', 1, 11, 'ORD017.4', 'lightgreen', 311, 324, 2.7, 3.5, '2021-11-16 02:00:34', '2021-11-16 02:00:34'),
	('SCH2021111652g11', 10, 12, 'ORD017.4', 'lightgreen', 370, 383, 2.7, 3.5, '2021-11-16 07:10:00', '2021-11-16 07:10:01'),
	('SCH2021111652g12', 10, 13, 'ORD017.4', 'lightgreen', 333, 346, 2.7, 3.5, '2021-11-16 07:26:13', '2021-11-16 07:26:14'),
	('SCH2021111652g15', 10, 16, 'ORD017.4', 'lightgreen', 368, 381, 2.7, 3.5, '2021-11-16 08:58:11', '2021-11-16 08:58:11'),
	('SCH2021111652i2', 1, 3, 'ORD012.2', 'whitesmoke', 445, 535, 2.7, 3.5, '2021-11-15 16:09:00', '2021-11-15 16:09:00'),
	('SCH2021111652i6', 1, 7, 'ORD012.2', 'whitesmoke', 370, 460, 2.7, 3.5, '2021-11-16 00:24:39', '2021-11-16 00:24:39'),
	('SCH2021111652l4', 1, 5, 'ORD011.3', 'yellow', 384, 393, 2.7, 3.5, '2021-11-15 16:53:30', '2021-11-15 16:53:30'),
	('SCH2021111652l5', 10, 6, 'ORD011.3', 'yellow', 338, 347, 2.7, 3.5, '2021-11-16 00:15:45', '2021-11-16 00:15:45'),
	('SCH2021111652l7', 1, 8, 'ORD011.3', 'yellow', 343, 352, 2.7, 3.5, '2021-11-16 00:43:12', '2021-11-16 00:43:13'),
	('SCH2021111652n14', 1, 15, 'ORD016.1', 'pink', 347, 431, 2.7, 3.5, '2021-11-16 08:55:09', '2021-11-16 08:55:09'),
	('SCH2021111653g10', 1, 11, 'ORD013.3', 'lightyellow', 602, 641, 3.7, 4.5, '2021-11-16 02:00:34', '2021-11-16 02:00:34'),
	('SCH2021111653g12', 10, 13, 'ORD013.3', 'lightyellow', 579, 618, 3.7, 4.5, '2021-11-16 07:26:17', '2021-11-16 07:26:17'),
	('SCH2021111653g13', 1, 14, 'ORD017.3', 'lightgreen', 631, 692, 3.7, 4.5, '2021-11-16 08:53:55', '2021-11-16 08:53:55'),
	('SCH2021111653g4', 1, 5, 'ORD017.3', 'lightgreen', 690, 751, 3.7, 4.5, '2021-11-15 16:53:33', '2021-11-15 16:53:34'),
	('SCH2021111653g7', 1, 8, 'ORD017.3', 'lightgreen', 655, 716, 3.7, 4.5, '2021-11-16 00:43:16', '2021-11-16 00:43:16'),
	('SCH2021111653i11', 10, 12, 'ORD012.5', 'whitesmoke', 502, 571, 3.7, 4.5, '2021-11-16 07:10:04', '2021-11-16 07:10:04'),
	('SCH2021111653i6', 1, 7, 'ORD012.5', 'whitesmoke', 600, 669, 3.7, 4.5, '2021-11-16 00:24:42', '2021-11-16 00:24:43'),
	('SCH2021111653l14', 1, 15, 'ORD011.4', 'yellow', 576, 612, 3.7, 4.5, '2021-11-16 08:55:10', '2021-11-16 08:55:10'),
	('SCH2021111653l15', 10, 16, 'ORD015.5', 'silver', 503, 529, 3.7, 4.5, '2021-11-16 08:58:11', '2021-11-16 08:58:11'),
	('SCH2021111653l16', 10, 17, 'ORD015.5', 'silver', 596, 622, 3.7, 4.5, '2021-11-16 09:06:00', '2021-11-16 09:06:00'),
	('SCH2021111653l2', 1, 3, 'ORD011.4', 'yellow', 692, 728, 3.7, 4.5, '2021-11-15 16:09:04', '2021-11-15 16:09:04'),
	('SCH2021111653l3', 10, 4, 'ORD015.5', 'silver', 714, 740, 3.7, 4.5, '2021-11-15 16:11:35', '2021-11-15 16:11:35'),
	('SCH2021111653l5', 10, 6, 'ORD015.5', 'silver', 539, 565, 3.7, 4.5, '2021-11-16 00:15:45', '2021-11-16 00:15:45'),
	('SCH2021111653l8', 1, 9, 'ORD015.5', 'silver', 674, 700, 3.7, 4.5, '2021-11-16 01:24:00', '2021-11-16 01:24:00'),
	('SCH2021111653l9', 10, 10, 'ORD015.5', 'silver', 631, 657, 3.7, 4.5, '2021-11-16 01:26:14', '2021-11-16 01:26:14'),
	('SCH2021111654a4', 1, 5, 'ORD018.5', 'orange', 846, 878, 4.7, 5.5, '2021-11-15 16:53:37', '2021-11-15 16:53:37'),
	('SCH2021111654c13', 1, 14, 'ORD020.9', '#8ca8df', 883, 973, 4.7, 5.5, '2021-11-16 08:53:55', '2021-11-16 08:53:55'),
	('SCH2021111654c5', 10, 6, 'ORD020.9', '#8ca8df', 965, 1055, 4.7, 5.5, '2021-11-16 00:15:46', '2021-11-16 00:15:46'),
	('SCH2021111654c6', 1, 7, 'ORD020.9', '#8ca8df', 803, 893, 4.7, 5.5, '2021-11-16 00:24:46', '2021-11-16 00:24:46'),
	('SCH2021111654e14', 1, 15, 'ORD019.9', 'grey', 985, 1011, 4.7, 5.5, '2021-11-16 08:55:10', '2021-11-16 08:55:10'),
	('SCH2021111654e2', 1, 3, 'ORD019.9', 'grey', 924, 950, 4.7, 5.5, '2021-11-15 16:09:07', '2021-11-15 16:09:07'),
	('SCH2021111654g10', 1, 11, 'ORD017.10', 'lightgreen', 786, 841, 4.7, 5.5, '2021-11-16 02:00:34', '2021-11-16 02:00:34'),
	('SCH2021111654l11', 10, 12, 'ORD011.5', 'yellow', 801, 899, 4.7, 5.5, '2021-11-16 07:10:07', '2021-11-16 07:10:08'),
	('SCH2021111654l15', 10, 16, 'ORD011.5', 'yellow', 755, 853, 4.7, 5.5, '2021-11-16 08:58:11', '2021-11-16 08:58:11'),
	('SCH2021111654n12', 10, 13, 'ORD016.9', 'pink', 752, 758, 4.7, 5.5, '2021-11-16 07:26:21', '2021-11-16 07:26:21'),
	('SCH2021111654n16', 10, 17, 'ORD016.9', 'pink', 723, 729, 4.7, 5.5, '2021-11-16 09:06:00', '2021-11-16 09:06:00'),
	('SCH2021111654n3', 10, 4, 'ORD016.9', 'pink', 809, 815, 4.7, 5.5, '2021-11-15 16:11:38', '2021-11-15 16:11:38'),
	('SCH2021111654n7', 1, 8, 'ORD016.9', 'pink', 872, 878, 4.7, 5.5, '2021-11-16 00:43:19', '2021-11-16 00:43:20'),
	('SCH2021111654n8', 1, 9, 'ORD016.9', 'pink', 867, 873, 4.7, 5.5, '2021-11-16 01:24:00', '2021-11-16 01:24:00'),
	('SCH2021111654n9', 10, 10, 'ORD016.9', 'pink', 939, 945, 4.7, 5.5, '2021-11-16 01:26:14', '2021-11-16 01:26:14'),
	('SCH2021111655a13', 1, 14, 'ORD018.4', 'orange', 679, 753, 5.7, 6.5, '2021-11-16 08:53:55', '2021-11-16 08:53:55'),
	('SCH2021111655c7', 1, 8, 'ORD020.7', '#8ca8df', 853, 900, 5.7, 6.5, '2021-11-16 00:43:23', '2021-11-16 00:43:23'),
	('SCH2021111655g11', 10, 12, 'ORD017.6', 'lightgreen', 650, 671, 5.7, 6.5, '2021-11-16 07:10:11', '2021-11-16 07:10:11'),
	('SCH2021111655g16', 10, 17, 'ORD017.6', 'lightgreen', 596, 617, 5.7, 6.5, '2021-11-16 09:06:00', '2021-11-16 09:06:00'),
	('SCH2021111655g2', 1, 3, 'ORD013.6', 'lightyellow', 773, 783, 5.7, 6.5, '2021-11-15 16:09:11', '2021-11-15 16:09:11'),
	('SCH2021111655g6', 1, 7, 'ORD017.6', 'lightgreen', 675, 696, 5.7, 6.5, '2021-11-16 00:24:50', '2021-11-16 00:24:50'),
	('SCH2021111655g8', 1, 9, 'ORD017.6', 'lightgreen', 674, 695, 5.7, 6.5, '2021-11-16 01:24:00', '2021-11-16 01:24:00'),
	('SCH2021111655i12', 10, 13, 'ORD012.8', 'whitesmoke', 644, 690, 5.7, 6.5, '2021-11-16 07:26:24', '2021-11-16 07:26:25'),
	('SCH2021111655i15', 10, 16, 'ORD012.8', 'whitesmoke', 691, 737, 5.7, 6.5, '2021-11-16 08:58:11', '2021-11-16 08:58:11'),
	('SCH2021111655i3', 10, 4, 'ORD012.8', 'whitesmoke', 714, 760, 5.7, 6.5, '2021-11-15 16:11:41', '2021-11-15 16:11:42'),
	('SCH2021111655l10', 1, 11, 'ORD015.4', 'silver', 630, 691, 5.7, 6.5, '2021-11-16 02:00:34', '2021-11-16 02:00:34'),
	('SCH2021111655l4', 1, 5, 'ORD015.4', 'silver', 653, 714, 5.7, 6.5, '2021-11-15 16:53:41', '2021-11-15 16:53:41'),
	('SCH2021111655l5', 10, 6, 'ORD011.6', 'yellow', 590, 601, 5.7, 6.5, '2021-11-16 00:15:46', '2021-11-16 00:15:46'),
	('SCH2021111655l9', 10, 10, 'ORD011.6', 'yellow', 729, 740, 5.7, 6.5, '2021-11-16 01:26:14', '2021-11-16 01:26:14'),
	('SCH2021111655n14', 1, 15, 'ORD016.3', 'pink', 627, 679, 5.7, 6.5, '2021-11-16 08:55:10', '2021-11-16 08:55:10'),
	('SCH2021111656a15', 10, 16, 'ORD014.5', 'khaki', 779, 788, 6.7, 7.5, '2021-11-16 08:58:11', '2021-11-16 08:58:11'),
	('SCH2021111656a5', 10, 6, 'ORD014.5', 'khaki', 809, 818, 6.7, 7.5, '2021-11-16 00:15:46', '2021-11-16 00:15:46'),
	('SCH2021111656e12', 10, 13, 'ORD019.7', 'grey', 709, 749, 6.7, 7.5, '2021-11-16 07:26:28', '2021-11-16 07:26:28'),
	('SCH2021111656e2', 1, 3, 'ORD019.7', 'grey', 795, 835, 6.7, 7.5, '2021-11-15 16:09:14', '2021-11-15 16:09:14'),
	('SCH2021111656e8', 1, 9, 'ORD019.7', 'grey', 687, 727, 6.7, 7.5, '2021-11-16 01:24:01', '2021-11-16 01:24:01'),
	('SCH2021111656e9', 10, 10, 'ORD019.7', 'grey', 802, 842, 6.7, 7.5, '2021-11-16 01:26:15', '2021-11-16 01:26:15'),
	('SCH2021111656g13', 1, 14, 'ORD017.5', 'lightgreen', 795, 827, 6.7, 7.5, '2021-11-16 08:53:56', '2021-11-16 08:53:56'),
	('SCH2021111656g4', 1, 5, 'ORD017.5', 'lightgreen', 764, 796, 6.7, 7.5, '2021-11-15 16:53:44', '2021-11-15 16:53:45'),
	('SCH2021111656i11', 10, 12, 'ORD012.7', 'whitesmoke', 712, 758, 6.7, 7.5, '2021-11-16 07:10:15', '2021-11-16 07:10:15'),
	('SCH2021111656i14', 1, 15, 'ORD012.7', 'whitesmoke', 695, 741, 6.7, 7.5, '2021-11-16 08:55:10', '2021-11-16 08:55:10'),
	('SCH2021111656i16', 10, 17, 'ORD012.7', 'whitesmoke', 629, 675, 6.7, 7.5, '2021-11-16 09:06:00', '2021-11-16 09:06:00'),
	('SCH2021111656i6', 1, 7, 'ORD012.7', 'whitesmoke', 779, 825, 6.7, 7.5, '2021-11-16 00:24:53', '2021-11-16 00:24:54'),
	('SCH2021111656i7', 1, 8, 'ORD012.7', 'whitesmoke', 761, 807, 6.7, 7.5, '2021-11-16 00:43:27', '2021-11-16 00:43:27'),
	('SCH2021111656n10', 1, 11, 'ORD016.8', 'pink', 649, 714, 6.7, 7.5, '2021-11-16 02:00:35', '2021-11-16 02:00:35'),
	('SCH2021111656n3', 10, 4, 'ORD016.8', 'pink', 678, 743, 6.7, 7.5, '2021-11-15 16:11:45', '2021-11-15 16:11:45'),
	('SCH2021111657a11', 10, 12, 'ORD014.7', 'khaki', 944, 1029, 7.7, 8.5, '2021-11-16 07:10:18', '2021-11-16 07:10:19'),
	('SCH2021111657a2', 1, 3, 'ORD018.9', 'orange', 992, 1028, 7.7, 8.5, '2021-11-15 16:09:17', '2021-11-15 16:09:18'),
	('SCH2021111657a5', 10, 6, 'ORD014.7', 'khaki', 936, 1021, 7.7, 8.5, '2021-11-16 00:15:46', '2021-11-16 00:15:46'),
	('SCH2021111657a7', 1, 8, 'ORD018.9', 'orange', 954, 990, 7.7, 8.5, '2021-11-16 00:43:30', '2021-11-16 00:43:30'),
	('SCH2021111657e14', 1, 15, 'ORD019.8', 'grey', 896, 985, 7.7, 8.5, '2021-11-16 08:55:10', '2021-11-16 08:55:10'),
	('SCH2021111657e16', 10, 17, 'ORD019.8', 'grey', 872, 961, 7.7, 8.5, '2021-11-16 09:06:01', '2021-11-16 09:06:01'),
	('SCH2021111657e3', 10, 4, 'ORD019.8', 'grey', 924, 1013, 7.7, 8.5, '2021-11-15 16:11:48', '2021-11-15 16:11:49'),
	('SCH2021111657e4', 1, 5, 'ORD019.8', 'grey', 1006, 1095, 7.7, 8.5, '2021-11-15 16:53:48', '2021-11-15 16:53:48'),
	('SCH2021111657e6', 1, 7, 'ORD019.8', 'grey', 904, 993, 7.7, 8.5, '2021-11-16 00:24:57', '2021-11-16 00:24:57'),
	('SCH2021111657g13', 1, 14, 'ORD017.9', 'lightgreen', 969, 999, 7.7, 8.5, '2021-11-16 08:53:56', '2021-11-16 08:53:56'),
	('SCH2021111657l10', 1, 11, 'ORD011.8', 'yellow', 992, 1048, 7.7, 8.5, '2021-11-16 02:00:35', '2021-11-16 02:00:35'),
	('SCH2021111657l12', 10, 13, 'ORD015.8', 'silver', 863, 912, 7.7, 8.5, '2021-11-16 07:26:31', '2021-11-16 07:26:32'),
	('SCH2021111657l15', 10, 16, 'ORD011.8', 'yellow', 959, 1015, 7.7, 8.5, '2021-11-16 08:58:12', '2021-11-16 08:58:12'),
	('SCH2021111657l8', 1, 9, 'ORD011.8', 'yellow', 940, 996, 7.7, 8.5, '2021-11-16 01:24:01', '2021-11-16 01:24:01'),
	('SCH2021111657n9', 10, 10, 'ORD016.10', 'pink', 969, 994, 7.7, 8.5, '2021-11-16 01:26:15', '2021-11-16 01:26:15'),
	('SCH2021111658a10', 1, 11, 'ORD018.7', 'orange', 881, 900, 8.7, 9.5, '2021-11-16 02:00:35', '2021-11-16 02:00:35'),
	('SCH2021111658a11', 10, 12, 'ORD014.6', 'khaki', 773, 825, 8.7, 9.5, '2021-11-16 07:10:22', '2021-11-16 07:10:22'),
	('SCH2021111658a2', 1, 3, 'ORD018.7', 'orange', 773, 792, 8.7, 9.5, '2021-11-15 16:09:21', '2021-11-15 16:09:21'),
	('SCH2021111658a3', 10, 4, 'ORD018.7', 'orange', 902, 921, 8.7, 9.5, '2021-11-15 16:11:52', '2021-11-15 16:11:52'),
	('SCH2021111658a5', 10, 6, 'ORD014.6', 'khaki', 818, 870, 8.7, 9.5, '2021-11-16 00:15:47', '2021-11-16 00:15:47'),
	('SCH2021111658a8', 1, 9, 'ORD018.7', 'orange', 790, 809, 8.7, 9.5, '2021-11-16 01:24:01', '2021-11-16 01:24:01'),
	('SCH2021111658c12', 10, 13, 'ORD020.5', '#8ca8df', 756, 820, 8.7, 9.5, '2021-11-16 07:26:35', '2021-11-16 07:26:35'),
	('SCH2021111658g13', 1, 14, 'ORD017.8', 'lightgreen', 880, 969, 8.7, 9.5, '2021-11-16 08:53:56', '2021-11-16 08:53:56'),
	('SCH2021111658g15', 10, 16, 'ORD017.8', 'lightgreen', 840, 929, 8.7, 9.5, '2021-11-16 08:58:12', '2021-11-16 08:58:12'),
	('SCH2021111658g16', 10, 17, 'ORD017.8', 'lightgreen', 712, 801, 8.7, 9.5, '2021-11-16 09:06:01', '2021-11-16 09:06:01'),
	('SCH2021111658g4', 1, 5, 'ORD017.8', 'lightgreen', 892, 981, 8.7, 9.5, '2021-11-15 16:53:52', '2021-11-15 16:53:52'),
	('SCH2021111658g6', 1, 7, 'ORD013.5', 'lightyellow', 695, 785, 8.7, 9.5, '2021-11-16 00:25:01', '2021-11-16 00:25:01'),
	('SCH2021111658g7', 1, 8, 'ORD013.5', 'lightyellow', 829, 919, 8.7, 9.5, '2021-11-16 00:43:34', '2021-11-16 00:43:34'),
	('SCH2021111658l9', 10, 10, 'ORD011.9', 'yellow', 880, 924, 8.7, 9.5, '2021-11-16 01:26:15', '2021-11-16 01:26:15'),
	('SCH2021111658n14', 1, 15, 'ORD016.5', 'pink', 774, 822, 8.7, 9.5, '2021-11-16 08:55:11', '2021-11-16 08:55:11'),
	('SCH2021111659a16', 10, 17, 'ORD014.9', 'khaki', 818, 840, 9.7, 10.5, '2021-11-16 09:06:01', '2021-11-16 09:06:01'),
	('SCH2021111659a3', 10, 4, 'ORD018.8', 'orange', 921, 969, 9.7, 10.5, '2021-11-15 16:11:55', '2021-11-15 16:11:56'),
	('SCH2021111659a6', 1, 7, 'ORD018.8', 'orange', 739, 787, 9.7, 10.5, '2021-11-16 00:25:04', '2021-11-16 00:25:04'),
	('SCH2021111659a7', 1, 8, 'ORD014.9', 'khaki', 886, 908, 9.7, 10.5, '2021-11-16 00:43:37', '2021-11-16 00:43:37'),
	('SCH2021111659a8', 1, 9, 'ORD014.9', 'khaki', 834, 856, 9.7, 10.5, '2021-11-16 01:24:01', '2021-11-16 01:24:01'),
	('SCH2021111659a9', 10, 10, 'ORD018.8', 'orange', 860, 908, 9.7, 10.5, '2021-11-16 01:26:15', '2021-11-16 01:26:15'),
	('SCH2021111659c10', 1, 11, 'ORD020.6', '#8ca8df', 843, 919, 9.7, 10.5, '2021-11-16 02:00:35', '2021-11-16 02:00:35'),
	('SCH2021111659c11', 10, 12, 'ORD020.6', '#8ca8df', 798, 874, 9.7, 10.5, '2021-11-16 07:10:25', '2021-11-16 07:10:26'),
	('SCH2021111659c12', 10, 13, 'ORD020.6', '#8ca8df', 820, 896, 9.7, 10.5, '2021-11-16 07:26:39', '2021-11-16 07:26:39'),
	('SCH2021111659c5', 10, 6, 'ORD020.6', '#8ca8df', 735, 811, 9.7, 10.5, '2021-11-16 00:15:47', '2021-11-16 00:15:47'),
	('SCH2021111659g13', 1, 14, 'ORD013.9', 'lightyellow', 880, 925, 9.7, 10.5, '2021-11-16 08:53:56', '2021-11-16 08:53:56'),
	('SCH2021111659g14', 1, 15, 'ORD013.9', 'lightyellow', 757, 802, 9.7, 10.5, '2021-11-16 08:55:11', '2021-11-16 08:55:11'),
	('SCH2021111659g15', 10, 16, 'ORD013.9', 'lightyellow', 877, 922, 9.7, 10.5, '2021-11-16 08:58:12', '2021-11-16 08:58:12'),
	('SCH2021111659g2', 1, 3, 'ORD017.7', 'lightgreen', 815, 847, 9.7, 10.5, '2021-11-15 16:09:24', '2021-11-15 16:09:25'),
	('SCH2021111659l4', 1, 5, 'ORD015.9', 'silver', 916, 988, 9.7, 10.5, '2021-11-15 16:53:55', '2021-11-15 16:53:55'),
	('SCH2021111660a11', 10, 12, 'ORD014.3', 'khaki', 437, 508, 0.7, 1.5, '2021-11-16 07:09:53', '2021-11-16 07:09:54'),
	('SCH2021111660a13', 1, 14, 'ORD014.3', 'khaki', 355, 426, 0.7, 1.5, '2021-11-16 08:53:54', '2021-11-16 08:53:54'),
	('SCH2021111660a3', 10, 4, 'ORD014.3', 'khaki', 396, 467, 0.7, 1.5, '2021-11-15 16:11:24', '2021-11-15 16:11:25'),
	('SCH2021111660a9', 10, 10, 'ORD014.3', 'khaki', 301, 372, 0.7, 1.5, '2021-11-16 01:26:13', '2021-11-16 01:26:13'),
	('SCH2021111660c10', 1, 11, 'ORD020.2', '#8ca8df', 498, 511, 0.7, 1.5, '2021-11-16 02:00:33', '2021-11-16 02:00:33'),
	('SCH2021111660c15', 10, 16, 'ORD020.2', '#8ca8df', 459, 472, 0.7, 1.5, '2021-11-16 08:58:10', '2021-11-16 08:58:10'),
	('SCH2021111660c2', 1, 3, 'ORD020.2', '#8ca8df', 436, 449, 0.7, 1.5, '2021-11-15 16:08:54', '2021-11-15 16:08:54'),
	('SCH2021111660c4', 1, 5, 'ORD020.2', '#8ca8df', 483, 496, 0.7, 1.5, '2021-11-15 16:53:23', '2021-11-15 16:53:23'),
	('SCH2021111660c5', 10, 6, 'ORD020.2', '#8ca8df', 372, 385, 0.7, 1.5, '2021-11-16 00:15:45', '2021-11-16 00:15:45'),
	('SCH2021111660c7', 1, 8, 'ORD020.2', '#8ca8df', 520, 533, 0.7, 1.5, '2021-11-16 00:43:06', '2021-11-16 00:43:06'),
	('SCH2021111660g12', 10, 13, 'ORD013.2', 'lightyellow', 379, 464, 0.7, 1.5, '2021-11-16 07:26:07', '2021-11-16 07:26:07'),
	('SCH2021111660g6', 1, 7, 'ORD017.2', 'lightgreen', 271, 308, 0.7, 1.5, '2021-11-16 00:24:32', '2021-11-16 00:24:32'),
	('SCH2021111660l14', 1, 15, 'ORD011.1', 'yellow', 333, 362, 0.7, 1.5, '2021-11-16 08:55:09', '2021-11-16 08:55:09'),
	('SCH2021111660l16', 10, 17, 'ORD015.2', 'silver', 345, 351, 0.7, 1.5, '2021-11-16 09:05:59', '2021-11-16 09:05:59'),
	('SCH2021111660l8', 1, 9, 'ORD015.2', 'silver', 413, 419, 0.7, 1.5, '2021-11-16 01:23:59', '2021-11-16 01:23:59'),
	('SCH2021111661a16', 10, 17, 'ORD018.3', 'orange', 364, 410, 1.7, 2.5, '2021-11-16 09:05:59', '2021-11-16 09:05:59'),
	('SCH2021111661a3', 10, 4, 'ORD018.3', 'orange', 383, 429, 1.7, 2.5, '2021-11-15 16:11:28', '2021-11-15 16:11:28'),
	('SCH2021111661a8', 1, 9, 'ORD018.3', 'orange', 374, 420, 1.7, 2.5, '2021-11-16 01:23:59', '2021-11-16 01:23:59'),
	('SCH2021111661c12', 10, 13, 'ORD020.1', '#8ca8df', 379, 464, 1.7, 2.5, '2021-11-16 07:26:10', '2021-11-16 07:26:11'),
	('SCH2021111661c14', 1, 15, 'ORD020.1', '#8ca8df', 358, 443, 1.7, 2.5, '2021-11-16 08:55:09', '2021-11-16 08:55:09'),
	('SCH2021111661c2', 1, 3, 'ORD020.1', '#8ca8df', 314, 399, 1.7, 2.5, '2021-11-15 16:08:57', '2021-11-15 16:08:57'),
	('SCH2021111661e10', 1, 11, 'ORD019.2', 'grey', 344, 413, 1.7, 2.5, '2021-11-16 02:00:33', '2021-11-16 02:00:33'),
	('SCH2021111661e5', 10, 6, 'ORD019.2', 'grey', 394, 463, 1.7, 2.5, '2021-11-16 00:15:45', '2021-11-16 00:15:45'),
	('SCH2021111661e6', 1, 7, 'ORD019.2', 'grey', 282, 351, 1.7, 2.5, '2021-11-16 00:24:36', '2021-11-16 00:24:36'),
	('SCH2021111661g7', 1, 8, 'ORD017.1', 'lightgreen', 343, 389, 1.7, 2.5, '2021-11-16 00:43:09', '2021-11-16 00:43:10'),
	('SCH2021111661i4', 1, 5, 'ORD012.6', 'whitesmoke', 383, 411, 1.7, 2.5, '2021-11-15 16:53:27', '2021-11-15 16:53:27'),
	('SCH2021111661l11', 10, 12, 'ORD015.3', 'silver', 352, 374, 1.7, 2.5, '2021-11-16 07:09:57', '2021-11-16 07:09:57'),
	('SCH2021111661l13', 1, 14, 'ORD011.2', 'yellow', 374, 452, 1.7, 2.5, '2021-11-16 08:53:55', '2021-11-16 08:53:55'),
	('SCH2021111661l15', 10, 16, 'ORD015.3', 'silver', 374, 396, 1.7, 2.5, '2021-11-16 08:58:10', '2021-11-16 08:58:10'),
	('SCH2021111661l9', 10, 10, 'ORD015.3', 'silver', 406, 428, 1.7, 2.5, '2021-11-16 01:26:14', '2021-11-16 01:26:14'),
	('SCH2021111662a15', 10, 16, 'ORD014.2', 'khaki', 381, 476, 2.7, 3.5, '2021-11-16 08:58:11', '2021-11-16 08:58:11'),
	('SCH2021111662a4', 1, 5, 'ORD018.1', 'orange', 393, 424, 2.7, 3.5, '2021-11-15 16:53:30', '2021-11-15 16:53:31'),
	('SCH2021111662c16', 10, 17, 'ORD020.3', '#8ca8df', 353, 414, 2.7, 3.5, '2021-11-16 09:06:00', '2021-11-16 09:06:00'),
	('SCH2021111662c2', 1, 3, 'ORD020.3', '#8ca8df', 535, 596, 2.7, 3.5, '2021-11-15 16:09:01', '2021-11-15 16:09:01'),
	('SCH2021111662c3', 10, 4, 'ORD020.3', '#8ca8df', 396, 457, 2.7, 3.5, '2021-11-15 16:11:31', '2021-11-15 16:11:32'),
	('SCH2021111662c5', 10, 6, 'ORD020.3', '#8ca8df', 385, 446, 2.7, 3.5, '2021-11-16 00:15:45', '2021-11-16 00:15:45'),
	('SCH2021111662e12', 10, 13, 'ORD019.5', 'grey', 346, 431, 2.7, 3.5, '2021-11-16 07:26:14', '2021-11-16 07:26:14'),
	('SCH2021111662e6', 1, 7, 'ORD019.5', 'grey', 478, 563, 2.7, 3.5, '2021-11-16 00:24:39', '2021-11-16 00:24:40'),
	('SCH2021111662e7', 1, 8, 'ORD019.5', 'grey', 390, 475, 2.7, 3.5, '2021-11-16 00:43:13', '2021-11-16 00:43:13'),
	('SCH2021111662e8', 1, 9, 'ORD019.5', 'grey', 375, 460, 2.7, 3.5, '2021-11-16 01:24:00', '2021-11-16 01:24:00'),
	('SCH2021111662g11', 10, 12, 'ORD013.4', 'lightyellow', 476, 550, 2.7, 3.5, '2021-11-16 07:10:01', '2021-11-16 07:10:01'),
	('SCH2021111662g13', 1, 14, 'ORD013.4', 'lightyellow', 441, 515, 2.7, 3.5, '2021-11-16 08:53:55', '2021-11-16 08:53:55'),
	('SCH2021111662g14', 1, 15, 'ORD017.4', 'lightgreen', 493, 506, 2.7, 3.5, '2021-11-16 08:55:09', '2021-11-16 08:55:09'),
	('SCH2021111662g9', 10, 10, 'ORD013.4', 'lightyellow', 512, 586, 2.7, 3.5, '2021-11-16 01:26:14', '2021-11-16 01:26:14'),
	('SCH2021111662l10', 1, 11, 'ORD015.1', 'silver', 324, 338, 2.7, 3.5, '2021-11-16 02:00:34', '2021-11-16 02:00:34'),
	('SCH2021111663g16', 10, 17, 'ORD013.3', 'lightyellow', 622, 661, 3.7, 4.5, '2021-11-16 09:06:00', '2021-11-16 09:06:00'),
	('SCH2021111663g3', 10, 4, 'ORD017.3', 'lightgreen', 740, 801, 3.7, 4.5, '2021-11-15 16:11:35', '2021-11-15 16:11:35'),
	('SCH2021111663g5', 10, 6, 'ORD013.3', 'lightyellow', 795, 834, 3.7, 4.5, '2021-11-16 00:15:45', '2021-11-16 00:15:45'),
	('SCH2021111663g7', 1, 8, 'ORD013.3', 'lightyellow', 716, 755, 3.7, 4.5, '2021-11-16 00:43:16', '2021-11-16 00:43:17'),
	('SCH2021111663g9', 10, 10, 'ORD017.3', 'lightgreen', 657, 718, 3.7, 4.5, '2021-11-16 01:26:14', '2021-11-16 01:26:14'),
	('SCH2021111663i2', 1, 3, 'ORD012.5', 'whitesmoke', 728, 797, 3.7, 4.5, '2021-11-15 16:09:04', '2021-11-15 16:09:04'),
	('SCH2021111663l10', 1, 11, 'ORD015.5', 'silver', 691, 717, 3.7, 4.5, '2021-11-16 02:00:34', '2021-11-16 02:00:34'),
	('SCH2021111663l11', 10, 12, 'ORD011.4', 'yellow', 705, 741, 3.7, 4.5, '2021-11-16 07:10:04', '2021-11-16 07:10:05'),
	('SCH2021111663l12', 10, 13, 'ORD011.4', 'yellow', 618, 654, 3.7, 4.5, '2021-11-16 07:26:17', '2021-11-16 07:26:18'),
	('SCH2021111663l13', 1, 14, 'ORD011.4', 'yellow', 692, 728, 3.7, 4.5, '2021-11-16 08:53:55', '2021-11-16 08:53:55'),
	('SCH2021111663l15', 10, 16, 'ORD011.4', 'yellow', 647, 683, 3.7, 4.5, '2021-11-16 08:58:11', '2021-11-16 08:58:11'),
	('SCH2021111663l4', 1, 5, 'ORD015.5', 'silver', 751, 777, 3.7, 4.5, '2021-11-15 16:53:34', '2021-11-15 16:53:34'),
	('SCH2021111663l6', 1, 7, 'ORD011.4', 'yellow', 669, 705, 3.7, 4.5, '2021-11-16 00:24:43', '2021-11-16 00:24:43'),
	('SCH2021111663l8', 1, 9, 'ORD011.4', 'yellow', 700, 736, 3.7, 4.5, '2021-11-16 01:24:00', '2021-11-16 01:24:00'),
	('SCH2021111663n14', 1, 15, 'ORD016.4', 'pink', 679, 774, 3.7, 4.5, '2021-11-16 08:55:10', '2021-11-16 08:55:10'),
	('SCH2021111664c11', 10, 12, 'ORD020.9', '#8ca8df', 973, 1063, 4.7, 5.5, '2021-11-16 07:10:08', '2021-11-16 07:10:08'),
	('SCH2021111664c14', 1, 15, 'ORD020.9', '#8ca8df', 1011, 1101, 4.7, 5.5, '2021-11-16 08:55:10', '2021-11-16 08:55:10'),
	('SCH2021111664c16', 10, 17, 'ORD020.9', '#8ca8df', 870, 960, 4.7, 5.5, '2021-11-16 09:06:00', '2021-11-16 09:06:00'),
	('SCH2021111664c4', 1, 5, 'ORD020.9', '#8ca8df', 916, 1006, 4.7, 5.5, '2021-11-15 16:53:37', '2021-11-15 16:53:38'),
	('SCH2021111664e12', 10, 13, 'ORD019.9', 'grey', 838, 864, 4.7, 5.5, '2021-11-16 07:26:21', '2021-11-16 07:26:21'),
	('SCH2021111664e13', 1, 14, 'ORD019.9', 'grey', 973, 999, 4.7, 5.5, '2021-11-16 08:53:55', '2021-11-16 08:53:55'),
	('SCH2021111664e3', 10, 4, 'ORD019.9', 'grey', 1013, 1039, 4.7, 5.5, '2021-11-15 16:11:38', '2021-11-15 16:11:39'),
	('SCH2021111664e7', 1, 8, 'ORD019.9', 'grey', 878, 904, 4.7, 5.5, '2021-11-16 00:43:20', '2021-11-16 00:43:20'),
	('SCH2021111664e8', 1, 9, 'ORD019.9', 'grey', 873, 899, 4.7, 5.5, '2021-11-16 01:24:00', '2021-11-16 01:24:00'),
	('SCH2021111664e9', 10, 10, 'ORD019.9', 'grey', 969, 995, 4.7, 5.5, '2021-11-16 01:26:14', '2021-11-16 01:26:14'),
	('SCH2021111664g15', 10, 16, 'ORD017.10', 'lightgreen', 959, 1014, 4.7, 5.5, '2021-11-16 08:58:11', '2021-11-16 08:58:11'),
	('SCH2021111664g5', 10, 6, 'ORD017.10', 'lightgreen', 1055, 1110, 4.7, 5.5, '2021-11-16 00:15:46', '2021-11-16 00:15:46'),
	('SCH2021111664g6', 1, 7, 'ORD017.10', 'lightgreen', 904, 959, 4.7, 5.5, '2021-11-16 00:24:46', '2021-11-16 00:24:47'),
	('SCH2021111664n10', 1, 11, 'ORD016.9', 'pink', 841, 847, 4.7, 5.5, '2021-11-16 02:00:34', '2021-11-16 02:00:34'),
	('SCH2021111664n2', 1, 3, 'ORD016.9', 'pink', 950, 956, 4.7, 5.5, '2021-11-15 16:09:07', '2021-11-15 16:09:08'),
	('SCH2021111665a4', 1, 5, 'ORD018.4', 'orange', 714, 788, 5.7, 6.5, '2021-11-15 16:53:41', '2021-11-15 16:53:41'),
	('SCH2021111665c2', 1, 3, 'ORD020.7', '#8ca8df', 783, 830, 5.7, 6.5, '2021-11-15 16:09:11', '2021-11-15 16:09:11'),
	('SCH2021111665g13', 1, 14, 'ORD017.6', 'lightgreen', 827, 848, 5.7, 6.5, '2021-11-16 08:53:55', '2021-11-16 08:53:55'),
	('SCH2021111665g15', 10, 16, 'ORD013.6', 'lightyellow', 737, 747, 5.7, 6.5, '2021-11-16 08:58:11', '2021-11-16 08:58:11'),
	('SCH2021111665g3', 10, 4, 'ORD013.6', 'lightyellow', 902, 912, 5.7, 6.5, '2021-11-15 16:11:42', '2021-11-15 16:11:42'),
	('SCH2021111665g6', 1, 7, 'ORD013.6', 'lightyellow', 785, 795, 5.7, 6.5, '2021-11-16 00:24:50', '2021-11-16 00:24:50'),
	('SCH2021111665g7', 1, 8, 'ORD017.6', 'lightgreen', 900, 921, 5.7, 6.5, '2021-11-16 00:43:23', '2021-11-16 00:43:24'),
	('SCH2021111665g8', 1, 9, 'ORD013.6', 'lightyellow', 754, 764, 5.7, 6.5, '2021-11-16 01:24:00', '2021-11-16 01:24:00'),
	('SCH2021111665g9', 10, 10, 'ORD013.6', 'lightyellow', 745, 755, 5.7, 6.5, '2021-11-16 01:26:14', '2021-11-16 01:26:14'),
	('SCH2021111665i10', 1, 11, 'ORD012.8', 'whitesmoke', 691, 737, 5.7, 6.5, '2021-11-16 02:00:34', '2021-11-16 02:00:34'),
	('SCH2021111665i11', 10, 12, 'ORD012.8', 'whitesmoke', 758, 804, 5.7, 6.5, '2021-11-16 07:10:11', '2021-11-16 07:10:12'),
	('SCH2021111665i16', 10, 17, 'ORD012.8', 'whitesmoke', 675, 721, 5.7, 6.5, '2021-11-16 09:06:00', '2021-11-16 09:06:00'),
	('SCH2021111665i5', 10, 6, 'ORD012.8', 'whitesmoke', 618, 664, 5.7, 6.5, '2021-11-16 00:15:46', '2021-11-16 00:15:46'),
	('SCH2021111665l12', 10, 13, 'ORD011.6', 'yellow', 752, 763, 5.7, 6.5, '2021-11-16 07:26:25', '2021-11-16 07:26:25'),
	('SCH2021111665l14', 1, 15, 'ORD011.6', 'yellow', 715, 726, 5.7, 6.5, '2021-11-16 08:55:10', '2021-11-16 08:55:10'),
	('SCH2021111666a10', 1, 11, 'ORD018.6', 'orange', 714, 802, 6.7, 7.5, '2021-11-16 02:00:35', '2021-11-16 02:00:35'),
	('SCH2021111666a13', 1, 14, 'ORD018.6', 'orange', 827, 915, 6.7, 7.5, '2021-11-16 08:53:56', '2021-11-16 08:53:56'),
	('SCH2021111666a16', 10, 17, 'ORD018.6', 'orange', 723, 811, 6.7, 7.5, '2021-11-16 09:06:00', '2021-11-16 09:06:01'),
	('SCH2021111666a4', 1, 5, 'ORD018.6', 'orange', 878, 966, 6.7, 7.5, '2021-11-15 16:53:45', '2021-11-15 16:53:45'),
	('SCH2021111666c12', 10, 13, 'ORD020.4', '#8ca8df', 749, 756, 6.7, 7.5, '2021-11-16 07:26:28', '2021-11-16 07:26:29'),
	('SCH2021111666e14', 1, 15, 'ORD019.7', 'grey', 757, 797, 6.7, 7.5, '2021-11-16 08:55:10', '2021-11-16 08:55:10'),
	('SCH2021111666e3', 10, 4, 'ORD019.7', 'grey', 749, 789, 6.7, 7.5, '2021-11-15 16:11:45', '2021-11-15 16:11:46'),
	('SCH2021111666g11', 10, 12, 'ORD013.8', 'lightyellow', 787, 876, 6.7, 7.5, '2021-11-16 07:10:15', '2021-11-16 07:10:15'),
	('SCH2021111666g15', 10, 16, 'ORD013.8', 'lightyellow', 788, 877, 6.7, 7.5, '2021-11-16 08:58:11', '2021-11-16 08:58:12'),
	('SCH2021111666g9', 10, 10, 'ORD017.5', 'lightgreen', 842, 874, 6.7, 7.5, '2021-11-16 01:26:15', '2021-11-16 01:26:15'),
	('SCH2021111666l2', 1, 3, 'ORD011.7', 'yellow', 841, 903, 6.7, 7.5, '2021-11-15 16:09:14', '2021-11-15 16:09:15'),
	('SCH2021111666l5', 10, 6, 'ORD011.7', 'yellow', 818, 880, 6.7, 7.5, '2021-11-16 00:15:46', '2021-11-16 00:15:46'),
	('SCH2021111666l6', 1, 7, 'ORD011.7', 'yellow', 825, 887, 6.7, 7.5, '2021-11-16 00:24:54', '2021-11-16 00:24:54'),
	('SCH2021111666n7', 1, 8, 'ORD016.8', 'pink', 807, 872, 6.7, 7.5, '2021-11-16 00:43:27', '2021-11-16 00:43:27'),
	('SCH2021111666n8', 1, 9, 'ORD016.8', 'pink', 727, 792, 6.7, 7.5, '2021-11-16 01:24:01', '2021-11-16 01:24:01'),
	('SCH2021111667a3', 10, 4, 'ORD018.9', 'orange', 1013, 1049, 7.7, 8.5, '2021-11-15 16:11:49', '2021-11-15 16:11:49'),
	('SCH2021111667a4', 1, 5, 'ORD018.9', 'orange', 1095, 1131, 7.7, 8.5, '2021-11-15 16:53:48', '2021-11-15 16:53:49'),
	('SCH2021111667c16', 10, 17, 'ORD020.10', '#8ca8df', 961, 1006, 7.7, 8.5, '2021-11-16 09:06:01', '2021-11-16 09:06:01'),
	('SCH2021111667c6', 1, 7, 'ORD020.10', '#8ca8df', 993, 1038, 7.7, 8.5, '2021-11-16 00:24:57', '2021-11-16 00:24:58'),
	('SCH2021111667g14', 1, 15, 'ORD017.9', 'lightgreen', 985, 1015, 7.7, 8.5, '2021-11-16 08:55:10', '2021-11-16 08:55:11'),
	('SCH2021111667g2', 1, 3, 'ORD017.9', 'lightgreen', 1028, 1058, 7.7, 8.5, '2021-11-15 16:09:18', '2021-11-15 16:09:18'),
	('SCH2021111667i10', 1, 11, 'ORD012.9', 'whitesmoke', 1048, 1120, 7.7, 8.5, '2021-11-16 02:00:35', '2021-11-16 02:00:35'),
	('SCH2021111667i15', 10, 16, 'ORD012.9', 'whitesmoke', 1015, 1087, 7.7, 8.5, '2021-11-16 08:58:12', '2021-11-16 08:58:12'),
	('SCH2021111667i8', 1, 9, 'ORD012.9', 'whitesmoke', 996, 1068, 7.7, 8.5, '2021-11-16 01:24:01', '2021-11-16 01:24:01'),
	('SCH2021111667l11', 10, 12, 'ORD011.8', 'yellow', 1029, 1085, 7.7, 8.5, '2021-11-16 07:10:19', '2021-11-16 07:10:19'),
	('SCH2021111667l12', 10, 13, 'ORD011.8', 'yellow', 912, 968, 7.7, 8.5, '2021-11-16 07:26:32', '2021-11-16 07:26:32'),
	('SCH2021111667l13', 1, 14, 'ORD011.8', 'yellow', 999, 1055, 7.7, 8.5, '2021-11-16 08:53:56', '2021-11-16 08:53:56'),
	('SCH2021111667l5', 10, 6, 'ORD015.8', 'silver', 1021, 1070, 7.7, 8.5, '2021-11-16 00:15:46', '2021-11-16 00:15:46'),
	('SCH2021111667l7', 1, 8, 'ORD011.8', 'yellow', 994, 1050, 7.7, 8.5, '2021-11-16 00:43:30', '2021-11-16 00:43:31'),
	('SCH2021111667l9', 10, 10, 'ORD015.8', 'silver', 994, 1043, 7.7, 8.5, '2021-11-16 01:26:15', '2021-11-16 01:26:15'),
	('SCH2021111668a13', 1, 14, 'ORD018.7', 'orange', 969, 988, 8.7, 9.5, '2021-11-16 08:53:56', '2021-11-16 08:53:56'),
	('SCH2021111668a15', 10, 16, 'ORD018.7', 'orange', 929, 948, 8.7, 9.5, '2021-11-16 08:58:12', '2021-11-16 08:58:12'),
	('SCH2021111668a4', 1, 5, 'ORD018.7', 'orange', 981, 1000, 8.7, 9.5, '2021-11-15 16:53:52', '2021-11-15 16:53:52'),
	('SCH2021111668e11', 10, 12, 'ORD019.10', 'grey', 825, 899, 8.7, 9.5, '2021-11-16 07:10:22', '2021-11-16 07:10:22'),
	('SCH2021111668g12', 10, 13, 'ORD013.5', 'lightyellow', 820, 910, 8.7, 9.5, '2021-11-16 07:26:35', '2021-11-16 07:26:36'),
	('SCH2021111668g14', 1, 15, 'ORD017.8', 'lightgreen', 822, 911, 8.7, 9.5, '2021-11-16 08:55:11', '2021-11-16 08:55:11'),
	('SCH2021111668g2', 1, 3, 'ORD017.8', 'lightgreen', 847, 936, 8.7, 9.5, '2021-11-15 16:09:21', '2021-11-15 16:09:22'),
	('SCH2021111668g6', 1, 7, 'ORD017.8', 'lightgreen', 785, 874, 8.7, 9.5, '2021-11-16 00:25:01', '2021-11-16 00:25:01'),
	('SCH2021111668g7', 1, 8, 'ORD017.8', 'lightgreen', 953, 1042, 8.7, 9.5, '2021-11-16 00:43:34', '2021-11-16 00:43:34'),
	('SCH2021111668g8', 1, 9, 'ORD017.8', 'lightgreen', 809, 898, 8.7, 9.5, '2021-11-16 01:24:01', '2021-11-16 01:24:01'),
	('SCH2021111668i16', 10, 17, 'ORD012.10', 'whitesmoke', 801, 831, 8.7, 9.5, '2021-11-16 09:06:01', '2021-11-16 09:06:01'),
	('SCH2021111668i3', 10, 4, 'ORD012.10', 'whitesmoke', 921, 951, 8.7, 9.5, '2021-11-15 16:11:52', '2021-11-15 16:11:53'),
	('SCH2021111668l10', 1, 11, 'ORD015.7', 'silver', 900, 921, 8.7, 9.5, '2021-11-16 02:00:35', '2021-11-16 02:00:35'),
	('SCH2021111668l5', 10, 6, 'ORD015.7', 'silver', 878, 899, 8.7, 9.5, '2021-11-16 00:15:47', '2021-11-16 00:15:47'),
	('SCH2021111668l9', 10, 10, 'ORD015.7', 'silver', 924, 945, 8.7, 9.5, '2021-11-16 01:26:15', '2021-11-16 01:26:15'),
	('SCH2021111669a10', 1, 11, 'ORD018.8', 'orange', 919, 967, 9.7, 10.5, '2021-11-16 02:00:35', '2021-11-16 02:00:35'),
	('SCH2021111669a13', 1, 14, 'ORD018.8', 'orange', 988, 1036, 9.7, 10.5, '2021-11-16 08:53:56', '2021-11-16 08:53:56'),
	('SCH2021111669a15', 10, 16, 'ORD018.8', 'orange', 948, 996, 9.7, 10.5, '2021-11-16 08:58:12', '2021-11-16 08:58:12'),
	('SCH2021111669a2', 1, 3, 'ORD018.8', 'orange', 847, 895, 9.7, 10.5, '2021-11-15 16:09:25', '2021-11-15 16:09:25'),
	('SCH2021111669a4', 1, 5, 'ORD018.8', 'orange', 1000, 1048, 9.7, 10.5, '2021-11-15 16:53:55', '2021-11-15 16:53:56'),
	('SCH2021111669a6', 1, 7, 'ORD014.9', 'khaki', 878, 900, 9.7, 10.5, '2021-11-16 00:25:05', '2021-11-16 00:25:05'),
	('SCH2021111669a8', 1, 9, 'ORD018.8', 'orange', 856, 904, 9.7, 10.5, '2021-11-16 01:24:01', '2021-11-16 01:24:01'),
	('SCH2021111669g11', 10, 12, 'ORD013.9', 'lightyellow', 876, 921, 9.7, 10.5, '2021-11-16 07:10:26', '2021-11-16 07:10:26'),
	('SCH2021111669g3', 10, 4, 'ORD017.7', 'lightgreen', 980, 1012, 9.7, 10.5, '2021-11-15 16:11:56', '2021-11-15 16:11:56'),
	('SCH2021111669g7', 1, 8, 'ORD017.7', 'lightgreen', 921, 953, 9.7, 10.5, '2021-11-16 00:43:37', '2021-11-16 00:43:38'),
	('SCH2021111669g9', 10, 10, 'ORD017.7', 'lightgreen', 908, 940, 9.7, 10.5, '2021-11-16 01:26:15', '2021-11-16 01:26:15'),
	('SCH2021111669l12', 10, 13, 'ORD015.9', 'silver', 912, 984, 9.7, 10.5, '2021-11-16 07:26:39', '2021-11-16 07:26:39'),
	('SCH2021111669l16', 10, 17, 'ORD015.9', 'silver', 842, 914, 9.7, 10.5, '2021-11-16 09:06:01', '2021-11-16 09:06:01'),
	('SCH2021111669l5', 10, 6, 'ORD015.9', 'silver', 1070, 1142, 9.7, 10.5, '2021-11-16 00:15:47', '2021-11-16 00:15:47'),
	('SCH2021111669n14', 1, 15, 'ORD016.6', 'pink', 822, 894, 9.7, 10.5, '2021-11-16 08:55:11', '2021-11-16 08:55:11'),
	('SCH2021111670a13', 1, 14, 'ORD018.2', 'orange', 426, 512, 0.7, 1.5, '2021-11-16 08:53:54', '2021-11-16 08:53:54'),
	('SCH2021111670a14', 1, 15, 'ORD014.3', 'khaki', 362, 433, 0.7, 1.5, '2021-11-16 08:55:09', '2021-11-16 08:55:09'),
	('SCH2021111670a16', 10, 17, 'ORD014.3', 'khaki', 353, 424, 0.7, 1.5, '2021-11-16 09:05:59', '2021-11-16 09:05:59'),
	('SCH2021111670a4', 1, 5, 'ORD014.3', 'khaki', 496, 567, 0.7, 1.5, '2021-11-15 16:53:24', '2021-11-15 16:53:24'),
	('SCH2021111670a5', 10, 6, 'ORD014.3', 'khaki', 639, 710, 0.7, 1.5, '2021-11-16 00:15:45', '2021-11-16 00:15:45'),
	('SCH2021111670a6', 1, 7, 'ORD014.3', 'khaki', 309, 380, 0.7, 1.5, '2021-11-16 00:24:32', '2021-11-16 00:24:33'),
	('SCH2021111670g2', 1, 3, 'ORD013.2', 'lightyellow', 449, 534, 0.7, 1.5, '2021-11-15 16:08:54', '2021-11-15 16:08:54'),
	('SCH2021111670g3', 10, 4, 'ORD013.2', 'lightyellow', 467, 552, 0.7, 1.5, '2021-11-15 16:11:25', '2021-11-15 16:11:25'),
	('SCH2021111670g7', 1, 8, 'ORD013.2', 'lightyellow', 533, 618, 0.7, 1.5, '2021-11-16 00:43:06', '2021-11-16 00:43:06'),
	('SCH2021111670g9', 10, 10, 'ORD013.2', 'lightyellow', 372, 457, 0.7, 1.5, '2021-11-16 01:26:13', '2021-11-16 01:26:13'),
	('SCH2021111670l10', 1, 11, 'ORD015.2', 'silver', 511, 517, 0.7, 1.5, '2021-11-16 02:00:33', '2021-11-16 02:00:33'),
	('SCH2021111670l11', 10, 12, 'ORD011.1', 'yellow', 508, 537, 0.7, 1.5, '2021-11-16 07:09:54', '2021-11-16 07:09:54'),
	('SCH2021111670l12', 10, 13, 'ORD015.2', 'silver', 464, 470, 0.7, 1.5, '2021-11-16 07:26:07', '2021-11-16 07:26:07'),
	('SCH2021111670l15', 10, 16, 'ORD011.1', 'yellow', 472, 501, 0.7, 1.5, '2021-11-16 08:58:10', '2021-11-16 08:58:10'),
	('SCH2021111670l8', 1, 9, 'ORD011.1', 'yellow', 419, 448, 0.7, 1.5, '2021-11-16 01:23:59', '2021-11-16 01:23:59'),
	('SCH2021111671a15', 10, 16, 'ORD018.3', 'orange', 396, 442, 1.7, 2.5, '2021-11-16 08:58:10', '2021-11-16 08:58:10'),
	('SCH2021111671a2', 1, 3, 'ORD018.3', 'orange', 399, 445, 1.7, 2.5, '2021-11-15 16:08:57', '2021-11-15 16:08:58'),
	('SCH2021111671a5', 10, 6, 'ORD014.1', 'khaki', 463, 544, 1.7, 2.5, '2021-11-16 00:15:45', '2021-11-16 00:15:45'),
	('SCH2021111671a7', 1, 8, 'ORD018.3', 'orange', 389, 435, 1.7, 2.5, '2021-11-16 00:43:10', '2021-11-16 00:43:10'),
	('SCH2021111671c10', 1, 11, 'ORD020.1', '#8ca8df', 413, 498, 1.7, 2.5, '2021-11-16 02:00:33', '2021-11-16 02:00:33'),
	('SCH2021111671c11', 10, 12, 'ORD020.1', '#8ca8df', 374, 459, 1.7, 2.5, '2021-11-16 07:09:57', '2021-11-16 07:09:58'),
	('SCH2021111671e4', 1, 5, 'ORD019.2', 'grey', 411, 480, 1.7, 2.5, '2021-11-15 16:53:27', '2021-11-15 16:53:27'),
	('SCH2021111671g6', 1, 7, 'ORD013.1', 'lightyellow', 351, 442, 1.7, 2.5, '2021-11-16 00:24:36', '2021-11-16 00:24:36'),
	('SCH2021111671g9', 10, 10, 'ORD017.1', 'lightgreen', 428, 474, 1.7, 2.5, '2021-11-16 01:26:14', '2021-11-16 01:26:14'),
	('SCH2021111671i3', 10, 4, 'ORD012.6', 'whitesmoke', 429, 457, 1.7, 2.5, '2021-11-15 16:11:28', '2021-11-15 16:11:29'),
	('SCH2021111671i8', 1, 9, 'ORD012.6', 'whitesmoke', 475, 503, 1.7, 2.5, '2021-11-16 01:23:59', '2021-11-16 01:23:59'),
	('SCH2021111671l12', 10, 13, 'ORD015.3', 'silver', 470, 492, 1.7, 2.5, '2021-11-16 07:26:11', '2021-11-16 07:26:11'),
	('SCH2021111671l13', 1, 14, 'ORD015.3', 'silver', 452, 474, 1.7, 2.5, '2021-11-16 08:53:55', '2021-11-16 08:53:55'),
	('SCH2021111671l16', 10, 17, 'ORD015.3', 'silver', 410, 432, 1.7, 2.5, '2021-11-16 09:05:59', '2021-11-16 09:05:59'),
	('SCH2021111671n14', 1, 15, 'ORD016.2', 'pink', 443, 445, 1.7, 2.5, '2021-11-16 08:55:09', '2021-11-16 08:55:09'),
	('SCH2021111672a5', 10, 6, 'ORD014.2', 'khaki', 544, 639, 2.7, 3.5, '2021-11-16 00:15:45', '2021-11-16 00:15:45'),
	('SCH2021111672c10', 1, 11, 'ORD020.3', '#8ca8df', 511, 572, 2.7, 3.5, '2021-11-16 02:00:34', '2021-11-16 02:00:34'),
	('SCH2021111672c14', 1, 15, 'ORD020.3', '#8ca8df', 506, 567, 2.7, 3.5, '2021-11-16 08:55:09', '2021-11-16 08:55:09'),
	('SCH2021111672c4', 1, 5, 'ORD020.3', '#8ca8df', 496, 557, 2.7, 3.5, '2021-11-15 16:53:31', '2021-11-15 16:53:31'),
	('SCH2021111672c7', 1, 8, 'ORD020.3', '#8ca8df', 533, 594, 2.7, 3.5, '2021-11-16 00:43:13', '2021-11-16 00:43:13'),
	('SCH2021111672e11', 10, 12, 'ORD019.5', 'grey', 550, 635, 2.7, 3.5, '2021-11-16 07:10:01', '2021-11-16 07:10:01'),
	('SCH2021111672e3', 10, 4, 'ORD019.5', 'grey', 653, 738, 2.7, 3.5, '2021-11-15 16:11:32', '2021-11-15 16:11:32'),
	('SCH2021111672g15', 10, 16, 'ORD013.4', 'lightyellow', 503, 577, 2.7, 3.5, '2021-11-16 08:58:11', '2021-11-16 08:58:11'),
	('SCH2021111672g16', 10, 17, 'ORD017.4', 'lightgreen', 414, 427, 2.7, 3.5, '2021-11-16 09:06:00', '2021-11-16 09:06:00'),
	('SCH2021111672g2', 1, 3, 'ORD017.4', 'lightgreen', 596, 609, 2.7, 3.5, '2021-11-15 16:09:01', '2021-11-15 16:09:01'),
	('SCH2021111672g6', 1, 7, 'ORD017.4', 'lightgreen', 563, 576, 2.7, 3.5, '2021-11-16 00:24:40', '2021-11-16 00:24:40'),
	('SCH2021111672g8', 1, 9, 'ORD017.4', 'lightgreen', 536, 549, 2.7, 3.5, '2021-11-16 01:24:00', '2021-11-16 01:24:00'),
	('SCH2021111672l12', 10, 13, 'ORD011.3', 'yellow', 570, 579, 2.7, 3.5, '2021-11-16 07:26:14', '2021-11-16 07:26:15'),
	('SCH2021111672l13', 1, 14, 'ORD011.3', 'yellow', 515, 524, 2.7, 3.5, '2021-11-16 08:53:55', '2021-11-16 08:53:55'),
	('SCH2021111672l9', 10, 10, 'ORD011.3', 'yellow', 586, 595, 2.7, 3.5, '2021-11-16 01:26:14', '2021-11-16 01:26:14'),
	('SCH2021111673a10', 1, 11, 'ORD014.8', 'khaki', 723, 821, 3.7, 4.5, '2021-11-16 02:00:34', '2021-11-16 02:00:34'),
	('SCH2021111673a12', 10, 13, 'ORD018.10', 'orange', 727, 806, 3.7, 4.5, '2021-11-16 07:26:18', '2021-11-16 07:26:18'),
	('SCH2021111673a14', 1, 15, 'ORD014.8', 'khaki', 775, 873, 3.7, 4.5, '2021-11-16 08:55:10', '2021-11-16 08:55:10'),
	('SCH2021111673a16', 10, 17, 'ORD014.8', 'khaki', 720, 818, 3.7, 4.5, '2021-11-16 09:06:00', '2021-11-16 09:06:00'),
	('SCH2021111673a5', 10, 6, 'ORD018.10', 'orange', 834, 913, 3.7, 4.5, '2021-11-16 00:15:45', '2021-11-16 00:15:45'),
	('SCH2021111673a7', 1, 8, 'ORD014.8', 'khaki', 755, 853, 3.7, 4.5, '2021-11-16 00:43:17', '2021-11-16 00:43:17'),
	('SCH2021111673a8', 1, 9, 'ORD014.8', 'khaki', 736, 834, 3.7, 4.5, '2021-11-16 01:24:00', '2021-11-16 01:24:00'),
	('SCH2021111673a9', 10, 10, 'ORD014.8', 'khaki', 740, 838, 3.7, 4.5, '2021-11-16 01:26:14', '2021-11-16 01:26:14'),
	('SCH2021111673c11', 10, 12, 'ORD020.8', '#8ca8df', 921, 973, 3.7, 4.5, '2021-11-16 07:10:05', '2021-11-16 07:10:05'),
	('SCH2021111673c13', 1, 14, 'ORD020.8', '#8ca8df', 728, 780, 3.7, 4.5, '2021-11-16 08:53:55', '2021-11-16 08:53:55'),
	('SCH2021111673c15', 10, 16, 'ORD020.8', '#8ca8df', 854, 906, 3.7, 4.5, '2021-11-16 08:58:11', '2021-11-16 08:58:11'),
	('SCH2021111673c2', 1, 3, 'ORD020.8', '#8ca8df', 830, 882, 3.7, 4.5, '2021-11-15 16:09:04', '2021-11-15 16:09:05'),
	('SCH2021111673c3', 10, 4, 'ORD020.8', '#8ca8df', 959, 1011, 3.7, 4.5, '2021-11-15 16:11:35', '2021-11-15 16:11:35'),
	('SCH2021111673c4', 1, 5, 'ORD020.8', '#8ca8df', 864, 916, 3.7, 4.5, '2021-11-15 16:53:34', '2021-11-15 16:53:34'),
	('SCH2021111673c6', 1, 7, 'ORD020.8', '#8ca8df', 705, 757, 3.7, 4.5, '2021-11-16 00:24:43', '2021-11-16 00:24:44'),
	('SCH2021111674c12', 10, 13, 'ORD020.9', '#8ca8df', 995, 1085, 4.7, 5.5, '2021-11-16 07:26:21', '2021-11-16 07:26:22'),
	('SCH2021111674c15', 10, 16, 'ORD020.9', '#8ca8df', 1014, 1104, 4.7, 5.5, '2021-11-16 08:58:11', '2021-11-16 08:58:11'),
	('SCH2021111674c2', 1, 3, 'ORD020.9', '#8ca8df', 956, 1046, 4.7, 5.5, '2021-11-15 16:09:08', '2021-11-15 16:09:08'),
	('SCH2021111674c3', 10, 4, 'ORD020.9', '#8ca8df', 1039, 1129, 4.7, 5.5, '2021-11-15 16:11:39', '2021-11-15 16:11:39'),
	('SCH2021111674c7', 1, 8, 'ORD020.9', '#8ca8df', 952, 1042, 4.7, 5.5, '2021-11-16 00:43:20', '2021-11-16 00:43:20'),
	('SCH2021111674c8', 1, 9, 'ORD020.9', '#8ca8df', 899, 989, 4.7, 5.5, '2021-11-16 01:24:00', '2021-11-16 01:24:00'),
	('SCH2021111674c9', 10, 10, 'ORD020.9', '#8ca8df', 995, 1085, 4.7, 5.5, '2021-11-16 01:26:14', '2021-11-16 01:26:14'),
	('SCH2021111674e10', 1, 11, 'ORD019.9', 'grey', 931, 957, 4.7, 5.5, '2021-11-16 02:00:34', '2021-11-16 02:00:34'),
	('SCH2021111674e4', 1, 5, 'ORD019.9', 'grey', 1095, 1121, 4.7, 5.5, '2021-11-15 16:53:38', '2021-11-15 16:53:38'),
	('SCH2021111674e6', 1, 7, 'ORD019.9', 'grey', 993, 1019, 4.7, 5.5, '2021-11-16 00:24:47', '2021-11-16 00:24:47'),
	('SCH2021111674g11', 10, 12, 'ORD013.10', 'lightyellow', 1063, 1096, 4.7, 5.5, '2021-11-16 07:10:08', '2021-11-16 07:10:08'),
	('SCH2021111674g13', 1, 14, 'ORD017.10', 'lightgreen', 999, 1054, 4.7, 5.5, '2021-11-16 08:53:55', '2021-11-16 08:53:55'),
	('SCH2021111674g14', 1, 15, 'ORD013.10', 'lightyellow', 1101, 1134, 4.7, 5.5, '2021-11-16 08:55:10', '2021-11-16 08:55:10'),
	('SCH2021111674g16', 10, 17, 'ORD017.10', 'lightgreen', 960, 1015, 4.7, 5.5, '2021-11-16 09:06:00', '2021-11-16 09:06:00'),
	('SCH2021111674n5', 10, 6, 'ORD016.9', 'pink', 1110, 1116, 4.7, 5.5, '2021-11-16 00:15:46', '2021-11-16 00:15:46'),
	('SCH2021111675a10', 1, 11, 'ORD014.10', 'khaki', 843, 886, 5.7, 6.5, '2021-11-16 02:00:34', '2021-11-16 02:00:34'),
	('SCH2021111675c11', 10, 12, 'ORD020.7', '#8ca8df', 874, 921, 5.7, 6.5, '2021-11-16 07:10:12', '2021-11-16 07:10:12'),
	('SCH2021111675c12', 10, 13, 'ORD020.7', '#8ca8df', 896, 943, 5.7, 6.5, '2021-11-16 07:26:25', '2021-11-16 07:26:25'),
	('SCH2021111675c15', 10, 16, 'ORD020.7', '#8ca8df', 807, 854, 5.7, 6.5, '2021-11-16 08:58:11', '2021-11-16 08:58:11'),
	('SCH2021111675c16', 10, 17, 'ORD020.7', '#8ca8df', 721, 768, 5.7, 6.5, '2021-11-16 09:06:00', '2021-11-16 09:06:00'),
	('SCH2021111675c3', 10, 4, 'ORD020.7', '#8ca8df', 912, 959, 5.7, 6.5, '2021-11-15 16:11:42', '2021-11-15 16:11:42'),
	('SCH2021111675c5', 10, 6, 'ORD020.7', '#8ca8df', 811, 858, 5.7, 6.5, '2021-11-16 00:15:46', '2021-11-16 00:15:46'),
	('SCH2021111675c8', 1, 9, 'ORD020.7', '#8ca8df', 764, 811, 5.7, 6.5, '2021-11-16 01:24:00', '2021-11-16 01:24:00'),
	('SCH2021111675c9', 10, 10, 'ORD020.7', '#8ca8df', 755, 802, 5.7, 6.5, '2021-11-16 01:26:14', '2021-11-16 01:26:15'),
	('SCH2021111675g4', 1, 5, 'ORD017.6', 'lightgreen', 796, 817, 5.7, 6.5, '2021-11-15 16:53:41', '2021-11-15 16:53:42'),
	('SCH2021111675i13', 1, 14, 'ORD012.8', 'whitesmoke', 848, 894, 5.7, 6.5, '2021-11-16 08:53:55', '2021-11-16 08:53:55'),
	('SCH2021111675i14', 1, 15, 'ORD012.8', 'whitesmoke', 741, 787, 5.7, 6.5, '2021-11-16 08:55:10', '2021-11-16 08:55:10'),
	('SCH2021111675l2', 1, 3, 'ORD011.6', 'yellow', 830, 841, 5.7, 6.5, '2021-11-15 16:09:11', '2021-11-15 16:09:12'),
	('SCH2021111675l6', 1, 7, 'ORD011.6', 'yellow', 803, 814, 5.7, 6.5, '2021-11-16 00:24:50', '2021-11-16 00:24:51'),
	('SCH2021111675l7', 1, 8, 'ORD011.6', 'yellow', 921, 932, 5.7, 6.5, '2021-11-16 00:43:24', '2021-11-16 00:43:24'),
	('SCH2021111676e10', 1, 11, 'ORD019.7', 'grey', 802, 842, 6.7, 7.5, '2021-11-16 02:00:35', '2021-11-16 02:00:35'),
	('SCH2021111676e16', 10, 17, 'ORD019.7', 'grey', 811, 851, 6.7, 7.5, '2021-11-16 09:06:01', '2021-11-16 09:06:01'),
	('SCH2021111676e4', 1, 5, 'ORD019.7', 'grey', 966, 1006, 6.7, 7.5, '2021-11-15 16:53:45', '2021-11-15 16:53:45'),
	('SCH2021111676g3', 10, 4, 'ORD017.5', 'lightgreen', 825, 857, 6.7, 7.5, '2021-11-15 16:11:46', '2021-11-15 16:11:46'),
	('SCH2021111676i2', 1, 3, 'ORD012.7', 'whitesmoke', 903, 949, 6.7, 7.5, '2021-11-15 16:09:15', '2021-11-15 16:09:15'),
	('SCH2021111676l11', 10, 12, 'ORD011.7', 'yellow', 932, 994, 6.7, 7.5, '2021-11-16 07:10:15', '2021-11-16 07:10:16'),
	('SCH2021111676l12', 10, 13, 'ORD011.7', 'yellow', 763, 825, 6.7, 7.5, '2021-11-16 07:26:29', '2021-11-16 07:26:29'),
	('SCH2021111676l13', 1, 14, 'ORD011.7', 'yellow', 915, 977, 6.7, 7.5, '2021-11-16 08:53:56', '2021-11-16 08:53:56'),
	('SCH2021111676l14', 1, 15, 'ORD011.7', 'yellow', 797, 859, 6.7, 7.5, '2021-11-16 08:55:10', '2021-11-16 08:55:10'),
	('SCH2021111676l15', 10, 16, 'ORD011.7', 'yellow', 877, 939, 6.7, 7.5, '2021-11-16 08:58:12', '2021-11-16 08:58:12'),
	('SCH2021111676l7', 1, 8, 'ORD011.7', 'yellow', 932, 994, 6.7, 7.5, '2021-11-16 00:43:27', '2021-11-16 00:43:28'),
	('SCH2021111676l8', 1, 9, 'ORD011.7', 'yellow', 878, 940, 6.7, 7.5, '2021-11-16 01:24:01', '2021-11-16 01:24:01'),
	('SCH2021111676n5', 10, 6, 'ORD016.8', 'pink', 880, 945, 6.7, 7.5, '2021-11-16 00:15:46', '2021-11-16 00:15:46'),
	('SCH2021111676n6', 1, 7, 'ORD016.8', 'pink', 887, 952, 6.7, 7.5, '2021-11-16 00:24:54', '2021-11-16 00:24:54'),
	('SCH2021111676n9', 10, 10, 'ORD016.8', 'pink', 874, 939, 6.7, 7.5, '2021-11-16 01:26:15', '2021-11-16 01:26:15'),
	('SCH2021111677a10', 1, 11, 'ORD018.9', 'orange', 1120, 1156, 7.7, 8.5, '2021-11-16 02:00:35', '2021-11-16 02:00:35'),
	('SCH2021111677a15', 10, 16, 'ORD018.9', 'orange', 1087, 1123, 7.7, 8.5, '2021-11-16 08:58:12', '2021-11-16 08:58:12'),
	('SCH2021111677c13', 1, 14, 'ORD020.10', '#8ca8df', 1055, 1100, 7.7, 8.5, '2021-11-16 08:53:56', '2021-11-16 08:53:56'),
	('SCH2021111677c2', 1, 3, 'ORD020.10', '#8ca8df', 1058, 1103, 7.7, 8.5, '2021-11-15 16:09:18', '2021-11-15 16:09:18'),
	('SCH2021111677g11', 10, 12, 'ORD017.9', 'lightgreen', 1085, 1115, 7.7, 8.5, '2021-11-16 07:10:19', '2021-11-16 07:10:19'),
	('SCH2021111677g16', 10, 17, 'ORD013.7', 'lightyellow', 1006, 1018, 7.7, 8.5, '2021-11-16 09:06:01', '2021-11-16 09:06:01'),
	('SCH2021111677g4', 1, 5, 'ORD017.9', 'lightgreen', 1131, 1161, 7.7, 8.5, '2021-11-15 16:53:49', '2021-11-15 16:53:49'),
	('SCH2021111677g5', 10, 6, 'ORD013.7', 'lightyellow', 1070, 1082, 7.7, 8.5, '2021-11-16 00:15:46', '2021-11-16 00:15:46'),
	('SCH2021111677g8', 1, 9, 'ORD017.9', 'lightgreen', 1068, 1098, 7.7, 8.5, '2021-11-16 01:24:01', '2021-11-16 01:24:01'),
	('SCH2021111677g9', 10, 10, 'ORD017.9', 'lightgreen', 1064, 1094, 7.7, 8.5, '2021-11-16 01:26:15', '2021-11-16 01:26:15'),
	('SCH2021111677i12', 10, 13, 'ORD012.9', 'whitesmoke', 968, 1040, 7.7, 8.5, '2021-11-16 07:26:32', '2021-11-16 07:26:32'),
	('SCH2021111677l14', 1, 15, 'ORD011.8', 'yellow', 1015, 1071, 7.7, 8.5, '2021-11-16 08:55:11', '2021-11-16 08:55:11'),
	('SCH2021111677l3', 10, 4, 'ORD015.8', 'silver', 1049, 1098, 7.7, 8.5, '2021-11-15 16:11:49', '2021-11-15 16:11:49'),
	('SCH2021111677l6', 1, 7, 'ORD011.8', 'yellow', 1038, 1094, 7.7, 8.5, '2021-11-16 00:24:58', '2021-11-16 00:24:58'),
	('SCH2021111677n7', 1, 8, 'ORD016.10', 'pink', 1050, 1075, 7.7, 8.5, '2021-11-16 00:43:31', '2021-11-16 00:43:31'),
	('SCH2021111678a16', 10, 17, 'ORD018.7', 'orange', 831, 850, 8.7, 9.5, '2021-11-16 09:06:01', '2021-11-16 09:06:01'),
	('SCH2021111678e10', 1, 11, 'ORD019.10', 'grey', 957, 1031, 8.7, 9.5, '2021-11-16 02:00:35', '2021-11-16 02:00:35'),
	('SCH2021111678e15', 10, 16, 'ORD019.10', 'grey', 948, 1022, 8.7, 9.5, '2021-11-16 08:58:12', '2021-11-16 08:58:12'),
	('SCH2021111678e6', 1, 7, 'ORD019.10', 'grey', 1019, 1093, 8.7, 9.5, '2021-11-16 00:25:01', '2021-11-16 00:25:02'),
	('SCH2021111678g11', 10, 12, 'ORD017.8', 'lightgreen', 899, 988, 8.7, 9.5, '2021-11-16 07:10:23', '2021-11-16 07:10:23'),
	('SCH2021111678g5', 10, 6, 'ORD013.5', 'lightyellow', 908, 998, 8.7, 9.5, '2021-11-16 00:15:47', '2021-11-16 00:15:47'),
	('SCH2021111678i14', 1, 15, 'ORD012.10', 'whitesmoke', 911, 941, 8.7, 9.5, '2021-11-16 08:55:11', '2021-11-16 08:55:11'),
	('SCH2021111678i4', 1, 5, 'ORD012.10', 'whitesmoke', 1000, 1030, 8.7, 9.5, '2021-11-15 16:53:52', '2021-11-15 16:53:53'),
	('SCH2021111678i9', 10, 10, 'ORD012.10', 'whitesmoke', 945, 975, 8.7, 9.5, '2021-11-16 01:26:15', '2021-11-16 01:26:15'),
	('SCH2021111678l12', 10, 13, 'ORD011.9', 'yellow', 968, 1012, 8.7, 9.5, '2021-11-16 07:26:36', '2021-11-16 07:26:36'),
	('SCH2021111678l13', 1, 14, 'ORD011.9', 'yellow', 1055, 1099, 8.7, 9.5, '2021-11-16 08:53:56', '2021-11-16 08:53:56'),
	('SCH2021111678l2', 1, 3, 'ORD011.9', 'yellow', 980, 1024, 8.7, 9.5, '2021-11-15 16:09:22', '2021-11-15 16:09:22'),
	('SCH2021111678l3', 10, 4, 'ORD015.7', 'silver', 951, 972, 8.7, 9.5, '2021-11-15 16:11:53', '2021-11-15 16:11:53'),
	('SCH2021111678l7', 1, 8, 'ORD011.9', 'yellow', 1050, 1094, 8.7, 9.5, '2021-11-16 00:43:34', '2021-11-16 00:43:35'),
	('SCH2021111678l8', 1, 9, 'ORD011.9', 'yellow', 996, 1040, 8.7, 9.5, '2021-11-16 01:24:01', '2021-11-16 01:24:01'),
	('SCH2021111679a12', 10, 13, 'ORD014.9', 'khaki', 984, 1006, 9.7, 10.5, '2021-11-16 07:26:39', '2021-11-16 07:26:40'),
	('SCH2021111679a13', 1, 14, 'ORD014.9', 'khaki', 1036, 1058, 9.7, 10.5, '2021-11-16 08:53:56', '2021-11-16 08:53:56'),
	('SCH2021111679a2', 1, 3, 'ORD014.9', 'khaki', 980, 1002, 9.7, 10.5, '2021-11-15 16:09:25', '2021-11-15 16:09:25'),
	('SCH2021111679a5', 10, 6, 'ORD014.9', 'khaki', 1142, 1164, 9.7, 10.5, '2021-11-16 00:15:47', '2021-11-16 00:15:47'),
	('SCH2021111679g3', 10, 4, 'ORD013.9', 'lightyellow', 1013, 1058, 9.7, 10.5, '2021-11-15 16:11:56', '2021-11-15 16:11:56'),
	('SCH2021111679g4', 1, 5, 'ORD013.9', 'lightyellow', 1095, 1140, 9.7, 10.5, '2021-11-15 16:53:56', '2021-11-15 16:53:56'),
	('SCH2021111679l10', 1, 11, 'ORD015.9', 'silver', 992, 1064, 9.7, 10.5, '2021-11-16 02:00:35', '2021-11-16 02:00:35'),
	('SCH2021111679l11', 10, 12, 'ORD015.9', 'silver', 921, 993, 9.7, 10.5, '2021-11-16 07:10:26', '2021-11-16 07:10:26'),
	('SCH2021111679l14', 1, 15, 'ORD015.9', 'silver', 894, 966, 9.7, 10.5, '2021-11-16 08:55:11', '2021-11-16 08:55:11'),
	('SCH2021111679l15', 10, 16, 'ORD015.9', 'silver', 996, 1068, 9.7, 10.5, '2021-11-16 08:58:12', '2021-11-16 08:58:12'),
	('SCH2021111679l16', 10, 17, 'ORD011.10', 'yellow', 914, 935, 9.7, 10.5, '2021-11-16 09:06:01', '2021-11-16 09:06:01'),
	('SCH2021111679l6', 1, 7, 'ORD015.9', 'silver', 900, 972, 9.7, 10.5, '2021-11-16 00:25:05', '2021-11-16 00:25:05'),
	('SCH2021111679l7', 1, 8, 'ORD015.9', 'silver', 953, 1025, 9.7, 10.5, '2021-11-16 00:43:38', '2021-11-16 00:43:38'),
	('SCH2021111679l8', 1, 9, 'ORD015.9', 'silver', 904, 976, 9.7, 10.5, '2021-11-16 01:24:01', '2021-11-16 01:24:01'),
	('SCH2021111679l9', 10, 10, 'ORD015.9', 'silver', 1043, 1115, 9.7, 10.5, '2021-11-16 01:26:15', '2021-11-16 01:26:15'),
	('SCH2021111680a15', 10, 16, 'ORD014.3', 'khaki', 501, 572, 0.7, 1.5, '2021-11-16 08:58:10', '2021-11-16 08:58:10'),
	('SCH2021111680a4', 1, 5, 'ORD018.2', 'orange', 567, 653, 0.7, 1.5, '2021-11-15 16:53:24', '2021-11-15 16:53:24'),
	('SCH2021111680c11', 10, 12, 'ORD020.2', '#8ca8df', 537, 550, 0.7, 1.5, '2021-11-16 07:09:54', '2021-11-16 07:09:54'),
	('SCH2021111680c12', 10, 13, 'ORD020.2', '#8ca8df', 470, 483, 0.7, 1.5, '2021-11-16 07:26:07', '2021-11-16 07:26:08'),
	('SCH2021111680c14', 1, 15, 'ORD020.2', '#8ca8df', 443, 456, 0.7, 1.5, '2021-11-16 08:55:09', '2021-11-16 08:55:09'),
	('SCH2021111680g10', 1, 11, 'ORD013.2', 'lightyellow', 517, 602, 0.7, 1.5, '2021-11-16 02:00:33', '2021-11-16 02:00:33'),
	('SCH2021111680g13', 1, 14, 'ORD017.2', 'lightgreen', 512, 549, 0.7, 1.5, '2021-11-16 08:53:54', '2021-11-16 08:53:54'),
	('SCH2021111680g5', 10, 6, 'ORD013.2', 'lightyellow', 710, 795, 0.7, 1.5, '2021-11-16 00:15:45', '2021-11-16 00:15:45'),
	('SCH2021111680g6', 1, 7, 'ORD013.2', 'lightyellow', 442, 527, 0.7, 1.5, '2021-11-16 00:24:33', '2021-11-16 00:24:33'),
	('SCH2021111680g7', 1, 8, 'ORD017.2', 'lightgreen', 618, 655, 0.7, 1.5, '2021-11-16 00:43:06', '2021-11-16 00:43:07'),
	('SCH2021111680g8', 1, 9, 'ORD013.2', 'lightyellow', 448, 533, 0.7, 1.5, '2021-11-16 01:23:59', '2021-11-16 01:23:59'),
	('SCH2021111680g9', 10, 10, 'ORD017.2', 'lightgreen', 474, 511, 0.7, 1.5, '2021-11-16 01:26:13', '2021-11-16 01:26:13'),
	('SCH2021111680l2', 1, 3, 'ORD011.1', 'yellow', 534, 563, 0.7, 1.5, '2021-11-15 16:08:54', '2021-11-15 16:08:55'),
	('SCH2021111680l3', 10, 4, 'ORD015.2', 'silver', 552, 558, 0.7, 1.5, '2021-11-15 16:11:25', '2021-11-15 16:11:25'),
	('SCH2021111680n16', 10, 17, 'ORD016.7', 'pink', 424, 471, 0.7, 1.5, '2021-11-16 09:05:59', '2021-11-16 09:05:59'),
	('SCH2021111681a9', 10, 10, 'ORD018.3', 'orange', 474, 520, 1.7, 2.5, '2021-11-16 01:26:14', '2021-11-16 01:26:14'),
	('SCH2021111681c7', 1, 8, 'ORD020.1', '#8ca8df', 435, 520, 1.7, 2.5, '2021-11-16 00:43:10', '2021-11-16 00:43:10'),
	('SCH2021111681e3', 10, 4, 'ORD019.2', 'grey', 457, 526, 1.7, 2.5, '2021-11-15 16:11:29', '2021-11-15 16:11:29'),
	('SCH2021111681g16', 10, 17, 'ORD013.1', 'lightyellow', 432, 523, 1.7, 2.5, '2021-11-16 09:05:59', '2021-11-16 09:05:59'),
	('SCH2021111681i10', 1, 11, 'ORD012.6', 'whitesmoke', 503, 531, 1.7, 2.5, '2021-11-16 02:00:33', '2021-11-16 02:00:34'),
	('SCH2021111681i13', 1, 14, 'ORD012.6', 'whitesmoke', 605, 633, 1.7, 2.5, '2021-11-16 08:53:55', '2021-11-16 08:53:55'),
	('SCH2021111681i5', 10, 6, 'ORD012.6', 'whitesmoke', 544, 572, 1.7, 2.5, '2021-11-16 00:15:45', '2021-11-16 00:15:45'),
	('SCH2021111681l11', 10, 12, 'ORD011.2', 'yellow', 537, 615, 1.7, 2.5, '2021-11-16 07:09:58', '2021-11-16 07:09:58'),
	('SCH2021111681l12', 10, 13, 'ORD011.2', 'yellow', 492, 570, 1.7, 2.5, '2021-11-16 07:26:11', '2021-11-16 07:26:11'),
	('SCH2021111681l14', 1, 15, 'ORD011.2', 'yellow', 445, 523, 1.7, 2.5, '2021-11-16 08:55:09', '2021-11-16 08:55:09'),
	('SCH2021111681l15', 10, 16, 'ORD011.2', 'yellow', 501, 579, 1.7, 2.5, '2021-11-16 08:58:10', '2021-11-16 08:58:10'),
	('SCH2021111681l2', 1, 3, 'ORD011.2', 'yellow', 563, 641, 1.7, 2.5, '2021-11-15 16:08:58', '2021-11-15 16:08:58'),
	('SCH2021111681l4', 1, 5, 'ORD015.3', 'silver', 483, 505, 1.7, 2.5, '2021-11-15 16:53:27', '2021-11-15 16:53:28'),
	('SCH2021111681l6', 1, 7, 'ORD011.2', 'yellow', 442, 520, 1.7, 2.5, '2021-11-16 00:24:36', '2021-11-16 00:24:37'),
	('SCH2021111681l8', 1, 9, 'ORD011.2', 'yellow', 503, 581, 1.7, 2.5, '2021-11-16 01:23:59', '2021-11-16 01:23:59'),
	('SCH2021111682c11', 10, 12, 'ORD020.3', '#8ca8df', 635, 696, 2.7, 3.5, '2021-11-16 07:10:01', '2021-11-16 07:10:02'),
	('SCH2021111682c12', 10, 13, 'ORD020.3', '#8ca8df', 579, 640, 2.7, 3.5, '2021-11-16 07:26:15', '2021-11-16 07:26:15'),
	('SCH2021111682c15', 10, 16, 'ORD020.3', '#8ca8df', 577, 638, 2.7, 3.5, '2021-11-16 08:58:11', '2021-11-16 08:58:11'),
	('SCH2021111682e10', 1, 11, 'ORD019.5', 'grey', 630, 715, 2.7, 3.5, '2021-11-16 02:00:34', '2021-11-16 02:00:34'),
	('SCH2021111682e13', 1, 14, 'ORD019.5', 'grey', 524, 609, 2.7, 3.5, '2021-11-16 08:53:55', '2021-11-16 08:53:55'),
	('SCH2021111682e16', 10, 17, 'ORD019.5', 'grey', 535, 620, 2.7, 3.5, '2021-11-16 09:06:00', '2021-11-16 09:06:00'),
	('SCH2021111682e5', 10, 6, 'ORD019.5', 'grey', 639, 724, 2.7, 3.5, '2021-11-16 00:15:45', '2021-11-16 00:15:45'),
	('SCH2021111682e9', 10, 10, 'ORD019.5', 'grey', 645, 730, 2.7, 3.5, '2021-11-16 01:26:14', '2021-11-16 01:26:14'),
	('SCH2021111682g2', 1, 3, 'ORD013.4', 'lightyellow', 609, 683, 2.7, 3.5, '2021-11-15 16:09:01', '2021-11-15 16:09:02'),
	('SCH2021111682g3', 10, 4, 'ORD013.4', 'lightyellow', 738, 812, 2.7, 3.5, '2021-11-15 16:11:32', '2021-11-15 16:11:32'),
	('SCH2021111682g4', 1, 5, 'ORD017.4', 'lightgreen', 751, 764, 2.7, 3.5, '2021-11-15 16:53:31', '2021-11-15 16:53:31'),
	('SCH2021111682g6', 1, 7, 'ORD013.4', 'lightyellow', 576, 650, 2.7, 3.5, '2021-11-16 00:24:40', '2021-11-16 00:24:40'),
	('SCH2021111682g7', 1, 8, 'ORD017.4', 'lightgreen', 716, 729, 2.7, 3.5, '2021-11-16 00:43:13', '2021-11-16 00:43:14'),
	('SCH2021111682l14', 1, 15, 'ORD011.3', 'yellow', 567, 576, 2.7, 3.5, '2021-11-16 08:55:09', '2021-11-16 08:55:09'),
	('SCH2021111682l8', 1, 9, 'ORD011.3', 'yellow', 581, 590, 2.7, 3.5, '2021-11-16 01:24:00', '2021-11-16 01:24:00'),
	('SCH2021111683a11', 10, 12, 'ORD014.8', 'khaki', 1029, 1127, 3.7, 4.5, '2021-11-16 07:10:05', '2021-11-16 07:10:05'),
	('SCH2021111683a12', 10, 13, 'ORD014.8', 'khaki', 806, 904, 3.7, 4.5, '2021-11-16 07:26:18', '2021-11-16 07:26:18'),
	('SCH2021111683a13', 1, 14, 'ORD014.8', 'khaki', 834, 932, 3.7, 4.5, '2021-11-16 08:53:55', '2021-11-16 08:53:55'),
	('SCH2021111683a15', 10, 16, 'ORD014.8', 'khaki', 925, 1023, 3.7, 4.5, '2021-11-16 08:58:11', '2021-11-16 08:58:11'),
	('SCH2021111683a2', 1, 3, 'ORD014.8', 'khaki', 882, 980, 3.7, 4.5, '2021-11-15 16:09:05', '2021-11-15 16:09:05'),
	('SCH2021111683a3', 10, 4, 'ORD014.8', 'khaki', 1011, 1109, 3.7, 4.5, '2021-11-15 16:11:36', '2021-11-15 16:11:36'),
	('SCH2021111683a4', 1, 5, 'ORD014.8', 'khaki', 1001, 1099, 3.7, 4.5, '2021-11-15 16:53:35', '2021-11-15 16:53:35'),
	('SCH2021111683a6', 1, 7, 'ORD014.8', 'khaki', 780, 878, 3.7, 4.5, '2021-11-16 00:24:44', '2021-11-16 00:24:44'),
	('SCH2021111683c10', 1, 11, 'ORD020.8', '#8ca8df', 966, 1018, 3.7, 4.5, '2021-11-16 02:00:34', '2021-11-16 02:00:34'),
	('SCH2021111683c14', 1, 15, 'ORD020.8', '#8ca8df', 873, 925, 3.7, 4.5, '2021-11-16 08:55:10', '2021-11-16 08:55:10'),
	('SCH2021111683c16', 10, 17, 'ORD020.8', '#8ca8df', 818, 870, 3.7, 4.5, '2021-11-16 09:06:00', '2021-11-16 09:06:00'),
	('SCH2021111683c5', 10, 6, 'ORD020.8', '#8ca8df', 913, 965, 3.7, 4.5, '2021-11-16 00:15:45', '2021-11-16 00:15:45'),
	('SCH2021111683c7', 1, 8, 'ORD020.8', '#8ca8df', 900, 952, 3.7, 4.5, '2021-11-16 00:43:17', '2021-11-16 00:43:17'),
	('SCH2021111683c8', 1, 9, 'ORD020.8', '#8ca8df', 834, 886, 3.7, 4.5, '2021-11-16 01:24:00', '2021-11-16 01:24:00'),
	('SCH2021111683c9', 10, 10, 'ORD020.8', '#8ca8df', 838, 890, 3.7, 4.5, '2021-11-16 01:26:14', '2021-11-16 01:26:14'),
	('SCH2021111684c10', 1, 11, 'ORD020.9', '#8ca8df', 1018, 1108, 4.7, 5.5, '2021-11-16 02:00:34', '2021-11-16 02:00:34'),
	('SCH2021111684e16', 10, 17, 'ORD019.9', 'grey', 1015, 1041, 4.7, 5.5, '2021-11-16 09:06:00', '2021-11-16 09:06:00'),
	('SCH2021111684e5', 10, 6, 'ORD019.9', 'grey', 1116, 1142, 4.7, 5.5, '2021-11-16 00:15:46', '2021-11-16 00:15:46'),
	('SCH2021111684g12', 10, 13, 'ORD017.10', 'lightgreen', 1085, 1140, 4.7, 5.5, '2021-11-16 07:26:22', '2021-11-16 07:26:22'),
	('SCH2021111684g15', 10, 16, 'ORD013.10', 'lightyellow', 1104, 1137, 4.7, 5.5, '2021-11-16 08:58:11', '2021-11-16 08:58:11'),
	('SCH2021111684g2', 1, 3, 'ORD017.10', 'lightgreen', 1058, 1113, 4.7, 5.5, '2021-11-15 16:09:08', '2021-11-15 16:09:08'),
	('SCH2021111684g3', 10, 4, 'ORD013.10', 'lightyellow', 1129, 1162, 4.7, 5.5, '2021-11-15 16:11:39', '2021-11-15 16:11:39'),
	('SCH2021111684g4', 1, 5, 'ORD013.10', 'lightyellow', 1140, 1173, 4.7, 5.5, '2021-11-15 16:53:38', '2021-11-15 16:53:38'),
	('SCH2021111684g7', 1, 8, 'ORD017.10', 'lightgreen', 1105, 1160, 4.7, 5.5, '2021-11-16 00:43:20', '2021-11-16 00:43:21'),
	('SCH2021111684g8', 1, 9, 'ORD017.10', 'lightgreen', 1098, 1153, 4.7, 5.5, '2021-11-16 01:24:00', '2021-11-16 01:24:00'),
	('SCH2021111684g9', 10, 10, 'ORD017.10', 'lightgreen', 1094, 1149, 4.7, 5.5, '2021-11-16 01:26:14', '2021-11-16 01:26:14'),
	('SCH2021111684n11', 10, 12, 'ORD016.9', 'pink', 1096, 1102, 4.7, 5.5, '2021-11-16 07:10:09', '2021-11-16 07:10:09'),
	('SCH2021111684n13', 1, 14, 'ORD016.9', 'pink', 1054, 1060, 4.7, 5.5, '2021-11-16 08:53:55', '2021-11-16 08:53:55'),
	('SCH2021111684n14', 1, 15, 'ORD016.9', 'pink', 1134, 1140, 4.7, 5.5, '2021-11-16 08:55:10', '2021-11-16 08:55:10'),
	('SCH2021111684n6', 1, 7, 'ORD016.9', 'pink', 1019, 1025, 4.7, 5.5, '2021-11-16 00:24:47', '2021-11-16 00:24:48'),
	('SCH2021111685a2', 1, 3, 'ORD014.10', 'khaki', 1002, 1045, 5.7, 6.5, '2021-11-15 16:09:12', '2021-11-15 16:09:12'),
	('SCH2021111685c14', 1, 15, 'ORD020.7', '#8ca8df', 787, 834, 5.7, 6.5, '2021-11-16 08:55:10', '2021-11-16 08:55:10'),
	('SCH2021111685c4', 1, 5, 'ORD020.7', '#8ca8df', 817, 864, 5.7, 6.5, '2021-11-15 16:53:42', '2021-11-15 16:53:42'),
	('SCH2021111685g10', 1, 11, 'ORD013.6', 'lightyellow', 886, 896, 5.7, 6.5, '2021-11-16 02:00:34', '2021-11-16 02:00:34'),
	('SCH2021111685g12', 10, 13, 'ORD013.6', 'lightyellow', 943, 953, 5.7, 6.5, '2021-11-16 07:26:25', '2021-11-16 07:26:26'),
	('SCH2021111685g16', 10, 17, 'ORD013.6', 'lightyellow', 940, 950, 5.7, 6.5, '2021-11-16 09:06:00', '2021-11-16 09:06:00'),
	('SCH2021111685g3', 10, 4, 'ORD017.6', 'lightgreen', 959, 980, 5.7, 6.5, '2021-11-15 16:11:42', '2021-11-15 16:11:43'),
	('SCH2021111685g5', 10, 6, 'ORD013.6', 'lightyellow', 998, 1008, 5.7, 6.5, '2021-11-16 00:15:46', '2021-11-16 00:15:46'),
	('SCH2021111685g7', 1, 8, 'ORD013.6', 'lightyellow', 932, 942, 5.7, 6.5, '2021-11-16 00:43:24', '2021-11-16 00:43:24'),
	('SCH2021111685g9', 10, 10, 'ORD017.6', 'lightgreen', 874, 895, 5.7, 6.5, '2021-11-16 01:26:15', '2021-11-16 01:26:15'),
	('SCH2021111685i6', 1, 7, 'ORD012.8', 'whitesmoke', 825, 871, 5.7, 6.5, '2021-11-16 00:24:51', '2021-11-16 00:24:51'),
	('SCH2021111685l11', 10, 12, 'ORD011.6', 'yellow', 921, 932, 5.7, 6.5, '2021-11-16 07:10:12', '2021-11-16 07:10:12'),
	('SCH2021111685l13', 1, 14, 'ORD011.6', 'yellow', 894, 905, 5.7, 6.5, '2021-11-16 08:53:55', '2021-11-16 08:53:55'),
	('SCH2021111685l15', 10, 16, 'ORD011.6', 'yellow', 854, 865, 5.7, 6.5, '2021-11-16 08:58:11', '2021-11-16 08:58:11'),
	('SCH2021111685l8', 1, 9, 'ORD011.6', 'yellow', 867, 878, 5.7, 6.5, '2021-11-16 01:24:00', '2021-11-16 01:24:00'),
	('SCH2021111686g10', 1, 11, 'ORD013.8', 'lightyellow', 943, 1032, 6.7, 7.5, '2021-11-16 02:00:35', '2021-11-16 02:00:35'),
	('SCH2021111686g12', 10, 13, 'ORD013.8', 'lightyellow', 1052, 1141, 6.7, 7.5, '2021-11-16 07:26:29', '2021-11-16 07:26:29'),
	('SCH2021111686g16', 10, 17, 'ORD013.8', 'lightyellow', 1018, 1107, 6.7, 7.5, '2021-11-16 09:06:01', '2021-11-16 09:06:01'),
	('SCH2021111686g2', 1, 3, 'ORD013.8', 'lightyellow', 992, 1081, 6.7, 7.5, '2021-11-15 16:09:15', '2021-11-15 16:09:15'),
	('SCH2021111686g3', 10, 4, 'ORD013.8', 'lightyellow', 924, 1013, 6.7, 7.5, '2021-11-15 16:11:46', '2021-11-15 16:11:46'),
	('SCH2021111686g4', 1, 5, 'ORD013.8', 'lightyellow', 1006, 1095, 6.7, 7.5, '2021-11-15 16:53:45', '2021-11-15 16:53:46'),
	('SCH2021111686g5', 10, 6, 'ORD013.8', 'lightyellow', 1082, 1171, 6.7, 7.5, '2021-11-16 00:15:46', '2021-11-16 00:15:46'),
	('SCH2021111686g6', 1, 7, 'ORD013.8', 'lightyellow', 952, 1041, 6.7, 7.5, '2021-11-16 00:24:54', '2021-11-16 00:24:55'),
	('SCH2021111686g7', 1, 8, 'ORD013.8', 'lightyellow', 994, 1083, 6.7, 7.5, '2021-11-16 00:43:28', '2021-11-16 00:43:28'),
	('SCH2021111686g9', 10, 10, 'ORD013.8', 'lightyellow', 939, 1028, 6.7, 7.5, '2021-11-16 01:26:15', '2021-11-16 01:26:15'),
	('SCH2021111686l8', 1, 9, 'ORD015.10', 'silver', 976, 1029, 6.7, 7.5, '2021-11-16 01:24:01', '2021-11-16 01:24:01'),
	('SCH2021111686n11', 10, 12, 'ORD016.8', 'pink', 994, 1059, 6.7, 7.5, '2021-11-16 07:10:16', '2021-11-16 07:10:16'),
	('SCH2021111686n13', 1, 14, 'ORD016.8', 'pink', 977, 1042, 6.7, 7.5, '2021-11-16 08:53:56', '2021-11-16 08:53:56'),
	('SCH2021111686n14', 1, 15, 'ORD016.8', 'pink', 941, 1006, 6.7, 7.5, '2021-11-16 08:55:10', '2021-11-16 08:55:10'),
	('SCH2021111686n15', 10, 16, 'ORD016.8', 'pink', 939, 1004, 6.7, 7.5, '2021-11-16 08:58:12', '2021-11-16 08:58:12'),
	('SCH2021111687a16', 10, 17, 'ORD018.9', 'orange', 1018, 1054, 7.7, 8.5, '2021-11-16 09:06:01', '2021-11-16 09:06:01'),
	('SCH2021111687a9', 10, 10, 'ORD018.9', 'orange', 1094, 1130, 7.7, 8.5, '2021-11-16 01:26:15', '2021-11-16 01:26:15'),
	('SCH2021111687c4', 1, 5, 'ORD020.10', '#8ca8df', 1161, 1206, 7.7, 8.5, '2021-11-15 16:53:49', '2021-11-15 16:53:49'),
	('SCH2021111687c5', 10, 6, 'ORD020.10', '#8ca8df', 1082, 1127, 7.7, 8.5, '2021-11-16 00:15:46', '2021-11-16 00:15:46'),
	('SCH2021111687g12', 10, 13, 'ORD013.7', 'lightyellow', 1040, 1052, 7.7, 8.5, '2021-11-16 07:26:33', '2021-11-16 07:26:33'),
	('SCH2021111687g3', 10, 4, 'ORD017.9', 'lightgreen', 1101, 1131, 7.7, 8.5, '2021-11-15 16:11:49', '2021-11-15 16:11:50'),
	('SCH2021111687g7', 1, 8, 'ORD017.9', 'lightgreen', 1075, 1105, 7.7, 8.5, '2021-11-16 00:43:31', '2021-11-16 00:43:31'),
	('SCH2021111687i2', 1, 3, 'ORD012.9', 'whitesmoke', 1103, 1175, 7.7, 8.5, '2021-11-15 16:09:18', '2021-11-15 16:09:19'),
	('SCH2021111687i6', 1, 7, 'ORD012.9', 'whitesmoke', 1094, 1166, 7.7, 8.5, '2021-11-16 00:24:58', '2021-11-16 00:24:58'),
	('SCH2021111687n10', 1, 11, 'ORD016.10', 'pink', 1156, 1181, 7.7, 8.5, '2021-11-16 02:00:35', '2021-11-16 02:00:35'),
	('SCH2021111687n11', 10, 12, 'ORD016.10', 'pink', 1115, 1140, 7.7, 8.5, '2021-11-16 07:10:19', '2021-11-16 07:10:20'),
	('SCH2021111687n13', 1, 14, 'ORD016.10', 'pink', 1100, 1125, 7.7, 8.5, '2021-11-16 08:53:56', '2021-11-16 08:53:56'),
	('SCH2021111687n14', 1, 15, 'ORD016.10', 'pink', 1140, 1165, 7.7, 8.5, '2021-11-16 08:55:11', '2021-11-16 08:55:11'),
	('SCH2021111687n15', 10, 16, 'ORD016.10', 'pink', 1143, 1168, 7.7, 8.5, '2021-11-16 08:58:12', '2021-11-16 08:58:12'),
	('SCH2021111687n8', 1, 9, 'ORD016.10', 'pink', 1098, 1123, 7.7, 8.5, '2021-11-16 01:24:01', '2021-11-16 01:24:01'),
	('SCH2021111688e14', 1, 15, 'ORD019.10', 'grey', 1011, 1085, 8.7, 9.5, '2021-11-16 08:55:11', '2021-11-16 08:55:11'),
	('SCH2021111688e2', 1, 3, 'ORD019.10', 'grey', 1024, 1098, 8.7, 9.5, '2021-11-15 16:09:22', '2021-11-15 16:09:22'),
	('SCH2021111688e7', 1, 8, 'ORD019.10', 'grey', 1094, 1168, 8.7, 9.5, '2021-11-16 00:43:35', '2021-11-16 00:43:35'),
	('SCH2021111688e8', 1, 9, 'ORD019.10', 'grey', 1040, 1114, 8.7, 9.5, '2021-11-16 01:24:01', '2021-11-16 01:24:01'),
	('SCH2021111688g16', 10, 17, 'ORD013.5', 'lightyellow', 850, 940, 8.7, 9.5, '2021-11-16 09:06:01', '2021-11-16 09:06:01'),
	('SCH2021111688g3', 10, 4, 'ORD017.8', 'lightgreen', 1012, 1101, 8.7, 9.5, '2021-11-15 16:11:53', '2021-11-15 16:11:53'),
	('SCH2021111688g9', 10, 10, 'ORD017.8', 'lightgreen', 975, 1064, 8.7, 9.5, '2021-11-16 01:26:15', '2021-11-16 01:26:15'),
	('SCH2021111688i10', 1, 11, 'ORD012.10', 'whitesmoke', 1120, 1150, 8.7, 9.5, '2021-11-16 02:00:35', '2021-11-16 02:00:35'),
	('SCH2021111688i12', 10, 13, 'ORD012.10', 'whitesmoke', 1040, 1070, 8.7, 9.5, '2021-11-16 07:26:36', '2021-11-16 07:26:36'),
	('SCH2021111688i13', 1, 14, 'ORD012.10', 'whitesmoke', 1099, 1129, 8.7, 9.5, '2021-11-16 08:53:56', '2021-11-16 08:53:56'),
	('SCH2021111688l11', 10, 12, 'ORD011.9', 'yellow', 1085, 1129, 8.7, 9.5, '2021-11-16 07:10:23', '2021-11-16 07:10:23'),
	('SCH2021111688l15', 10, 16, 'ORD011.9', 'yellow', 1022, 1066, 8.7, 9.5, '2021-11-16 08:58:12', '2021-11-16 08:58:12'),
	('SCH2021111688l4', 1, 5, 'ORD011.9', 'yellow', 1030, 1074, 8.7, 9.5, '2021-11-15 16:53:53', '2021-11-15 16:53:53'),
	('SCH2021111688l5', 10, 6, 'ORD011.9', 'yellow', 998, 1042, 8.7, 9.5, '2021-11-16 00:15:47', '2021-11-16 00:15:47'),
	('SCH2021111688l6', 1, 7, 'ORD011.9', 'yellow', 1094, 1138, 8.7, 9.5, '2021-11-16 00:25:02', '2021-11-16 00:25:02'),
	('SCH2021111689a11', 10, 12, 'ORD014.9', 'khaki', 1127, 1149, 9.7, 10.5, '2021-11-16 07:10:26', '2021-11-16 07:10:27'),
	('SCH2021111689a14', 1, 15, 'ORD014.9', 'khaki', 966, 988, 9.7, 10.5, '2021-11-16 08:55:11', '2021-11-16 08:55:11'),
	('SCH2021111689a15', 10, 16, 'ORD014.9', 'khaki', 1068, 1090, 9.7, 10.5, '2021-11-16 08:58:12', '2021-11-16 08:58:12'),
	('SCH2021111689a16', 10, 17, 'ORD018.8', 'orange', 935, 983, 9.7, 10.5, '2021-11-16 09:06:01', '2021-11-16 09:06:01'),
	('SCH2021111689a4', 1, 5, 'ORD014.9', 'khaki', 1140, 1162, 9.7, 10.5, '2021-11-15 16:53:56', '2021-11-15 16:53:57'),
	('SCH2021111689g10', 1, 11, 'ORD013.9', 'lightyellow', 1064, 1109, 9.7, 10.5, '2021-11-16 02:00:35', '2021-11-16 02:00:35'),
	('SCH2021111689g5', 10, 6, 'ORD013.9', 'lightyellow', 1171, 1216, 9.7, 10.5, '2021-11-16 00:15:47', '2021-11-16 00:15:47'),
	('SCH2021111689g9', 10, 10, 'ORD013.9', 'lightyellow', 1115, 1160, 9.7, 10.5, '2021-11-16 01:26:15', '2021-11-16 01:26:15'),
	('SCH2021111689l12', 10, 13, 'ORD011.10', 'yellow', 1012, 1033, 9.7, 10.5, '2021-11-16 07:26:40', '2021-11-16 07:26:40'),
	('SCH2021111689l13', 1, 14, 'ORD015.9', 'silver', 1058, 1130, 9.7, 10.5, '2021-11-16 08:53:56', '2021-11-16 08:53:56'),
	('SCH2021111689l2', 1, 3, 'ORD011.10', 'yellow', 1024, 1045, 9.7, 10.5, '2021-11-15 16:09:25', '2021-11-15 16:09:26'),
	('SCH2021111689l3', 10, 4, 'ORD015.9', 'silver', 1098, 1170, 9.7, 10.5, '2021-11-15 16:11:56', '2021-11-15 16:11:57'),
	('SCH2021111689l6', 1, 7, 'ORD011.10', 'yellow', 1138, 1159, 9.7, 10.5, '2021-11-16 00:25:05', '2021-11-16 00:25:06'),
	('SCH2021111689l7', 1, 8, 'ORD011.10', 'yellow', 1094, 1115, 9.7, 10.5, '2021-11-16 00:43:38', '2021-11-16 00:43:38'),
	('SCH2021111689l8', 1, 9, 'ORD011.10', 'yellow', 1040, 1061, 9.7, 10.5, '2021-11-16 01:24:01', '2021-11-16 01:24:01'),
	('SCH2021111690g16', 10, 17, 'ORD013.2', 'lightyellow', 523, 608, 0.7, 1.5, '2021-11-16 09:05:59', '2021-11-16 09:05:59'),
	('SCH2021111690g4', 1, 5, 'ORD017.2', 'lightgreen', 653, 690, 0.7, 1.5, '2021-11-15 16:53:24', '2021-11-15 16:53:25'),
	('SCH2021111690n10', 1, 11, 'ORD016.7', 'pink', 602, 649, 0.7, 1.5, '2021-11-16 02:00:33', '2021-11-16 02:00:33'),
	('SCH2021111690n11', 10, 12, 'ORD016.7', 'pink', 766, 813, 0.7, 1.5, '2021-11-16 07:09:55', '2021-11-16 07:09:55'),
	('SCH2021111690n12', 10, 13, 'ORD016.7', 'pink', 548, 595, 0.7, 1.5, '2021-11-16 07:26:08', '2021-11-16 07:26:08'),
	('SCH2021111690n13', 1, 14, 'ORD016.7', 'pink', 725, 772, 0.7, 1.5, '2021-11-16 08:53:54', '2021-11-16 08:53:54'),
	('SCH2021111690n14', 1, 15, 'ORD016.7', 'pink', 894, 941, 0.7, 1.5, '2021-11-16 08:55:09', '2021-11-16 08:55:09'),
	('SCH2021111690n15', 10, 16, 'ORD016.7', 'pink', 572, 619, 0.7, 1.5, '2021-11-16 08:58:10', '2021-11-16 08:58:10'),
	('SCH2021111690n2', 1, 3, 'ORD016.7', 'pink', 563, 610, 0.7, 1.5, '2021-11-15 16:08:55', '2021-11-15 16:08:55'),
	('SCH2021111690n3', 10, 4, 'ORD016.7', 'pink', 558, 605, 0.7, 1.5, '2021-11-15 16:11:25', '2021-11-15 16:11:26'),
	('SCH2021111690n5', 10, 6, 'ORD016.7', 'pink', 795, 842, 0.7, 1.5, '2021-11-16 00:15:45', '2021-11-16 00:15:45'),
	('SCH2021111690n6', 1, 7, 'ORD016.7', 'pink', 589, 636, 0.7, 1.5, '2021-11-16 00:24:33', '2021-11-16 00:24:33'),
	('SCH2021111690n7', 1, 8, 'ORD016.7', 'pink', 657, 704, 0.7, 1.5, '2021-11-16 00:43:07', '2021-11-16 00:43:07'),
	('SCH2021111690n8', 1, 9, 'ORD016.7', 'pink', 533, 580, 0.7, 1.5, '2021-11-16 01:23:59', '2021-11-16 01:23:59'),
	('SCH2021111690n9', 10, 10, 'ORD016.7', 'pink', 511, 558, 0.7, 1.5, '2021-11-16 01:26:13', '2021-11-16 01:26:13'),
	('SCH2021111691a13', 1, 14, 'ORD018.3', 'orange', 633, 679, 1.7, 2.5, '2021-11-16 08:53:55', '2021-11-16 08:53:55'),
	('SCH2021111691a4', 1, 5, 'ORD018.3', 'orange', 653, 699, 1.7, 2.5, '2021-11-15 16:53:28', '2021-11-15 16:53:28'),
	('SCH2021111691g5', 10, 6, 'ORD013.1', 'lightyellow', 572, 663, 1.7, 2.5, '2021-11-16 00:15:45', '2021-11-16 00:15:45'),
	('SCH2021111691i11', 10, 12, 'ORD012.6', 'whitesmoke', 615, 643, 1.7, 2.5, '2021-11-16 07:09:58', '2021-11-16 07:09:58'),
	('SCH2021111691i12', 10, 13, 'ORD012.6', 'whitesmoke', 570, 598, 1.7, 2.5, '2021-11-16 07:26:11', '2021-11-16 07:26:12'),
	('SCH2021111691i14', 1, 15, 'ORD012.6', 'whitesmoke', 523, 551, 1.7, 2.5, '2021-11-16 08:55:09', '2021-11-16 08:55:09'),
	('SCH2021111691i15', 10, 16, 'ORD012.6', 'whitesmoke', 579, 607, 1.7, 2.5, '2021-11-16 08:58:10', '2021-11-16 08:58:10'),
	('SCH2021111691i16', 10, 17, 'ORD012.6', 'whitesmoke', 538, 566, 1.7, 2.5, '2021-11-16 09:05:59', '2021-11-16 09:05:59'),
	('SCH2021111691i2', 1, 3, 'ORD012.6', 'whitesmoke', 797, 825, 1.7, 2.5, '2021-11-15 16:08:58', '2021-11-15 16:08:58'),
	('SCH2021111691i6', 1, 7, 'ORD012.6', 'whitesmoke', 669, 697, 1.7, 2.5, '2021-11-16 00:24:37', '2021-11-16 00:24:37'),
	('SCH2021111691i7', 1, 8, 'ORD012.6', 'whitesmoke', 639, 667, 1.7, 2.5, '2021-11-16 00:43:10', '2021-11-16 00:43:11'),
	('SCH2021111691i9', 10, 10, 'ORD012.6', 'whitesmoke', 520, 548, 1.7, 2.5, '2021-11-16 01:26:14', '2021-11-16 01:26:14'),
	('SCH2021111691l10', 1, 11, 'ORD015.3', 'silver', 531, 553, 1.7, 2.5, '2021-11-16 02:00:34', '2021-11-16 02:00:34'),
	('SCH2021111691l3', 10, 4, 'ORD015.3', 'silver', 558, 580, 1.7, 2.5, '2021-11-15 16:11:29', '2021-11-15 16:11:29'),
	('SCH2021111691l8', 1, 9, 'ORD015.3', 'silver', 581, 603, 1.7, 2.5, '2021-11-16 01:23:59', '2021-11-16 01:23:59'),
	('SCH2021111692e14', 1, 15, 'ORD019.5', 'grey', 576, 661, 2.7, 3.5, '2021-11-16 08:55:09', '2021-11-16 08:55:09'),
	('SCH2021111692e4', 1, 5, 'ORD019.5', 'grey', 764, 849, 2.7, 3.5, '2021-11-15 16:53:31', '2021-11-15 16:53:32'),
	('SCH2021111692g10', 1, 11, 'ORD013.4', 'lightyellow', 715, 789, 2.7, 3.5, '2021-11-16 02:00:34', '2021-11-16 02:00:34'),
	('SCH2021111692g12', 10, 13, 'ORD013.4', 'lightyellow', 640, 714, 2.7, 3.5, '2021-11-16 07:26:15', '2021-11-16 07:26:15'),
	('SCH2021111692g13', 1, 14, 'ORD017.4', 'lightgreen', 692, 705, 2.7, 3.5, '2021-11-16 08:53:55', '2021-11-16 08:53:55'),
	('SCH2021111692g16', 10, 17, 'ORD013.4', 'lightyellow', 661, 735, 2.7, 3.5, '2021-11-16 09:06:00', '2021-11-16 09:06:00'),
	('SCH2021111692g3', 10, 4, 'ORD017.4', 'lightgreen', 812, 825, 2.7, 3.5, '2021-11-15 16:11:32', '2021-11-15 16:11:33'),
	('SCH2021111692g5', 10, 6, 'ORD013.4', 'lightyellow', 834, 908, 2.7, 3.5, '2021-11-16 00:15:45', '2021-11-16 00:15:45'),
	('SCH2021111692g7', 1, 8, 'ORD013.4', 'lightyellow', 755, 829, 2.7, 3.5, '2021-11-16 00:43:14', '2021-11-16 00:43:14'),
	('SCH2021111692g8', 1, 9, 'ORD013.4', 'lightyellow', 590, 664, 2.7, 3.5, '2021-11-16 01:24:00', '2021-11-16 01:24:00'),
	('SCH2021111692g9', 10, 10, 'ORD017.4', 'lightgreen', 730, 743, 2.7, 3.5, '2021-11-16 01:26:14', '2021-11-16 01:26:14'),
	('SCH2021111692l11', 10, 12, 'ORD011.3', 'yellow', 696, 705, 2.7, 3.5, '2021-11-16 07:10:02', '2021-11-16 07:10:02'),
	('SCH2021111692l15', 10, 16, 'ORD011.3', 'yellow', 638, 647, 2.7, 3.5, '2021-11-16 08:58:11', '2021-11-16 08:58:11'),
	('SCH2021111692l2', 1, 3, 'ORD011.3', 'yellow', 683, 692, 2.7, 3.5, '2021-11-15 16:09:02', '2021-11-15 16:09:02'),
	('SCH2021111692l6', 1, 7, 'ORD011.3', 'yellow', 650, 659, 2.7, 3.5, '2021-11-16 00:24:40', '2021-11-16 00:24:41'),
	('SCH2021111693a10', 1, 11, 'ORD018.10', 'orange', 1156, 1235, 3.7, 4.5, '2021-11-16 02:00:34', '2021-11-16 02:00:34'),
	('SCH2021111693a11', 10, 12, 'ORD018.10', 'orange', 1127, 1206, 3.7, 4.5, '2021-11-16 07:10:05', '2021-11-16 07:10:06'),
	('SCH2021111693a13', 1, 14, 'ORD018.10', 'orange', 1161, 1240, 3.7, 4.5, '2021-11-16 08:53:55', '2021-11-16 08:53:55'),
	('SCH2021111693a14', 1, 15, 'ORD018.10', 'orange', 925, 1004, 3.7, 4.5, '2021-11-16 08:55:10', '2021-11-16 08:55:10'),
	('SCH2021111693a15', 10, 16, 'ORD018.10', 'orange', 1123, 1202, 3.7, 4.5, '2021-11-16 08:58:11', '2021-11-16 08:58:11'),
	('SCH2021111693a16', 10, 17, 'ORD018.10', 'orange', 1054, 1133, 3.7, 4.5, '2021-11-16 09:06:00', '2021-11-16 09:06:00'),
	('SCH2021111693a2', 1, 3, 'ORD018.10', 'orange', 1028, 1107, 3.7, 4.5, '2021-11-15 16:09:05', '2021-11-15 16:09:05'),
	('SCH2021111693a3', 10, 4, 'ORD018.10', 'orange', 1109, 1188, 3.7, 4.5, '2021-11-15 16:11:36', '2021-11-15 16:11:36'),
	('SCH2021111693a4', 1, 5, 'ORD018.10', 'orange', 1131, 1210, 3.7, 4.5, '2021-11-15 16:53:35', '2021-11-15 16:53:35'),
	('SCH2021111693a5', 10, 6, 'ORD014.8', 'khaki', 1021, 1119, 3.7, 4.5, '2021-11-16 00:15:45', '2021-11-16 00:15:45'),
	('SCH2021111693a6', 1, 7, 'ORD018.10', 'orange', 878, 957, 3.7, 4.5, '2021-11-16 00:24:44', '2021-11-16 00:24:44'),
	('SCH2021111693a7', 1, 8, 'ORD018.10', 'orange', 990, 1069, 3.7, 4.5, '2021-11-16 00:43:17', '2021-11-16 00:43:18'),
	('SCH2021111693a8', 1, 9, 'ORD018.10', 'orange', 940, 1019, 3.7, 4.5, '2021-11-16 01:24:00', '2021-11-16 01:24:00'),
	('SCH2021111693a9', 10, 10, 'ORD018.10', 'orange', 1130, 1209, 3.7, 4.5, '2021-11-16 01:26:14', '2021-11-16 01:26:14'),
	('SCH2021111693c12', 10, 13, 'ORD020.8', '#8ca8df', 943, 995, 3.7, 4.5, '2021-11-16 07:26:19', '2021-11-16 07:26:19'),
	('SCH2021111694g10', 1, 11, 'ORD013.10', 'lightyellow', 1109, 1142, 4.7, 5.5, '2021-11-16 02:00:34', '2021-11-16 02:00:34'),
	('SCH2021111694g11', 10, 12, 'ORD017.10', 'lightgreen', 1115, 1170, 4.7, 5.5, '2021-11-16 07:10:09', '2021-11-16 07:10:09'),
	('SCH2021111694g12', 10, 13, 'ORD013.10', 'lightyellow', 1186, 1219, 4.7, 5.5, '2021-11-16 07:26:22', '2021-11-16 07:26:22'),
	('SCH2021111694g13', 1, 14, 'ORD013.10', 'lightyellow', 1060, 1093, 4.7, 5.5, '2021-11-16 08:53:55', '2021-11-16 08:53:55'),
	('SCH2021111694g14', 1, 15, 'ORD017.10', 'lightgreen', 1140, 1195, 4.7, 5.5, '2021-11-16 08:55:10', '2021-11-16 08:55:10'),
	('SCH2021111694g16', 10, 17, 'ORD013.10', 'lightyellow', 1152, 1185, 4.7, 5.5, '2021-11-16 09:06:00', '2021-11-16 09:06:00'),
	('SCH2021111694g2', 1, 3, 'ORD013.10', 'lightyellow', 1126, 1159, 4.7, 5.5, '2021-11-15 16:09:09', '2021-11-15 16:09:09'),
	('SCH2021111694g3', 10, 4, 'ORD017.10', 'lightgreen', 1162, 1217, 4.7, 5.5, '2021-11-15 16:11:39', '2021-11-15 16:11:40'),
	('SCH2021111694g4', 1, 5, 'ORD017.10', 'lightgreen', 1173, 1228, 4.7, 5.5, '2021-11-15 16:53:38', '2021-11-15 16:53:39'),
	('SCH2021111694g5', 10, 6, 'ORD013.10', 'lightyellow', 1216, 1249, 4.7, 5.5, '2021-11-16 00:15:46', '2021-11-16 00:15:46'),
	('SCH2021111694g6', 1, 7, 'ORD013.10', 'lightyellow', 1204, 1237, 4.7, 5.5, '2021-11-16 00:24:48', '2021-11-16 00:24:48'),
	('SCH2021111694g7', 1, 8, 'ORD013.10', 'lightyellow', 1160, 1193, 4.7, 5.5, '2021-11-16 00:43:21', '2021-11-16 00:43:21'),
	('SCH2021111694g8', 1, 9, 'ORD013.10', 'lightyellow', 1163, 1196, 4.7, 5.5, '2021-11-16 01:24:00', '2021-11-16 01:24:00'),
	('SCH2021111694g9', 10, 10, 'ORD013.10', 'lightyellow', 1160, 1193, 4.7, 5.5, '2021-11-16 01:26:14', '2021-11-16 01:26:14'),
	('SCH2021111694n15', 10, 16, 'ORD016.9', 'pink', 1137, 1143, 4.7, 5.5, '2021-11-16 08:58:11', '2021-11-16 08:58:11'),
	('SCH2021111695a11', 10, 12, 'ORD014.10', 'khaki', 1149, 1192, 5.7, 6.5, '2021-11-16 07:10:12', '2021-11-16 07:10:13'),
	('SCH2021111695a12', 10, 13, 'ORD014.10', 'khaki', 1006, 1049, 5.7, 6.5, '2021-11-16 07:26:26', '2021-11-16 07:26:26'),
	('SCH2021111695a13', 1, 14, 'ORD014.10', 'khaki', 1058, 1101, 5.7, 6.5, '2021-11-16 08:53:55', '2021-11-16 08:53:55'),
	('SCH2021111695a14', 1, 15, 'ORD014.10', 'khaki', 988, 1031, 5.7, 6.5, '2021-11-16 08:55:10', '2021-11-16 08:55:10'),
	('SCH2021111695a15', 10, 16, 'ORD014.10', 'khaki', 1090, 1133, 5.7, 6.5, '2021-11-16 08:58:11', '2021-11-16 08:58:11'),
	('SCH2021111695a16', 10, 17, 'ORD014.10', 'khaki', 950, 993, 5.7, 6.5, '2021-11-16 09:06:00', '2021-11-16 09:06:00'),
	('SCH2021111695a3', 10, 4, 'ORD014.10', 'khaki', 1192, 1235, 5.7, 6.5, '2021-11-15 16:11:43', '2021-11-15 16:11:43'),
	('SCH2021111695a4', 1, 5, 'ORD014.10', 'khaki', 1162, 1205, 5.7, 6.5, '2021-11-15 16:53:42', '2021-11-15 16:53:42'),
	('SCH2021111695a5', 10, 6, 'ORD014.10', 'khaki', 1164, 1207, 5.7, 6.5, '2021-11-16 00:15:46', '2021-11-16 00:15:46'),
	('SCH2021111695a6', 1, 7, 'ORD014.10', 'khaki', 900, 943, 5.7, 6.5, '2021-11-16 00:24:51', '2021-11-16 00:24:52'),
	('SCH2021111695a7', 1, 8, 'ORD014.10', 'khaki', 942, 985, 5.7, 6.5, '2021-11-16 00:43:24', '2021-11-16 00:43:25'),
	('SCH2021111695a8', 1, 9, 'ORD014.10', 'khaki', 878, 921, 5.7, 6.5, '2021-11-16 01:24:00', '2021-11-16 01:24:00'),
	('SCH2021111695a9', 10, 10, 'ORD014.10', 'khaki', 895, 938, 5.7, 6.5, '2021-11-16 01:26:15', '2021-11-16 01:26:15'),
	('SCH2021111695c10', 1, 11, 'ORD020.7', '#8ca8df', 919, 966, 5.7, 6.5, '2021-11-16 02:00:34', '2021-11-16 02:00:34'),
	('SCH2021111695i2', 1, 3, 'ORD012.8', 'whitesmoke', 1045, 1091, 5.7, 6.5, '2021-11-15 16:09:12', '2021-11-15 16:09:12'),
	('SCH2021111696g8', 1, 9, 'ORD013.8', 'lightyellow', 1029, 1118, 6.7, 7.5, '2021-11-16 01:24:01', '2021-11-16 01:24:01'),
	('SCH2021111696l10', 1, 11, 'ORD015.10', 'silver', 1064, 1117, 6.7, 7.5, '2021-11-16 02:00:35', '2021-11-16 02:00:35'),
	('SCH2021111696l11', 10, 12, 'ORD015.10', 'silver', 1059, 1112, 6.7, 7.5, '2021-11-16 07:10:16', '2021-11-16 07:10:16'),
	('SCH2021111696l12', 10, 13, 'ORD015.10', 'silver', 1141, 1194, 6.7, 7.5, '2021-11-16 07:26:29', '2021-11-16 07:26:30'),
	('SCH2021111696l13', 1, 14, 'ORD015.10', 'silver', 1130, 1183, 6.7, 7.5, '2021-11-16 08:53:56', '2021-11-16 08:53:56'),
	('SCH2021111696l14', 1, 15, 'ORD015.10', 'silver', 1006, 1059, 6.7, 7.5, '2021-11-16 08:55:10', '2021-11-16 08:55:10'),
	('SCH2021111696l15', 10, 16, 'ORD015.10', 'silver', 1068, 1121, 6.7, 7.5, '2021-11-16 08:58:12', '2021-11-16 08:58:12'),
	('SCH2021111696l16', 10, 17, 'ORD015.10', 'silver', 1107, 1160, 6.7, 7.5, '2021-11-16 09:06:01', '2021-11-16 09:06:01'),
	('SCH2021111696l2', 1, 3, 'ORD015.10', 'silver', 1081, 1134, 6.7, 7.5, '2021-11-15 16:09:15', '2021-11-15 16:09:16'),
	('SCH2021111696l3', 10, 4, 'ORD015.10', 'silver', 1170, 1223, 6.7, 7.5, '2021-11-15 16:11:46', '2021-11-15 16:11:47'),
	('SCH2021111696l4', 1, 5, 'ORD015.10', 'silver', 1095, 1148, 6.7, 7.5, '2021-11-15 16:53:46', '2021-11-15 16:53:46'),
	('SCH2021111696l5', 10, 6, 'ORD015.10', 'silver', 1171, 1224, 6.7, 7.5, '2021-11-16 00:15:46', '2021-11-16 00:15:46'),
	('SCH2021111696l6', 1, 7, 'ORD015.10', 'silver', 1041, 1094, 6.7, 7.5, '2021-11-16 00:24:55', '2021-11-16 00:24:55'),
	('SCH2021111696l7', 1, 8, 'ORD015.10', 'silver', 1083, 1136, 6.7, 7.5, '2021-11-16 00:43:28', '2021-11-16 00:43:28'),
	('SCH2021111696l9', 10, 10, 'ORD015.10', 'silver', 1115, 1168, 6.7, 7.5, '2021-11-16 01:26:15', '2021-11-16 01:26:15'),
	('SCH2021111697a13', 1, 14, 'ORD018.9', 'orange', 1125, 1161, 7.7, 8.5, '2021-11-16 08:53:56', '2021-11-16 08:53:56'),
	('SCH2021111697c10', 1, 11, 'ORD020.10', '#8ca8df', 1181, 1226, 7.7, 8.5, '2021-11-16 02:00:35', '2021-11-16 02:00:35'),
	('SCH2021111697c11', 10, 12, 'ORD020.10', '#8ca8df', 1140, 1185, 7.7, 8.5, '2021-11-16 07:10:20', '2021-11-16 07:10:20'),
	('SCH2021111697c12', 10, 13, 'ORD020.10', '#8ca8df', 1085, 1130, 7.7, 8.5, '2021-11-16 07:26:33', '2021-11-16 07:26:33'),
	('SCH2021111697c14', 1, 15, 'ORD020.10', '#8ca8df', 1165, 1210, 7.7, 8.5, '2021-11-16 08:55:11', '2021-11-16 08:55:11'),
	('SCH2021111697c15', 10, 16, 'ORD020.10', '#8ca8df', 1168, 1213, 7.7, 8.5, '2021-11-16 08:58:12', '2021-11-16 08:58:12'),
	('SCH2021111697c3', 10, 4, 'ORD020.10', '#8ca8df', 1131, 1176, 7.7, 8.5, '2021-11-15 16:11:50', '2021-11-15 16:11:50'),
	('SCH2021111697c7', 1, 8, 'ORD020.10', '#8ca8df', 1105, 1150, 7.7, 8.5, '2021-11-16 00:43:31', '2021-11-16 00:43:32'),
	('SCH2021111697c8', 1, 9, 'ORD020.10', '#8ca8df', 1123, 1168, 7.7, 8.5, '2021-11-16 01:24:01', '2021-11-16 01:24:01'),
	('SCH2021111697c9', 10, 10, 'ORD020.10', '#8ca8df', 1130, 1175, 7.7, 8.5, '2021-11-16 01:26:15', '2021-11-16 01:26:15'),
	('SCH2021111697n16', 10, 17, 'ORD016.10', 'pink', 1054, 1079, 7.7, 8.5, '2021-11-16 09:06:01', '2021-11-16 09:06:01'),
	('SCH2021111697n2', 1, 3, 'ORD016.10', 'pink', 1175, 1200, 7.7, 8.5, '2021-11-15 16:09:19', '2021-11-15 16:09:19'),
	('SCH2021111697n4', 1, 5, 'ORD016.10', 'pink', 1206, 1231, 7.7, 8.5, '2021-11-15 16:53:49', '2021-11-15 16:53:50'),
	('SCH2021111697n5', 10, 6, 'ORD016.10', 'pink', 1127, 1152, 7.7, 8.5, '2021-11-16 00:15:47', '2021-11-16 00:15:47'),
	('SCH2021111697n6', 1, 7, 'ORD016.10', 'pink', 1166, 1191, 7.7, 8.5, '2021-11-16 00:24:58', '2021-11-16 00:24:59'),
	('SCH2021111698e12', 10, 13, 'ORD019.10', 'grey', 1070, 1144, 8.7, 9.5, '2021-11-16 07:26:36', '2021-11-16 07:26:37'),
	('SCH2021111698e13', 1, 14, 'ORD019.10', 'grey', 1129, 1203, 8.7, 9.5, '2021-11-16 08:53:56', '2021-11-16 08:53:56'),
	('SCH2021111698e16', 10, 17, 'ORD019.10', 'grey', 1041, 1115, 8.7, 9.5, '2021-11-16 09:06:01', '2021-11-16 09:06:01'),
	('SCH2021111698e3', 10, 4, 'ORD019.10', 'grey', 1101, 1175, 8.7, 9.5, '2021-11-15 16:11:53', '2021-11-15 16:11:54'),
	('SCH2021111698e4', 1, 5, 'ORD019.10', 'grey', 1121, 1195, 8.7, 9.5, '2021-11-15 16:53:53', '2021-11-15 16:53:53'),
	('SCH2021111698e5', 10, 6, 'ORD019.10', 'grey', 1142, 1216, 8.7, 9.5, '2021-11-16 00:15:47', '2021-11-16 00:15:47'),
	('SCH2021111698e9', 10, 10, 'ORD019.10', 'grey', 1064, 1138, 8.7, 9.5, '2021-11-16 01:26:15', '2021-11-16 01:26:15'),
	('SCH2021111698i11', 10, 12, 'ORD012.10', 'whitesmoke', 1129, 1159, 8.7, 9.5, '2021-11-16 07:10:23', '2021-11-16 07:10:24'),
	('SCH2021111698i15', 10, 16, 'ORD012.10', 'whitesmoke', 1087, 1117, 8.7, 9.5, '2021-11-16 08:58:12', '2021-11-16 08:58:12'),
	('SCH2021111698i2', 1, 3, 'ORD012.10', 'whitesmoke', 1175, 1205, 8.7, 9.5, '2021-11-15 16:09:22', '2021-11-15 16:09:23'),
	('SCH2021111698i6', 1, 7, 'ORD012.10', 'whitesmoke', 1166, 1196, 8.7, 9.5, '2021-11-16 00:25:02', '2021-11-16 00:25:02'),
	('SCH2021111698i7', 1, 8, 'ORD012.10', 'whitesmoke', 1168, 1198, 8.7, 9.5, '2021-11-16 00:43:35', '2021-11-16 00:43:35'),
	('SCH2021111698i8', 1, 9, 'ORD012.10', 'whitesmoke', 1114, 1144, 8.7, 9.5, '2021-11-16 01:24:01', '2021-11-16 01:24:01'),
	('SCH2021111698l10', 1, 11, 'ORD011.9', 'yellow', 1150, 1194, 8.7, 9.5, '2021-11-16 02:00:35', '2021-11-16 02:00:35'),
	('SCH2021111698l14', 1, 15, 'ORD011.9', 'yellow', 1085, 1129, 8.7, 9.5, '2021-11-16 08:55:11', '2021-11-16 08:55:11'),
	('SCH2021111699a3', 10, 4, 'ORD014.9', 'khaki', 1170, 1192, 9.7, 10.5, '2021-11-15 16:11:57', '2021-11-15 16:11:57'),
	('SCH2021111699g12', 10, 13, 'ORD013.9', 'lightyellow', 1141, 1186, 9.7, 10.5, '2021-11-16 07:26:40', '2021-11-16 07:26:40'),
	('SCH2021111699g16', 10, 17, 'ORD013.9', 'lightyellow', 1107, 1152, 9.7, 10.5, '2021-11-16 09:06:01', '2021-11-16 09:06:01'),
	('SCH2021111699g2', 1, 3, 'ORD013.9', 'lightyellow', 1081, 1126, 9.7, 10.5, '2021-11-15 16:09:26', '2021-11-15 16:09:26'),
	('SCH2021111699g6', 1, 7, 'ORD013.9', 'lightyellow', 1159, 1204, 9.7, 10.5, '2021-11-16 00:25:06', '2021-11-16 00:25:06'),
	('SCH2021111699g7', 1, 8, 'ORD013.9', 'lightyellow', 1115, 1160, 9.7, 10.5, '2021-11-16 00:43:38', '2021-11-16 00:43:39'),
	('SCH2021111699g8', 1, 9, 'ORD013.9', 'lightyellow', 1118, 1163, 9.7, 10.5, '2021-11-16 01:24:01', '2021-11-16 01:24:01'),
	('SCH2021111699l10', 1, 11, 'ORD011.10', 'yellow', 1194, 1215, 9.7, 10.5, '2021-11-16 02:00:35', '2021-11-16 02:00:35'),
	('SCH2021111699l11', 10, 12, 'ORD011.10', 'yellow', 1149, 1170, 9.7, 10.5, '2021-11-16 07:10:27', '2021-11-16 07:10:27'),
	('SCH2021111699l13', 1, 14, 'ORD011.10', 'yellow', 1130, 1151, 9.7, 10.5, '2021-11-16 08:53:56', '2021-11-16 08:53:56'),
	('SCH2021111699l14', 1, 15, 'ORD011.10', 'yellow', 1129, 1150, 9.7, 10.5, '2021-11-16 08:55:11', '2021-11-16 08:55:11'),
	('SCH2021111699l15', 10, 16, 'ORD011.10', 'yellow', 1090, 1111, 9.7, 10.5, '2021-11-16 08:58:12', '2021-11-16 08:58:12'),
	('SCH2021111699l4', 1, 5, 'ORD011.10', 'yellow', 1162, 1183, 9.7, 10.5, '2021-11-15 16:53:57', '2021-11-15 16:53:57'),
	('SCH2021111699l5', 10, 6, 'ORD011.10', 'yellow', 1216, 1237, 9.7, 10.5, '2021-11-16 00:15:47', '2021-11-16 00:15:47'),
	('SCH2021111699l9', 10, 10, 'ORD011.10', 'yellow', 1160, 1181, 9.7, 10.5, '2021-11-16 01:26:15', '2021-11-16 01:26:15'),
	('SCH2021111700l17', 1, 18, 'ORD011.1', 'yellow', 0, 29, 0.7, 1.5, '2021-11-17 08:42:15', '2021-11-17 08:42:15'),
	('SCH2021111700l18', 1, 19, 'ORD011.1', 'yellow', 0, 29, 0.7, 1.5, '2021-11-17 08:44:23', '2021-11-17 08:44:23'),
	('SCH2021111701a17', 1, 18, 'ORD014.1', 'khaki', 0, 81, 1.7, 2.5, '2021-11-17 08:42:18', '2021-11-17 08:42:19'),
	('SCH2021111701a18', 1, 19, 'ORD014.1', 'khaki', 0, 81, 1.7, 2.5, '2021-11-17 08:44:26', '2021-11-17 08:44:27'),
	('SCH2021111702n17', 1, 18, 'ORD016.1', 'pink', 0, 84, 2.7, 3.5, '2021-11-17 08:42:22', '2021-11-17 08:42:22'),
	('SCH2021111702n18', 1, 19, 'ORD016.1', 'pink', 0, 84, 2.7, 3.5, '2021-11-17 08:44:30', '2021-11-17 08:44:30'),
	('SCH2021111703g17', 1, 18, 'ORD013.3', 'lightyellow', 387, 426, 3.7, 4.5, '2021-11-17 08:42:25', '2021-11-17 08:42:26'),
	('SCH2021111703g18', 1, 19, 'ORD013.3', 'lightyellow', 387, 426, 3.7, 4.5, '2021-11-17 08:44:33', '2021-11-17 08:44:34'),
	('SCH2021111704i17', 1, 18, 'ORD012.3', 'whitesmoke', 219, 294, 4.7, 5.5, '2021-11-17 08:42:29', '2021-11-17 08:42:29'),
	('SCH2021111704i18', 1, 19, 'ORD012.3', 'whitesmoke', 219, 294, 4.7, 5.5, '2021-11-17 08:44:37', '2021-11-17 08:44:37'),
	('SCH2021111705l17', 1, 18, 'ORD015.4', 'silver', 126, 187, 5.7, 6.5, '2021-11-17 08:42:32', '2021-11-17 08:42:33'),
	('SCH2021111705l18', 1, 19, 'ORD015.4', 'silver', 126, 187, 5.7, 6.5, '2021-11-17 08:44:40', '2021-11-17 08:44:41'),
	('SCH2021111706a17', 1, 18, 'ORD014.5', 'khaki', 557, 566, 6.7, 7.5, '2021-11-17 08:42:36', '2021-11-17 08:42:36'),
	('SCH2021111706a18', 1, 19, 'ORD014.5', 'khaki', 557, 566, 6.7, 7.5, '2021-11-17 08:44:44', '2021-11-17 08:44:44'),
	('SCH2021111707g17', 1, 18, 'ORD013.7', 'lightyellow', 600, 612, 7.7, 8.5, '2021-11-17 08:42:39', '2021-11-17 08:42:40'),
	('SCH2021111707g18', 1, 19, 'ORD013.7', 'lightyellow', 600, 612, 7.7, 8.5, '2021-11-17 08:44:47', '2021-11-17 08:44:48'),
	('SCH2021111708g17', 1, 18, 'ORD013.5', 'lightyellow', 500, 590, 8.7, 9.5, '2021-11-17 08:42:43', '2021-11-17 08:42:43'),
	('SCH2021111708g18', 1, 19, 'ORD013.5', 'lightyellow', 500, 590, 8.7, 9.5, '2021-11-17 08:44:51', '2021-11-17 08:44:51'),
	('SCH2021111709i17', 1, 18, 'ORD012.4', 'whitesmoke', 294, 305, 9.7, 10.5, '2021-11-17 08:42:46', '2021-11-17 08:42:47'),
	('SCH2021111709i18', 1, 19, 'ORD012.4', 'whitesmoke', 294, 305, 9.7, 10.5, '2021-11-17 08:44:54', '2021-11-17 08:44:55'),
	('SCH2021111710i17', 1, 18, 'ORD012.1', 'whitesmoke', 29, 72, 0.7, 1.5, '2021-11-17 08:42:15', '2021-11-17 08:42:15'),
	('SCH2021111710i18', 1, 19, 'ORD012.1', 'whitesmoke', 29, 72, 0.7, 1.5, '2021-11-17 08:44:23', '2021-11-17 08:44:23'),
	('SCH2021111711l17', 1, 18, 'ORD015.3', 'silver', 104, 126, 1.7, 2.5, '2021-11-17 08:42:19', '2021-11-17 08:42:19'),
	('SCH2021111711l18', 1, 19, 'ORD015.3', 'silver', 104, 126, 1.7, 2.5, '2021-11-17 08:44:27', '2021-11-17 08:44:27'),
	('SCH2021111712l17', 1, 18, 'ORD015.1', 'silver', 84, 98, 2.7, 3.5, '2021-11-17 08:42:22', '2021-11-17 08:42:22'),
	('SCH2021111712l18', 1, 19, 'ORD015.1', 'silver', 84, 98, 2.7, 3.5, '2021-11-17 08:44:30', '2021-11-17 08:44:30'),
	('SCH2021111713n17', 1, 18, 'ORD016.4', 'pink', 426, 521, 3.7, 4.5, '2021-11-17 08:42:26', '2021-11-17 08:42:26'),
	('SCH2021111713n18', 1, 19, 'ORD016.4', 'pink', 426, 521, 3.7, 4.5, '2021-11-17 08:44:34', '2021-11-17 08:44:34'),
	('SCH2021111714a17', 1, 18, 'ORD014.4', 'khaki', 458, 557, 4.7, 5.5, '2021-11-17 08:42:29', '2021-11-17 08:42:30'),
	('SCH2021111714a18', 1, 19, 'ORD014.4', 'khaki', 458, 557, 4.7, 5.5, '2021-11-17 08:44:37', '2021-11-17 08:44:37'),
	('SCH2021111715n17', 1, 18, 'ORD016.3', 'pink', 350, 402, 5.7, 6.5, '2021-11-17 08:42:33', '2021-11-17 08:42:33'),
	('SCH2021111715n18', 1, 19, 'ORD016.3', 'pink', 350, 402, 5.7, 6.5, '2021-11-17 08:44:41', '2021-11-17 08:44:41'),
	('SCH2021111716c17', 1, 18, 'ORD020.4', '#8ca8df', 570, 577, 6.7, 7.5, '2021-11-17 08:42:36', '2021-11-17 08:42:37'),
	('SCH2021111716c18', 1, 19, 'ORD020.4', '#8ca8df', 570, 577, 6.7, 7.5, '2021-11-17 08:44:44', '2021-11-17 08:44:44'),
	('SCH2021111717a17', 1, 18, 'ORD014.7', 'khaki', 642, 727, 7.7, 8.5, '2021-11-17 08:42:40', '2021-11-17 08:42:40'),
	('SCH2021111717a18', 1, 19, 'ORD014.7', 'khaki', 642, 727, 7.7, 8.5, '2021-11-17 08:44:48', '2021-11-17 08:44:48'),
	('SCH2021111718a17', 1, 18, 'ORD014.6', 'khaki', 590, 642, 8.7, 9.5, '2021-11-17 08:42:43', '2021-11-17 08:42:43'),
	('SCH2021111718a18', 1, 19, 'ORD014.6', 'khaki', 590, 642, 8.7, 9.5, '2021-11-17 08:44:51', '2021-11-17 08:44:51'),
	('SCH2021111719n17', 1, 18, 'ORD016.6', 'pink', 690, 762, 9.7, 10.5, '2021-11-17 08:42:47', '2021-11-17 08:42:47'),
	('SCH2021111719n18', 1, 19, 'ORD016.6', 'pink', 690, 762, 9.7, 10.5, '2021-11-17 08:44:55', '2021-11-17 08:44:55'),
	('SCH2021111720l17', 1, 18, 'ORD015.2', 'silver', 98, 104, 0.7, 1.5, '2021-11-17 08:42:16', '2021-11-17 08:42:16'),
	('SCH2021111720l18', 1, 19, 'ORD015.2', 'silver', 98, 104, 0.7, 1.5, '2021-11-17 08:44:23', '2021-11-17 08:44:24'),
	('SCH2021111721c17', 1, 18, 'ORD020.1', '#8ca8df', 126, 211, 1.7, 2.5, '2021-11-17 08:42:19', '2021-11-17 08:42:19'),
	('SCH2021111721c18', 1, 19, 'ORD020.1', '#8ca8df', 126, 211, 1.7, 2.5, '2021-11-17 08:44:27', '2021-11-17 08:44:27'),
	('SCH2021111722a17', 1, 18, 'ORD018.1', 'orange', 98, 129, 2.7, 3.5, '2021-11-17 08:42:23', '2021-11-17 08:42:23'),
	('SCH2021111722a18', 1, 19, 'ORD018.1', 'orange', 98, 129, 2.7, 3.5, '2021-11-17 08:44:30', '2021-11-17 08:44:31'),
	('SCH2021111723l17', 1, 18, 'ORD015.5', 'silver', 521, 547, 3.7, 4.5, '2021-11-17 08:42:26', '2021-11-17 08:42:26'),
	('SCH2021111723l18', 1, 19, 'ORD015.5', 'silver', 521, 547, 3.7, 4.5, '2021-11-17 08:44:34', '2021-11-17 08:44:34'),
	('SCH2021111724a17', 1, 18, 'ORD018.5', 'orange', 557, 589, 4.7, 5.5, '2021-11-17 08:42:30', '2021-11-17 08:42:30'),
	('SCH2021111724a18', 1, 19, 'ORD018.5', 'orange', 557, 589, 4.7, 5.5, '2021-11-17 08:44:38', '2021-11-17 08:44:38'),
	('SCH2021111725a17', 1, 18, 'ORD018.4', 'orange', 402, 476, 5.7, 6.5, '2021-11-17 08:42:33', '2021-11-17 08:42:33'),
	('SCH2021111725a18', 1, 19, 'ORD018.4', 'orange', 402, 476, 5.7, 6.5, '2021-11-17 08:44:41', '2021-11-17 08:44:41'),
	('SCH2021111726a17', 1, 18, 'ORD018.6', 'orange', 589, 677, 6.7, 7.5, '2021-11-17 08:42:37', '2021-11-17 08:42:37'),
	('SCH2021111726a18', 1, 19, 'ORD018.6', 'orange', 589, 677, 6.7, 7.5, '2021-11-17 08:44:45', '2021-11-17 08:44:45'),
	('SCH2021111727l17', 1, 18, 'ORD011.8', 'yellow', 771, 827, 7.7, 8.5, '2021-11-17 08:42:40', '2021-11-17 08:42:40'),
	('SCH2021111727l18', 1, 19, 'ORD011.8', 'yellow', 771, 827, 7.7, 8.5, '2021-11-17 08:44:48', '2021-11-17 08:44:48'),
	('SCH2021111728n17', 1, 18, 'ORD016.5', 'pink', 642, 690, 8.7, 9.5, '2021-11-17 08:42:44', '2021-11-17 08:42:44'),
	('SCH2021111728n18', 1, 19, 'ORD016.5', 'pink', 642, 690, 8.7, 9.5, '2021-11-17 08:44:52', '2021-11-17 08:44:52'),
	('SCH2021111729c17', 1, 18, 'ORD020.6', '#8ca8df', 762, 838, 9.7, 10.5, '2021-11-17 08:42:47', '2021-11-17 08:42:47'),
	('SCH2021111729c18', 1, 19, 'ORD020.6', '#8ca8df', 762, 838, 9.7, 10.5, '2021-11-17 08:44:55', '2021-11-17 08:44:55'),
	('SCH2021111730a17', 1, 18, 'ORD018.2', 'orange', 129, 215, 0.7, 1.5, '2021-11-17 08:42:16', '2021-11-17 08:42:16'),
	('SCH2021111730a18', 1, 19, 'ORD018.2', 'orange', 129, 215, 0.7, 1.5, '2021-11-17 08:44:24', '2021-11-17 08:44:24'),
	('SCH2021111731g17', 1, 18, 'ORD013.1', 'lightyellow', 211, 302, 1.7, 2.5, '2021-11-17 08:42:19', '2021-11-17 08:42:20'),
	('SCH2021111731g18', 1, 19, 'ORD013.1', 'lightyellow', 211, 302, 1.7, 2.5, '2021-11-17 08:44:27', '2021-11-17 08:44:28'),
	('SCH2021111732i17', 1, 18, 'ORD012.2', 'whitesmoke', 129, 219, 2.7, 3.5, '2021-11-17 08:42:23', '2021-11-17 08:42:23'),
	('SCH2021111732i18', 1, 19, 'ORD012.2', 'whitesmoke', 129, 219, 2.7, 3.5, '2021-11-17 08:44:31', '2021-11-17 08:44:31'),
	('SCH2021111733l17', 1, 18, 'ORD011.4', 'yellow', 547, 583, 3.7, 4.5, '2021-11-17 08:42:26', '2021-11-17 08:42:27'),
	('SCH2021111733l18', 1, 19, 'ORD011.4', 'yellow', 547, 583, 3.7, 4.5, '2021-11-17 08:44:34', '2021-11-17 08:44:35'),
	('SCH2021111734l17', 1, 18, 'ORD011.5', 'yellow', 589, 687, 4.7, 5.5, '2021-11-17 08:42:30', '2021-11-17 08:42:30'),
	('SCH2021111734l18', 1, 19, 'ORD011.5', 'yellow', 589, 687, 4.7, 5.5, '2021-11-17 08:44:38', '2021-11-17 08:44:38'),
	('SCH2021111735g17', 1, 18, 'ORD013.6', 'lightyellow', 590, 600, 5.7, 6.5, '2021-11-17 08:42:33', '2021-11-17 08:42:34'),
	('SCH2021111735g18', 1, 19, 'ORD013.6', 'lightyellow', 590, 600, 5.7, 6.5, '2021-11-17 08:44:41', '2021-11-17 08:44:42'),
	('SCH2021111736g17', 1, 18, 'ORD017.5', 'lightgreen', 677, 709, 6.7, 7.5, '2021-11-17 08:42:37', '2021-11-17 08:42:37'),
	('SCH2021111736g18', 1, 19, 'ORD017.5', 'lightgreen', 677, 709, 6.7, 7.5, '2021-11-17 08:44:45', '2021-11-17 08:44:45'),
	('SCH2021111737l17', 1, 18, 'ORD015.8', 'silver', 827, 876, 7.7, 8.5, '2021-11-17 08:42:40', '2021-11-17 08:42:41'),
	('SCH2021111737l18', 1, 19, 'ORD015.8', 'silver', 827, 876, 7.7, 8.5, '2021-11-17 08:44:48', '2021-11-17 08:44:49'),
	('SCH2021111738c17', 1, 18, 'ORD020.5', '#8ca8df', 690, 754, 8.7, 9.5, '2021-11-17 08:42:44', '2021-11-17 08:42:44'),
	('SCH2021111738c18', 1, 19, 'ORD020.5', '#8ca8df', 690, 754, 8.7, 9.5, '2021-11-17 08:44:52', '2021-11-17 08:44:52'),
	('SCH2021111739e17', 1, 18, 'ORD019.6', 'grey', 857, 868, 9.7, 10.5, '2021-11-17 08:42:47', '2021-11-17 08:42:48'),
	('SCH2021111739e18', 1, 19, 'ORD019.6', 'grey', 857, 868, 9.7, 10.5, '2021-11-17 08:44:55', '2021-11-17 08:44:56'),
	('SCH2021111740g17', 1, 18, 'ORD013.2', 'lightyellow', 302, 387, 0.7, 1.5, '2021-11-17 08:42:16', '2021-11-17 08:42:17'),
	('SCH2021111740g18', 1, 19, 'ORD013.2', 'lightyellow', 302, 387, 0.7, 1.5, '2021-11-17 08:44:24', '2021-11-17 08:44:24'),
	('SCH2021111741a17', 1, 18, 'ORD018.3', 'orange', 302, 348, 1.7, 2.5, '2021-11-17 08:42:20', '2021-11-17 08:42:20'),
	('SCH2021111741a18', 1, 19, 'ORD018.3', 'orange', 302, 348, 1.7, 2.5, '2021-11-17 08:44:28', '2021-11-17 08:44:28'),
	('SCH2021111742a17', 1, 18, 'ORD014.2', 'khaki', 219, 314, 2.7, 3.5, '2021-11-17 08:42:23', '2021-11-17 08:42:24'),
	('SCH2021111742a18', 1, 19, 'ORD014.2', 'khaki', 219, 314, 2.7, 3.5, '2021-11-17 08:44:31', '2021-11-17 08:44:31'),
	('SCH2021111743g17', 1, 18, 'ORD017.3', 'lightgreen', 584, 645, 3.7, 4.5, '2021-11-17 08:42:27', '2021-11-17 08:42:27'),
	('SCH2021111743g18', 1, 19, 'ORD017.3', 'lightgreen', 584, 645, 3.7, 4.5, '2021-11-17 08:44:35', '2021-11-17 08:44:35'),
	('SCH2021111744l17', 1, 18, 'ORD015.6', 'silver', 687, 756, 4.7, 5.5, '2021-11-17 08:42:30', '2021-11-17 08:42:31'),
	('SCH2021111744l18', 1, 19, 'ORD015.6', 'silver', 687, 756, 4.7, 5.5, '2021-11-17 08:44:38', '2021-11-17 08:44:38'),
	('SCH2021111745l17', 1, 18, 'ORD011.6', 'yellow', 687, 698, 5.7, 6.5, '2021-11-17 08:42:34', '2021-11-17 08:42:34'),
	('SCH2021111745l18', 1, 19, 'ORD011.6', 'yellow', 687, 698, 5.7, 6.5, '2021-11-17 08:44:42', '2021-11-17 08:44:42'),
	('SCH2021111746l17', 1, 18, 'ORD011.7', 'yellow', 709, 771, 6.7, 7.5, '2021-11-17 08:42:37', '2021-11-17 08:42:38'),
	('SCH2021111746l18', 1, 19, 'ORD011.7', 'yellow', 709, 771, 6.7, 7.5, '2021-11-17 08:44:45', '2021-11-17 08:44:46'),
	('SCH2021111747e17', 1, 18, 'ORD019.8', 'grey', 908, 997, 7.7, 8.5, '2021-11-17 08:42:41', '2021-11-17 08:42:41'),
	('SCH2021111747e18', 1, 19, 'ORD019.8', 'grey', 908, 997, 7.7, 8.5, '2021-11-17 08:44:49', '2021-11-17 08:44:49'),
	('SCH2021111748l17', 1, 18, 'ORD015.7', 'silver', 756, 777, 8.7, 9.5, '2021-11-17 08:42:44', '2021-11-17 08:42:45'),
	('SCH2021111748l18', 1, 19, 'ORD015.7', 'silver', 756, 777, 8.7, 9.5, '2021-11-17 08:44:52', '2021-11-17 08:44:53'),
	('SCH2021111749g17', 1, 18, 'ORD017.7', 'lightgreen', 868, 900, 9.7, 10.5, '2021-11-17 08:42:48', '2021-11-17 08:42:48'),
	('SCH2021111749g18', 1, 19, 'ORD017.7', 'lightgreen', 868, 900, 9.7, 10.5, '2021-11-17 08:44:56', '2021-11-17 08:44:56'),
	('SCH2021111750a17', 1, 18, 'ORD014.3', 'khaki', 387, 458, 0.7, 1.5, '2021-11-17 08:42:17', '2021-11-17 08:42:17'),
	('SCH2021111750a18', 1, 19, 'ORD014.3', 'khaki', 387, 458, 0.7, 1.5, '2021-11-17 08:44:24', '2021-11-17 08:44:25'),
	('SCH2021111751n17', 1, 18, 'ORD016.2', 'pink', 348, 350, 1.7, 2.5, '2021-11-17 08:42:20', '2021-11-17 08:42:20'),
	('SCH2021111751n18', 1, 19, 'ORD016.2', 'pink', 348, 350, 1.7, 2.5, '2021-11-17 08:44:28', '2021-11-17 08:44:28'),
	('SCH2021111752g17', 1, 18, 'ORD013.4', 'lightyellow', 426, 500, 2.7, 3.5, '2021-11-17 08:42:24', '2021-11-17 08:42:24'),
	('SCH2021111752g18', 1, 19, 'ORD013.4', 'lightyellow', 426, 500, 2.7, 3.5, '2021-11-17 08:44:32', '2021-11-17 08:44:32'),
	('SCH2021111753e17', 1, 18, 'ORD019.3', 'grey', 645, 721, 3.7, 4.5, '2021-11-17 08:42:27', '2021-11-17 08:42:27'),
	('SCH2021111753e18', 1, 19, 'ORD019.3', 'grey', 645, 721, 3.7, 4.5, '2021-11-17 08:44:35', '2021-11-17 08:44:35'),
	('SCH2021111754n17', 1, 18, 'ORD016.9', 'pink', 973, 979, 4.7, 5.5, '2021-11-17 08:42:31', '2021-11-17 08:42:31'),
	('SCH2021111754n18', 1, 19, 'ORD016.9', 'pink', 973, 979, 4.7, 5.5, '2021-11-17 08:44:39', '2021-11-17 08:44:39'),
	('SCH2021111755e17', 1, 18, 'ORD019.4', 'grey', 721, 772, 5.7, 6.5, '2021-11-17 08:42:34', '2021-11-17 08:42:34'),
	('SCH2021111755e18', 1, 19, 'ORD019.4', 'grey', 721, 772, 5.7, 6.5, '2021-11-17 08:44:42', '2021-11-17 08:44:42'),
	('SCH2021111756e17', 1, 18, 'ORD019.7', 'grey', 868, 908, 6.7, 7.5, '2021-11-17 08:42:38', '2021-11-17 08:42:38'),
	('SCH2021111756e18', 1, 19, 'ORD019.7', 'grey', 868, 908, 6.7, 7.5, '2021-11-17 08:44:46', '2021-11-17 08:44:46'),
	('SCH2021111757g17', 1, 18, 'ORD017.9', 'lightgreen', 997, 1027, 7.7, 8.5, '2021-11-17 08:42:41', '2021-11-17 08:42:41'),
	('SCH2021111757g18', 1, 19, 'ORD017.9', 'lightgreen', 997, 1027, 7.7, 8.5, '2021-11-17 08:44:49', '2021-11-17 08:44:49'),
	('SCH2021111758a17', 1, 18, 'ORD018.7', 'orange', 777, 796, 8.7, 9.5, '2021-11-17 08:42:45', '2021-11-17 08:42:45'),
	('SCH2021111758a18', 1, 19, 'ORD018.7', 'orange', 777, 796, 8.7, 9.5, '2021-11-17 08:44:53', '2021-11-17 08:44:53'),
	('SCH2021111759a17', 1, 18, 'ORD018.8', 'orange', 900, 948, 9.7, 10.5, '2021-11-17 08:42:48', '2021-11-17 08:42:48'),
	('SCH2021111759a18', 1, 19, 'ORD018.8', 'orange', 900, 948, 9.7, 10.5, '2021-11-17 08:44:56', '2021-11-17 08:44:56'),
	('SCH2021111760c17', 1, 18, 'ORD020.2', '#8ca8df', 458, 471, 0.7, 1.5, '2021-11-17 08:42:17', '2021-11-17 08:42:17'),
	('SCH2021111760c18', 1, 19, 'ORD020.2', '#8ca8df', 458, 471, 0.7, 1.5, '2021-11-17 08:44:25', '2021-11-17 08:44:25'),
	('SCH2021111761l17', 1, 18, 'ORD011.2', 'yellow', 350, 428, 1.7, 2.5, '2021-11-17 08:42:20', '2021-11-17 08:42:21'),
	('SCH2021111761l18', 1, 19, 'ORD011.2', 'yellow', 350, 428, 1.7, 2.5, '2021-11-17 08:44:28', '2021-11-17 08:44:29'),
	('SCH2021111762l17', 1, 18, 'ORD011.3', 'yellow', 500, 509, 2.7, 3.5, '2021-11-17 08:42:24', '2021-11-17 08:42:24'),
	('SCH2021111762l18', 1, 19, 'ORD011.3', 'yellow', 500, 509, 2.7, 3.5, '2021-11-17 08:44:32', '2021-11-17 08:44:32'),
	('SCH2021111763i17', 1, 18, 'ORD012.5', 'whitesmoke', 721, 790, 3.7, 4.5, '2021-11-17 08:42:27', '2021-11-17 08:42:28'),
	('SCH2021111763i18', 1, 19, 'ORD012.5', 'whitesmoke', 721, 790, 3.7, 4.5, '2021-11-17 08:44:35', '2021-11-17 08:44:36'),
	('SCH2021111764g17', 1, 18, 'ORD017.10', 'lightgreen', 1027, 1082, 4.7, 5.5, '2021-11-17 08:42:31', '2021-11-17 08:42:31'),
	('SCH2021111764g18', 1, 19, 'ORD017.10', 'lightgreen', 1027, 1082, 4.7, 5.5, '2021-11-17 08:44:39', '2021-11-17 08:44:39'),
	('SCH2021111765g17', 1, 18, 'ORD017.6', 'lightgreen', 772, 793, 5.7, 6.5, '2021-11-17 08:42:34', '2021-11-17 08:42:35'),
	('SCH2021111765g18', 1, 19, 'ORD017.6', 'lightgreen', 772, 793, 5.7, 6.5, '2021-11-17 08:44:42', '2021-11-17 08:44:43'),
	('SCH2021111766n17', 1, 18, 'ORD016.8', 'pink', 908, 973, 6.7, 7.5, '2021-11-17 08:42:38', '2021-11-17 08:42:38'),
	('SCH2021111766n18', 1, 19, 'ORD016.8', 'pink', 908, 973, 6.7, 7.5, '2021-11-17 08:44:46', '2021-11-17 08:44:46'),
	('SCH2021111767a17', 1, 18, 'ORD018.9', 'orange', 1027, 1063, 7.7, 8.5, '2021-11-17 08:42:41', '2021-11-17 08:42:42'),
	('SCH2021111767a18', 1, 19, 'ORD018.9', 'orange', 1027, 1063, 7.7, 8.5, '2021-11-17 08:44:49', '2021-11-17 08:44:50'),
	('SCH2021111768g17', 1, 18, 'ORD017.8', 'lightgreen', 900, 989, 8.7, 9.5, '2021-11-17 08:42:45', '2021-11-17 08:42:45'),
	('SCH2021111768g18', 1, 19, 'ORD017.8', 'lightgreen', 900, 989, 8.7, 9.5, '2021-11-17 08:44:53', '2021-11-17 08:44:53'),
	('SCH2021111769a17', 1, 18, 'ORD014.9', 'khaki', 948, 970, 9.7, 10.5, '2021-11-17 08:42:48', '2021-11-17 08:42:49'),
	('SCH2021111769a18', 1, 19, 'ORD014.9', 'khaki', 948, 970, 9.7, 10.5, '2021-11-17 08:44:56', '2021-11-17 08:44:57'),
	('SCH2021111770e17', 1, 18, 'ORD019.1', 'grey', 471, 547, 0.7, 1.5, '2021-11-17 08:42:17', '2021-11-17 08:42:18'),
	('SCH2021111770e18', 1, 19, 'ORD019.1', 'grey', 471, 547, 0.7, 1.5, '2021-11-17 08:44:25', '2021-11-17 08:44:26'),
	('SCH2021111771g17', 1, 18, 'ORD017.1', 'lightgreen', 428, 474, 1.7, 2.5, '2021-11-17 08:42:21', '2021-11-17 08:42:21'),
	('SCH2021111771g18', 1, 19, 'ORD017.1', 'lightgreen', 428, 474, 1.7, 2.5, '2021-11-17 08:44:29', '2021-11-17 08:44:29'),
	('SCH2021111772c17', 1, 18, 'ORD020.3', '#8ca8df', 509, 570, 2.7, 3.5, '2021-11-17 08:42:24', '2021-11-17 08:42:25'),
	('SCH2021111772c18', 1, 19, 'ORD020.3', '#8ca8df', 509, 570, 2.7, 3.5, '2021-11-17 08:44:32', '2021-11-17 08:44:33'),
	('SCH2021111773a17', 1, 18, 'ORD014.8', 'khaki', 790, 888, 3.7, 4.5, '2021-11-17 08:42:28', '2021-11-17 08:42:28'),
	('SCH2021111773a18', 1, 19, 'ORD014.8', 'khaki', 790, 888, 3.7, 4.5, '2021-11-17 08:44:36', '2021-11-17 08:44:36'),
	('SCH2021111774e17', 1, 18, 'ORD019.9', 'grey', 1082, 1108, 4.7, 5.5, '2021-11-17 08:42:31', '2021-11-17 08:42:32'),
	('SCH2021111774e18', 1, 19, 'ORD019.9', 'grey', 1082, 1108, 4.7, 5.5, '2021-11-17 08:44:39', '2021-11-17 08:44:40'),
	('SCH2021111775c17', 1, 18, 'ORD020.7', '#8ca8df', 838, 885, 5.7, 6.5, '2021-11-17 08:42:35', '2021-11-17 08:42:35'),
	('SCH2021111775c18', 1, 19, 'ORD020.7', '#8ca8df', 838, 885, 5.7, 6.5, '2021-11-17 08:44:43', '2021-11-17 08:44:43'),
	('SCH2021111776g17', 1, 18, 'ORD013.8', 'lightyellow', 973, 1062, 6.7, 7.5, '2021-11-17 08:42:38', '2021-11-17 08:42:39'),
	('SCH2021111776g18', 1, 19, 'ORD013.8', 'lightyellow', 973, 1062, 6.7, 7.5, '2021-11-17 08:44:46', '2021-11-17 08:44:47'),
	('SCH2021111777n17', 1, 18, 'ORD016.10', 'pink', 1063, 1088, 7.7, 8.5, '2021-11-17 08:42:42', '2021-11-17 08:42:42'),
	('SCH2021111777n18', 1, 19, 'ORD016.10', 'pink', 1063, 1088, 7.7, 8.5, '2021-11-17 08:44:50', '2021-11-17 08:44:50'),
	('SCH2021111778e17', 1, 18, 'ORD019.10', 'grey', 1108, 1182, 8.7, 9.5, '2021-11-17 08:42:45', '2021-11-17 08:42:46'),
	('SCH2021111778e18', 1, 19, 'ORD019.10', 'grey', 1108, 1182, 8.7, 9.5, '2021-11-17 08:44:53', '2021-11-17 08:44:54'),
	('SCH2021111779l17', 1, 18, 'ORD015.9', 'silver', 970, 1042, 9.7, 10.5, '2021-11-17 08:42:49', '2021-11-17 08:42:49'),
	('SCH2021111779l18', 1, 19, 'ORD015.9', 'silver', 970, 1042, 9.7, 10.5, '2021-11-17 08:44:57', '2021-11-17 08:44:57'),
	('SCH2021111780g17', 1, 18, 'ORD017.2', 'lightgreen', 547, 584, 0.7, 1.5, '2021-11-17 08:42:18', '2021-11-17 08:42:18'),
	('SCH2021111780g18', 1, 19, 'ORD017.2', 'lightgreen', 547, 584, 0.7, 1.5, '2021-11-17 08:44:26', '2021-11-17 08:44:26'),
	('SCH2021111781e17', 1, 18, 'ORD019.2', 'grey', 547, 616, 1.7, 2.5, '2021-11-17 08:42:21', '2021-11-17 08:42:21'),
	('SCH2021111781e18', 1, 19, 'ORD019.2', 'grey', 547, 616, 1.7, 2.5, '2021-11-17 08:44:29', '2021-11-17 08:44:29'),
	('SCH2021111782g17', 1, 18, 'ORD017.4', 'lightgreen', 645, 658, 2.7, 3.5, '2021-11-17 08:42:25', '2021-11-17 08:42:25'),
	('SCH2021111782g18', 1, 19, 'ORD017.4', 'lightgreen', 645, 658, 2.7, 3.5, '2021-11-17 08:44:33', '2021-11-17 08:44:33'),
	('SCH2021111783c17', 1, 18, 'ORD020.8', '#8ca8df', 888, 940, 3.7, 4.5, '2021-11-17 08:42:28', '2021-11-17 08:42:28'),
	('SCH2021111783c18', 1, 19, 'ORD020.8', '#8ca8df', 888, 940, 3.7, 4.5, '2021-11-17 08:44:36', '2021-11-17 08:44:36'),
	('SCH2021111784c17', 1, 18, 'ORD020.9', '#8ca8df', 1108, 1198, 4.7, 5.5, '2021-11-17 08:42:32', '2021-11-17 08:42:32'),
	('SCH2021111784c18', 1, 19, 'ORD020.9', '#8ca8df', 1108, 1198, 4.7, 5.5, '2021-11-17 08:44:40', '2021-11-17 08:44:40'),
	('SCH2021111785i17', 1, 18, 'ORD012.8', 'whitesmoke', 1108, 1154, 5.7, 6.5, '2021-11-17 08:42:35', '2021-11-17 08:42:35'),
	('SCH2021111785i18', 1, 19, 'ORD012.8', 'whitesmoke', 1108, 1154, 5.7, 6.5, '2021-11-17 08:44:43', '2021-11-17 08:44:43'),
	('SCH2021111786i17', 1, 18, 'ORD012.7', 'whitesmoke', 1062, 1108, 6.7, 7.5, '2021-11-17 08:42:39', '2021-11-17 08:42:39'),
	('SCH2021111786i18', 1, 19, 'ORD012.7', 'whitesmoke', 1062, 1108, 6.7, 7.5, '2021-11-17 08:44:47', '2021-11-17 08:44:47'),
	('SCH2021111787i17', 1, 18, 'ORD012.9', 'whitesmoke', 1154, 1226, 7.7, 8.5, '2021-11-17 08:42:42', '2021-11-17 08:42:42'),
	('SCH2021111787i18', 1, 19, 'ORD012.9', 'whitesmoke', 1154, 1226, 7.7, 8.5, '2021-11-17 08:44:50', '2021-11-17 08:44:50'),
	('SCH2021111788l17', 1, 18, 'ORD011.9', 'yellow', 1182, 1226, 8.7, 9.5, '2021-11-17 08:42:46', '2021-11-17 08:42:46'),
	('SCH2021111788l18', 1, 19, 'ORD011.9', 'yellow', 1182, 1226, 8.7, 9.5, '2021-11-17 08:44:54', '2021-11-17 08:44:54'),
	('SCH2021111789g17', 1, 18, 'ORD013.9', 'lightyellow', 1062, 1107, 9.7, 10.5, '2021-11-17 08:42:49', '2021-11-17 08:42:49'),
	('SCH2021111789g18', 1, 19, 'ORD013.9', 'lightyellow', 1062, 1107, 9.7, 10.5, '2021-11-17 08:44:57', '2021-11-17 08:44:57'),
	('SCH2021111790n17', 1, 18, 'ORD016.7', 'pink', 762, 809, 0.7, 1.5, '2021-11-17 08:42:18', '2021-11-17 08:42:18'),
	('SCH2021111790n18', 1, 19, 'ORD016.7', 'pink', 762, 809, 0.7, 1.5, '2021-11-17 08:44:26', '2021-11-17 08:44:26'),
	('SCH2021111791i17', 1, 18, 'ORD012.6', 'whitesmoke', 790, 818, 1.7, 2.5, '2021-11-17 08:42:21', '2021-11-17 08:42:22'),
	('SCH2021111791i18', 1, 19, 'ORD012.6', 'whitesmoke', 790, 818, 1.7, 2.5, '2021-11-17 08:44:29', '2021-11-17 08:44:30'),
	('SCH2021111792e17', 1, 18, 'ORD019.5', 'grey', 772, 857, 2.7, 3.5, '2021-11-17 08:42:25', '2021-11-17 08:42:25'),
	('SCH2021111792e18', 1, 19, 'ORD019.5', 'grey', 772, 857, 2.7, 3.5, '2021-11-17 08:44:33', '2021-11-17 08:44:33'),
	('SCH2021111793a17', 1, 18, 'ORD018.10', 'orange', 1063, 1142, 3.7, 4.5, '2021-11-17 08:42:28', '2021-11-17 08:42:29'),
	('SCH2021111793a18', 1, 19, 'ORD018.10', 'orange', 1063, 1142, 3.7, 4.5, '2021-11-17 08:44:36', '2021-11-17 08:44:37'),
	('SCH2021111794g17', 1, 18, 'ORD013.10', 'lightyellow', 1198, 1231, 4.7, 5.5, '2021-11-17 08:42:32', '2021-11-17 08:42:32'),
	('SCH2021111794g18', 1, 19, 'ORD013.10', 'lightyellow', 1198, 1231, 4.7, 5.5, '2021-11-17 08:44:40', '2021-11-17 08:44:40'),
	('SCH2021111795a17', 1, 18, 'ORD014.10', 'khaki', 1154, 1197, 5.7, 6.5, '2021-11-17 08:42:36', '2021-11-17 08:42:36'),
	('SCH2021111795a18', 1, 19, 'ORD014.10', 'khaki', 1154, 1197, 5.7, 6.5, '2021-11-17 08:44:43', '2021-11-17 08:44:44'),
	('SCH2021111796l17', 1, 18, 'ORD015.10', 'silver', 1108, 1161, 6.7, 7.5, '2021-11-17 08:42:39', '2021-11-17 08:42:39'),
	('SCH2021111796l18', 1, 19, 'ORD015.10', 'silver', 1108, 1161, 6.7, 7.5, '2021-11-17 08:44:47', '2021-11-17 08:44:47'),
	('SCH2021111797c17', 1, 18, 'ORD020.10', '#8ca8df', 1226, 1271, 7.7, 8.5, '2021-11-17 08:42:43', '2021-11-17 08:42:43'),
	('SCH2021111797c18', 1, 19, 'ORD020.10', '#8ca8df', 1226, 1271, 7.7, 8.5, '2021-11-17 08:44:50', '2021-11-17 08:44:51'),
	('SCH2021111798i17', 1, 18, 'ORD012.10', 'whitesmoke', 1226, 1256, 8.7, 9.5, '2021-11-17 08:42:46', '2021-11-17 08:42:46'),
	('SCH2021111798i18', 1, 19, 'ORD012.10', 'whitesmoke', 1226, 1256, 8.7, 9.5, '2021-11-17 08:44:54', '2021-11-17 08:44:54'),
	('SCH2021111799l17', 1, 18, 'ORD011.10', 'yellow', 1226, 1247, 9.7, 10.5, '2021-11-17 08:42:50', '2021-11-17 08:42:50'),
	('SCH2021111799l18', 1, 19, 'ORD011.10', 'yellow', 1226, 1247, 9.7, 10.5, '2021-11-17 08:44:57', '2021-11-17 08:44:58');
/*!40000 ALTER TABLE `company_schedule` ENABLE KEYS */;

-- 테이블 jobshop.django_admin_log 구조 내보내기
DROP TABLE IF EXISTS `django_admin_log`;
CREATE TABLE IF NOT EXISTS `django_admin_log` (
  `id` int NOT NULL AUTO_INCREMENT,
  `action_time` datetime(6) NOT NULL,
  `object_id` longtext CHARACTER SET utf8mb4 COLLATE utf8mb4_unicode_ci,
  `object_repr` varchar(200) CHARACTER SET utf8mb4 COLLATE utf8mb4_unicode_ci NOT NULL,
  `action_flag` smallint unsigned NOT NULL,
  `change_message` longtext CHARACTER SET utf8mb4 COLLATE utf8mb4_unicode_ci NOT NULL,
  `content_type_id` int DEFAULT NULL,
  `user_id` int NOT NULL,
  PRIMARY KEY (`id`),
  KEY `django_admin_log_content_type_id_c4bce8eb_fk_django_co` (`content_type_id`),
  KEY `django_admin_log_user_id_c564eba6_fk_auth_user_id` (`user_id`),
  CONSTRAINT `django_admin_log_content_type_id_c4bce8eb_fk_django_co` FOREIGN KEY (`content_type_id`) REFERENCES `django_content_type` (`id`),
  CONSTRAINT `django_admin_log_user_id_c564eba6_fk_auth_user_id` FOREIGN KEY (`user_id`) REFERENCES `auth_user` (`id`)
) ENGINE=InnoDB AUTO_INCREMENT=61 DEFAULT CHARSET=utf8mb4 COLLATE=utf8mb4_unicode_ci;

-- 테이블 데이터 jobshop.django_admin_log:~60 rows (대략적) 내보내기
DELETE FROM `django_admin_log`;
/*!40000 ALTER TABLE `django_admin_log` DISABLE KEYS */;
INSERT INTO `django_admin_log` (`id`, `action_time`, `object_id`, `object_repr`, `action_flag`, `change_message`, `content_type_id`, `user_id`) VALUES
	(1, '2021-10-06 05:10:04.411227', '1', 'FileUpload object (1)', 1, '[{"added": {}}]', 8, 1),
	(2, '2021-10-06 05:10:25.213271', '2', 'FileUpload object (2)', 1, '[{"added": {}}]', 8, 1),
	(3, '2021-10-06 05:17:47.982931', '2', 'hhs', 1, '[{"added": {}}]', 4, 1),
	(4, '2021-10-06 05:18:46.918956', '2', 'hhs', 2, '[{"changed": {"fields": ["Staff status"]}}]', 4, 1),
	(5, '2021-10-06 05:19:18.303953', '2', 'hhs', 2, '[{"changed": {"fields": ["Superuser status"]}}]', 4, 1),
	(6, '2021-10-06 05:19:31.635933', '3', 'ggt', 1, '[{"added": {}}]', 4, 1),
	(7, '2021-10-06 05:19:36.676954', '3', 'ggt', 2, '[{"changed": {"fields": ["Staff status", "Superuser status"]}}]', 4, 1),
	(8, '2021-10-06 05:19:54.276961', '4', 'kcs', 1, '[{"added": {}}]', 4, 1),
	(9, '2021-10-06 05:19:58.918931', '4', 'kcs', 2, '[{"changed": {"fields": ["Staff status", "Superuser status"]}}]', 4, 1),
	(10, '2021-10-06 05:20:14.951932', '5', 'shao', 1, '[{"added": {}}]', 4, 1),
	(11, '2021-10-06 05:20:19.621181', '5', 'shao', 2, '[{"changed": {"fields": ["Staff status", "Superuser status"]}}]', 4, 1),
	(12, '2021-10-06 05:21:18.615180', '6', 'fuladi', 1, '[{"added": {}}]', 4, 1),
	(13, '2021-10-06 05:21:23.665179', '6', 'fuladi', 2, '[{"changed": {"fields": ["Staff status", "Superuser status"]}}]', 4, 1),
	(14, '2021-10-06 05:22:07.980179', '2', 'hhs', 2, '[{"changed": {"fields": ["Superuser status", "User permissions"]}}]', 4, 1),
	(15, '2021-10-06 05:22:21.987713', '4', 'kcs', 2, '[{"changed": {"fields": ["Superuser status", "User permissions"]}}]', 4, 1),
	(16, '2021-10-06 05:22:34.986713', '3', 'ggt', 2, '[{"changed": {"fields": ["Superuser status", "User permissions"]}}]', 4, 1),
	(17, '2021-10-06 05:22:46.212713', '5', 'shao', 2, '[{"changed": {"fields": ["Superuser status", "User permissions"]}}]', 4, 1),
	(18, '2021-10-06 05:22:56.356741', '6', 'fuladi', 2, '[{"changed": {"fields": ["Superuser status", "User permissions"]}}]', 4, 1),
	(19, '2021-10-06 05:23:33.334436', '1', 'FileUpload object (1)', 3, '', 8, 2),
	(20, '2021-10-06 05:46:45.976853', '3', 'FileUpload object (3)', 1, '[{"added": {}}]', 8, 3),
	(21, '2021-10-06 05:57:32.504952', '3', 'FileUpload object (3)', 2, '[{"changed": {"fields": ["File"]}}]', 8, 1),
	(22, '2021-10-06 05:57:51.604952', '3', 'FileUpload object (3)', 2, '[{"changed": {"fields": ["Content"]}}]', 8, 1),
	(23, '2021-10-06 05:58:02.596950', '3', 'FileUpload object (3)', 2, '[{"changed": {"fields": ["Content"]}}]', 8, 1),
	(24, '2021-10-06 05:58:12.215951', '2', 'FileUpload object (2)', 3, '', 8, 1),
	(25, '2021-10-06 06:02:05.099952', '1', '1 / How to install system environment / 최연지', 1, '[{"added": {}}]', 9, 1),
	(26, '2021-10-12 00:19:44.483945', '3', 'FileUpload object (3)', 2, '[]', 8, 2),
	(27, '2021-10-12 00:23:05.202338', '2', '2 / 샘플 데이터 추가 / 황현숙', 1, '[{"added": {}}]', 9, 2),
	(28, '2021-10-12 00:24:07.706542', '3', '3 / 서버 외부 접속 가능하게 설정 / 황현숙', 1, '[{"added": {}}]', 9, 2),
	(29, '2021-10-12 05:49:14.670863', '4', 'FileUpload object (4)', 1, '[{"added": {}}]', 8, 2),
	(30, '2021-10-12 06:24:44.243451', '4', 'FileUpload object (4)', 3, '', 8, 1),
	(31, '2021-10-12 06:33:30.186451', '5', 'FileUpload object (5)', 1, '[{"added": {}}]', 8, 1),
	(32, '2021-10-12 06:46:25.492451', '5', 'FileUpload object (5)', 2, '[{"changed": {"fields": ["Content"]}}]', 8, 5),
	(33, '2021-10-13 01:48:51.124835', '6', 'FileUpload object (6)', 1, '[{"added": {}}]', 8, 1),
	(34, '2021-10-13 05:34:25.684017', '7', 'FileUpload object (7)', 1, '[{"added": {}}]', 8, 1),
	(35, '2021-10-21 04:46:50.008197', '8', 'FileUpload object (8)', 1, '[{"added": {}}]', 8, 1),
	(36, '2021-10-21 05:00:15.660667', '8', 'FileUpload object (8)', 2, '[{"changed": {"fields": ["File"]}}]', 8, 1),
	(37, '2021-10-21 05:00:28.659663', '8', 'FileUpload object (8)', 2, '[{"changed": {"fields": ["File"]}}]', 8, 1),
	(38, '2021-10-21 06:32:37.607966', '8', 'FileUpload object (8)', 2, '[{"added": {"name": "photo", "object": "Photo object (1)"}}, {"added": {"name": "photo", "object": "Photo object (2)"}}, {"added": {"name": "photo", "object": "Photo object (3)"}}]', 8, 1),
	(39, '2021-10-26 06:24:23.773828', '9', 'FileUpload object (9)', 1, '[{"added": {}}]', 8, 1),
	(40, '2021-10-28 07:30:40.452504', '2', 'hhs', 2, '[{"changed": {"fields": ["User permissions"]}}]', 4, 1),
	(41, '2021-10-28 07:32:23.560782', '9', 'FileUpload object (9)', 2, '[{"added": {"name": "photo", "object": "Photo object (4)"}}, {"added": {"name": "photo", "object": "Photo object (5)"}}]', 8, 2),
	(42, '2021-10-28 07:32:44.216976', '9', 'FileUpload object (9)', 2, '[{"changed": {"fields": ["Title"]}}]', 8, 2),
	(43, '2021-11-09 03:21:47.663659', '1', 'A', 1, '[{"added": {}}]', 3, 1),
	(44, '2021-11-09 03:21:57.359667', '1', 'pknu', 2, '[{"changed": {"fields": ["Groups"]}}]', 4, 1),
	(45, '2021-11-15 10:00:48.664225', '2', '(주)청옥산업', 1, '[{"added": {}}]', 3, 1),
	(46, '2021-11-15 15:21:12.351400', '2', 'hhs', 2, '[{"changed": {"fields": ["Groups"]}}]', 4, 1),
	(47, '2021-11-15 18:42:07.700876', '7', 'test', 1, '[{"added": {}}]', 4, 1),
	(48, '2021-11-16 02:28:33.802642', '7', 'yhpark', 2, '[{"changed": {"fields": ["Username", "First name"]}}]', 4, 1),
	(49, '2021-11-16 02:35:52.392396', '8', 'super', 1, '[{"added": {}}]', 4, 1),
	(50, '2021-11-16 02:49:43.163571', '1', 'pknu', 2, '[{"changed": {"fields": ["User permissions"]}}]', 4, 1),
	(51, '2021-11-16 02:50:05.826154', '11', 'customer', 1, '[{"added": {}}]', 3, 1),
	(52, '2021-11-16 02:50:17.957946', '7', 'yhpark', 2, '[{"changed": {"fields": ["Groups"]}}]', 4, 1),
	(53, '2021-11-16 02:57:06.820179', '12', 'admin', 1, '[{"added": {}}]', 3, 1),
	(54, '2021-11-16 03:01:13.286699', '8', 'super', 2, '[{"changed": {"fields": ["User permissions"]}}]', 4, 1),
	(55, '2021-11-16 03:02:26.000741', '8', 'super', 2, '[{"changed": {"fields": ["Groups"]}}]', 4, 1),
	(56, '2021-11-16 09:08:02.656243', '9', 'richlee', 1, '[{"added": {}}]', 4, 1),
	(57, '2021-11-16 09:08:16.474494', '9', 'richlee', 2, '[{"changed": {"fields": ["Groups"]}}]', 4, 1),
	(58, '2021-11-16 09:09:06.952106', '9', 'richlee', 2, '[{"changed": {"fields": ["First name"]}}]', 4, 1),
	(59, '2021-11-18 03:43:15.579705', '1', '1 / (주)나다 / 4', 1, '[{"added": {}}]', 21, 1),
	(60, '2021-11-18 06:36:26.182426', '13', 'company', 1, '[{"added": {}}]', 3, 1);
/*!40000 ALTER TABLE `django_admin_log` ENABLE KEYS */;

-- 테이블 jobshop.django_content_type 구조 내보내기
DROP TABLE IF EXISTS `django_content_type`;
CREATE TABLE IF NOT EXISTS `django_content_type` (
  `id` int NOT NULL AUTO_INCREMENT,
  `app_label` varchar(100) CHARACTER SET utf8mb4 COLLATE utf8mb4_unicode_ci NOT NULL,
  `model` varchar(100) CHARACTER SET utf8mb4 COLLATE utf8mb4_unicode_ci NOT NULL,
  PRIMARY KEY (`id`),
  UNIQUE KEY `django_content_type_app_label_model_76bd3d3b_uniq` (`app_label`,`model`)
) ENGINE=InnoDB AUTO_INCREMENT=23 DEFAULT CHARSET=utf8mb4 COLLATE=utf8mb4_unicode_ci;

-- 테이블 데이터 jobshop.django_content_type:~22 rows (대략적) 내보내기
DELETE FROM `django_content_type`;
/*!40000 ALTER TABLE `django_content_type` DISABLE KEYS */;
INSERT INTO `django_content_type` (`id`, `app_label`, `model`) VALUES
	(1, 'admin', 'logentry'),
	(3, 'auth', 'group'),
	(2, 'auth', 'permission'),
	(4, 'auth', 'user'),
	(9, 'board', 'article'),
	(21, 'comp_admin', 'authcompany'),
	(10, 'company', 'article'),
	(11, 'company', 'company'),
	(15, 'company', 'daily'),
	(20, 'company', 'dailyfacility'),
	(17, 'company', 'fixedschedule'),
	(22, 'company', 'information'),
	(16, 'company', 'schedule'),
	(5, 'contenttypes', 'contenttype'),
	(13, 'dashboard', 'schedule'),
	(8, 'fileutils', 'fileupload'),
	(12, 'fileutils', 'fileuploadcsv'),
	(14, 'fileutils', 'photo'),
	(7, 'jobshop', 'document'),
	(19, 'order', 'orderlist'),
	(18, 'order', 'orderschedule'),
	(6, 'sessions', 'session');
/*!40000 ALTER TABLE `django_content_type` ENABLE KEYS */;

-- 테이블 jobshop.django_migrations 구조 내보내기
DROP TABLE IF EXISTS `django_migrations`;
CREATE TABLE IF NOT EXISTS `django_migrations` (
  `id` bigint NOT NULL AUTO_INCREMENT,
  `app` varchar(255) CHARACTER SET utf8mb4 COLLATE utf8mb4_unicode_ci NOT NULL,
  `name` varchar(255) CHARACTER SET utf8mb4 COLLATE utf8mb4_unicode_ci NOT NULL,
  `applied` datetime(6) NOT NULL,
  PRIMARY KEY (`id`)
) ENGINE=InnoDB AUTO_INCREMENT=32 DEFAULT CHARSET=utf8mb4 COLLATE=utf8mb4_unicode_ci;

-- 테이블 데이터 jobshop.django_migrations:~31 rows (대략적) 내보내기
DELETE FROM `django_migrations`;
/*!40000 ALTER TABLE `django_migrations` DISABLE KEYS */;
INSERT INTO `django_migrations` (`id`, `app`, `name`, `applied`) VALUES
	(1, 'contenttypes', '0001_initial', '2021-10-06 05:06:55.914613'),
	(2, 'auth', '0001_initial', '2021-10-06 05:06:56.774612'),
	(3, 'admin', '0001_initial', '2021-10-06 05:06:57.057613'),
	(4, 'admin', '0002_logentry_remove_auto_add', '2021-10-06 05:06:57.069613'),
	(5, 'admin', '0003_logentry_add_action_flag_choices', '2021-10-06 05:06:57.084612'),
	(6, 'contenttypes', '0002_remove_content_type_name', '2021-10-06 05:06:57.221613'),
	(7, 'auth', '0002_alter_permission_name_max_length', '2021-10-06 05:06:57.311614'),
	(8, 'auth', '0003_alter_user_email_max_length', '2021-10-06 05:06:57.341612'),
	(9, 'auth', '0004_alter_user_username_opts', '2021-10-06 05:06:57.351613'),
	(10, 'auth', '0005_alter_user_last_login_null', '2021-10-06 05:06:57.421613'),
	(11, 'auth', '0006_require_contenttypes_0002', '2021-10-06 05:06:57.427615'),
	(12, 'auth', '0007_alter_validators_add_error_messages', '2021-10-06 05:06:57.437612'),
	(13, 'auth', '0008_alter_user_username_max_length', '2021-10-06 05:06:57.528612'),
	(14, 'auth', '0009_alter_user_last_name_max_length', '2021-10-06 05:06:57.629612'),
	(15, 'auth', '0010_alter_group_name_max_length', '2021-10-06 05:06:57.655614'),
	(16, 'auth', '0011_update_proxy_permissions', '2021-10-06 05:06:57.667615'),
	(17, 'auth', '0012_alter_user_first_name_max_length', '2021-10-06 05:06:57.753613'),
	(18, 'sessions', '0001_initial', '2021-10-06 05:06:57.808614'),
	(19, 'fileutils', '0001_initial', '2021-10-06 05:09:40.505223'),
	(20, 'board', '0001_initial', '2021-10-06 05:24:15.780421'),
	(21, 'company', '0001_initial', '2021-10-12 00:49:48.602341'),
	(22, 'company', '0002_auto_20211012_1430', '2021-10-12 05:31:01.185234'),
	(23, 'board', '0002_alter_article_options', '2021-10-13 01:09:08.772929'),
	(24, 'fileutils', '0002_alter_fileupload_options', '2021-10-13 01:09:08.782930'),
	(25, 'company', '0002_alter_company_prod_rate', '2021-10-13 01:36:50.917134'),
	(26, 'fileutils', '0003_fileuploadcsv', '2021-10-15 05:44:30.568395'),
	(27, 'dashboard', '0001_initial', '2021-10-20 06:46:36.441003'),
	(28, 'fileutils', '0004_photo', '2021-10-21 06:32:06.083876'),
	(29, 'order', '0001_initial', '2021-11-09 03:49:54.330048'),
	(30, 'order', '0002_alter_orderschedule_sch_id', '2021-11-11 06:24:58.610422'),
	(31, 'comp_admin', '0001_initial', '2021-11-18 03:29:02.302693');
/*!40000 ALTER TABLE `django_migrations` ENABLE KEYS */;

-- 테이블 jobshop.django_session 구조 내보내기
DROP TABLE IF EXISTS `django_session`;
CREATE TABLE IF NOT EXISTS `django_session` (
  `session_key` varchar(40) CHARACTER SET utf8mb4 COLLATE utf8mb4_unicode_ci NOT NULL,
  `session_data` longtext CHARACTER SET utf8mb4 COLLATE utf8mb4_unicode_ci NOT NULL,
  `expire_date` datetime(6) NOT NULL,
  PRIMARY KEY (`session_key`),
  KEY `django_session_expire_date_a5c62663` (`expire_date`)
) ENGINE=InnoDB DEFAULT CHARSET=utf8mb4 COLLATE=utf8mb4_unicode_ci;

-- 테이블 데이터 jobshop.django_session:~21 rows (대략적) 내보내기
DELETE FROM `django_session`;
/*!40000 ALTER TABLE `django_session` DISABLE KEYS */;
INSERT INTO `django_session` (`session_key`, `session_data`, `expire_date`) VALUES
	('70ormi719s2auzxducjy1ztp1ac1mcp6', '.eJxVjDsOwyAQBe9CHSHAhoWU6X0GtHw2OIlAMnYV5e6xJRdJ-2bmvZnHbS1-63nxc2JXJtnldwsYn7keID2w3huPra7LHPih8JN2PrWUX7fT_Tso2MteO4yG9GAB5QhkwYyJhHagBIBMMjqd1UCZBFkXB6UhEpiERoJVYbfY5wvOQjcz:1mcMGY:PtLpNB_Eldh7Z6aDNvdz60OOyOZ2vkNzgPubgviH27M', '2021-11-01 06:36:58.219744'),
	('81mob9rf1asg8zg35g816fb99honif58', '.eJxVjDsOwyAQBe9CHSHAhoWU6X0GtHw2OIlAMnYV5e6xJRdJ-2bmvZnHbS1-63nxc2JXJtnldwsYn7keID2w3huPra7LHPih8JN2PrWUX7fT_Tso2MteO4yG9GAB5QhkwYyJhHagBIBMMjqd1UCZBFkXB6UhEpiERoJVYbfY5wvOQjcz:1mkzJN:8LXT519o309hvUTdSRqCLrxP1CCRB9Sf4TUD5ieE-kg', '2021-11-25 01:55:33.870503'),
	('9o9vx6g5peyrpf4znbukx7k4qw8gy7b9', '.eJxVjMsOwiAQRf-FtSEDyMul-34DGRiQqoGktCvjv2uTLnR7zzn3xQJuaw3byEuYiV2YYaffLWJ65LYDumO7dZ56W5c58l3hBx186pSf18P9O6g46rfWClx0ZDSqmMEWKXUCmbJE64zzBtBoIJV8sabYQoJEAhA-2jNGKzN7fwDUpjei:1metgF:CzbJNvRyjAgrt_C5T8UFz2P76GE-4w1FUkYF8fti8SQ', '2021-11-08 06:41:59.986392'),
	('e8fdaion6htke2rfwblr9mzm4adr2m1q', '.eJxVjEEOwiAQRe_C2hDawlBcuvcMzTAzSNVAUtqV8e7apAvd_vfef6kJtzVPW5NlmlmdVVCn3y0iPaTsgO9YblVTLesyR70r-qBNXyvL83K4fwcZW_7WMaEkb8wIEsGnwQLYmJwnAsEOxxDRMgBDb5xYduQRek9ghs44y0G9PwUFOA8:1mmuSm:Bj1w8witTblh19tBfmPHGsGZ4bIFln_CSMwZKOcanYU', '2021-11-30 09:09:12.102043'),
	('efoipo68omk6rdmegaq5jn3spf3f47au', '.eJxVjMsOwiAQRf-FtSG8hMGl-34DYRiQqoGktCvjv2uTLnR7zzn3xULc1hq2kZcwE7swYKffDWN65LYDusd26zz1ti4z8l3hBx186pSf18P9O6hx1G-tURqNEK11wpMDROlAFqOdoGKTMNmhUAQueeXPCKhzAdBRKtKS0LD3B8_xN30:1mmsW7:hjuBircIVIe6Uui-CfUyEFuRUGHiwzy0bDA_-E-5-KE', '2021-11-30 07:04:31.238002'),
	('iskza4e7j1m6r284h3ei7asrdmdoul7j', '.eJxVjEEOwiAQAP_C2RBsaVk8eu8byLK7SNXQpLQn49-VpAe9zkzmpQLuWw57lTXMrC6qV6dfFpEeUprgO5bbomkp2zpH3RJ92KqnheV5Pdq_Qcaa2xaQx3Rma5JBMoBiwAnxMAohOLLJ9n6grpMkkQHc-G0peYBoO_Co3h8G8zir:1meoUs:9TLSnCSTuweIrxIhnt-2KbQKzTDj4T5XKRy80vbltMc', '2021-11-08 01:09:54.998059'),
	('jw6w8j1a4ccf7yr6sf43qyosyrk57rfi', '.eJxVjMsOgjAURP-la9OUwi2tS_d8A7mPYlHTJhRWxn8XEhY6yzln5q1G3NY0bjUu4yzqqqy6_HaE_Iz5APLAfC-aS16XmfSh6JNWPRSJr9vp_h0krGlft3tcYyD4hmyYXM_Otyw8CYkjjxTJ9g22bIgjAHgIfYfWsBiBjkR9vtp_OCg:1mfDZ5:_dT72l55TRqgm3z_jSm7Whxm9ieZD6TPM1d1mA8r3Nc', '2021-11-09 03:55:55.769977'),
	('k1d7lk0zp4ljaksg60em61hti98rmaw6', '.eJxVjDsOwyAQBe9CHSHAhoWU6X0GtHw2OIlAMnYV5e6xJRdJ-2bmvZnHbS1-63nxc2JXJtnldwsYn7keID2w3huPra7LHPih8JN2PrWUX7fT_Tso2MteO4yG9GAB5QhkwYyJhHagBIBMMjqd1UCZBFkXB6UhEpiERoJVYbfY5wvOQjcz:1mkFdF:dg0EpMo8Xyfsuc8ps3PlmdRq6tcQ4LeFcpjI8WB9DTA', '2021-11-23 01:09:01.680874'),
	('meui39vg866noga9q083a67f1h1860rd', '.eJxVjDsOwjAQBe_iGlnr9TeU9JzBWttrHECxlE-FuDtESgHtm5n3EpG2tcVt4TmORZyFE6ffLVF-8LSDcqfp1mXu0zqPSe6KPOgir73w83K4fweNlvatg1LFhmAsq-qNRrBUKpqkLXAIQ1WO6gBGm4TMRAUYKkCqmB16RC_eH8okN2Y:1mY279:gYJfJSekh9jZChwAcOoUi-nvCCJStyAyZJc_ZM4gv2M', '2021-10-20 08:17:23.502700'),
	('oe04a3zc66j5vmcp4kd5mjxb8ng1t94x', '.eJxVjMsOwiAUBf-FtSFAL6m4dO83EO4DqRqalHbV-O9K0oVuz8ycXcW0rSVuTZY4sboor06_GyZ6Su2AH6neZ01zXZcJdVf0QZu-zSyv6-H-HZTUSq_DAEIwWGCGDDaMYJCAz5iRk3hi8xXYBW8R_JiTdYE9GfHi0Amr9wf7ZDi5:1maBPh:etUb2Iweu7k6uY11e2e-bvyWjKkixZM7gh-OURG5tqs', '2021-10-26 06:37:25.972451'),
	('on6kckc1a2mn6888gjn2xdmxfgmqjrgr', '.eJxVjDsOwyAQBe9CHSHAhoWU6X0GtHw2OIlAMnYV5e6xJRdJ-2bmvZnHbS1-63nxc2JXJtnldwsYn7keID2w3huPra7LHPih8JN2PrWUX7fT_Tso2MteO4yG9GAB5QhkwYyJhHagBIBMMjqd1UCZBFkXB6UhEpiERoJVYbfY5wvOQjcz:1mnsW0:SQYrnDFFM8yQi_7-fanU2lQmmz3Yrq2xu6Exd_RGm0Q', '2021-12-03 01:16:32.779617'),
	('pf936qa3zuvm2xxnxh7wlokxqowd560h', '.eJxVjEEOwiAQRe_C2hDawlBcuvcMzTAzSNVAUtqV8e7apAvd_vfef6kJtzVPW5NlmlmdVVCn3y0iPaTsgO9YblVTLesyR70r-qBNXyvL83K4fwcZW_7WMaEkb8wIEsGnwQLYmJwnAsEOxxDRMgBDb5xYduQRek9ghs44y0G9PwUFOA8:1mmuS5:94ixPsEuXpD_OsxJP1bmRN4xQNk9-6jUeTsTMVcLtxo', '2021-11-30 09:08:29.727185'),
	('ph9l8kecewxi44wlx7pmgl74yx6fvz1m', '.eJxVjMsOwiAUBf-FtSFAL6m4dO83EO4DqRqalHbV-O9K0oVuz8ycXcW0rSVuTZY4sboor06_GyZ6Su2AH6neZ01zXZcJdVf0QZu-zSyv6-H-HZTUSq_DAEIwWGCGDDaMYJCAz5iRk3hi8xXYBW8R_JiTdYE9GfHi0Amr9wf7ZDi5:1maBO2:9irarAQzFj0AZ9maJyFxYGXUyrF8A0st8W4DHdD4Ej0', '2021-10-26 06:35:42.401452'),
	('pwfxkjz37f5rwqehjhp25htp2phj68u7', '.eJxVjMsOgjAURP-la9OUwi2tS_d8A7mPYlHTJhRWxn8XEhY6yzln5q1G3NY0bjUu4yzqqqy6_HaE_Iz5APLAfC-aS16XmfSh6JNWPRSJr9vp_h0krGlft3tcYyD4hmyYXM_Otyw8CYkjjxTJ9g22bIgjAHgIfYfWsBiBjkR9vtp_OCg:1mmm02:VsETb25Cs4zQ1D6k-xJd4oaulLBHcAtjprHHVnt8irw', '2021-11-30 00:06:58.646698'),
	('reeklhqzof8la3e6bgdd155wehxr18ol', '.eJxVjDsOwyAQBe9CHSHAhoWU6X0GtHw2OIlAMnYV5e6xJRdJ-2bmvZnHbS1-63nxc2JXJtnldwsYn7keID2w3huPra7LHPih8JN2PrWUX7fT_Tso2MteO4yG9GAB5QhkwYyJhHagBIBMMjqd1UCZBFkXB6UhEpiERoJVYbfY5wvOQjcz:1maB9s:kJvwiTi5ee1uM3VPj6Fwf3Dq2qQQhKEvdH9Y4wFHBHw', '2021-10-26 06:21:04.913450'),
	('rnjj5l3hi08tas1pf09vk6tzbyoq4hkg', '.eJxVjMsOgjAURP-la9OUwi2tS_d8A7mPYlHTJhRWxn8XEhY6yzln5q1G3NY0bjUu4yzqqqy6_HaE_Iz5APLAfC-aS16XmfSh6JNWPRSJr9vp_h0krGlft3tcYyD4hmyYXM_Otyw8CYkjjxTJ9g22bIgjAHgIfYfWsBiBjkR9vtp_OCg:1mZsdY:_3dscVeQ6EYBX5QvShnKWbyuwleD_LqszlVeE2eBpY8', '2021-10-25 10:34:28.841935'),
	('s37bihpfk5swxgsb9wyj8619uohg8atz', '.eJxVjEEOwiAQAP_C2RBsaVk8eu8byLK7SNXQpLQn49-VpAe9zkzmpQLuWw57lTXMrC6qV6dfFpEeUprgO5bbomkp2zpH3RJ92KqnheV5Pdq_Qcaa2xaQx3Rma5JBMoBiwAnxMAohOLLJ9n6grpMkkQHc-G0peYBoO_Co3h8G8zir:1mXzax:-k_JHR-XEFK_oAQ6lbO8WqmYCFInMDvFsFsT2YTbus8', '2021-10-20 05:35:59.991710'),
	('sun1fi05w1gru825jmhnvysevd44dkvr', '.eJxVjDsOwyAQBe9CHSHAhoWU6X0GtHw2OIlAMnYV5e6xJRdJ-2bmvZnHbS1-63nxc2JXJtnldwsYn7keID2w3huPra7LHPih8JN2PrWUX7fT_Tso2MteO4yG9GAB5QhkwYyJhHagBIBMMjqd1UCZBFkXB6UhEpiERoJVYbfY5wvOQjcz:1mnDm9:YDnVgPdZNxxeoB_rWYzedPFNvYbEVKIa-TVdlh_IXUk', '2021-12-01 05:46:29.869128'),
	('wv20h3q60iuip38psg0h2gydtf98k7gl', '.eJxVjDsOwyAQBe9CHSHAhoWU6X0GtHw2OIlAMnYV5e6xJRdJ-2bmvZnHbS1-63nxc2JXJtnldwsYn7keID2w3huPra7LHPih8JN2PrWUX7fT_Tso2MteO4yG9GAB5QhkwYyJhHagBIBMMjqd1UCZBFkXB6UhEpiERoJVYbfY5wvOQjcz:1mmmOT:FrRwCmSvt2Dn73ONPKVqG0vK0zFF78cCF0iTNrnK_OE', '2021-11-30 00:32:13.256141'),
	('wx7ipscbbqozjlcw37uu6oeohurs9mm6', '.eJxVjDsOwyAQBe9CHSHAhoWU6X0GtHw2OIlAMnYV5e6xJRdJ-2bmvZnHbS1-63nxc2JXJtnldwsYn7keID2w3huPra7LHPih8JN2PrWUX7fT_Tso2MteO4yG9GAB5QhkwYyJhHagBIBMMjqd1UCZBFkXB6UhEpiERoJVYbfY5wvOQjcz:1mXzAy:zK88BlNciAyKErYrCPu0P-Znw8fMc2G70QUPkFTmUh8', '2021-10-20 05:09:08.613191'),
	('xg3ivkxwjlxokndumiv82cm3z4yxrvqi', '.eJxVjDsOwyAQBe9CHSHAhoWU6X0GtHw2OIlAMnYV5e6xJRdJ-2bmvZnHbS1-63nxc2JXJtnldwsYn7keID2w3huPra7LHPih8JN2PrWUX7fT_Tso2MteO4yG9GAB5QhkwYyJhHagBIBMMjqd1UCZBFkXB6UhEpiERoJVYbfY5wvOQjcz:1maWsU:DRUMfGzbkbcT-Z1iODg0veGku95mnac1QGrRAVzWb10', '2021-10-27 05:32:34.277016');
/*!40000 ALTER TABLE `django_session` ENABLE KEYS */;

-- 테이블 jobshop.fileutils_fileupload 구조 내보내기
DROP TABLE IF EXISTS `fileutils_fileupload`;
CREATE TABLE IF NOT EXISTS `fileutils_fileupload` (
  `id` int NOT NULL AUTO_INCREMENT,
  `title` varchar(120) CHARACTER SET utf8mb4 COLLATE utf8mb4_unicode_ci NOT NULL,
  `author` varchar(20) CHARACTER SET utf8mb4 COLLATE utf8mb4_unicode_ci NOT NULL,
  `file` varchar(100) CHARACTER SET utf8mb4 COLLATE utf8mb4_unicode_ci NOT NULL,
  `content` longtext CHARACTER SET utf8mb4 COLLATE utf8mb4_unicode_ci,
  `created_at` datetime(6) NOT NULL,
  PRIMARY KEY (`id`)
) ENGINE=InnoDB AUTO_INCREMENT=10 DEFAULT CHARSET=utf8mb4 COLLATE=utf8mb4_unicode_ci;

-- 테이블 데이터 jobshop.fileutils_fileupload:~6 rows (대략적) 내보내기
DELETE FROM `fileutils_fileupload`;
/*!40000 ALTER TABLE `fileutils_fileupload` DISABLE KEYS */;
INSERT INTO `fileutils_fileupload` (`id`, `title`, `author`, `file`, `content`, `created_at`) VALUES
	(3, '2021.10.05. 세미나 회의록', '공길탁', '2021.10.05._섬유산업__JSSP_모델_회의록_GJftwS3.docx', '내용 추가 후 첨부하였습니다. - 최연지', '2021-10-06 05:46:45.975852'),
	(5, 'shao\'s python code', '최연지', 'SS-LSTM-python_.py', 'python code for JSSP \r\ntrain model once\r\nexecute the dataset\r\n\r\nfor training the model : 3hr / dataset #1000', '2021-10-12 06:33:30.184449'),
	(6, 'Shao\'s JSSP paper', '최연지', '10-1_Journal_TIIS__LSTM_Job_Shop_Scheduling_15권_8호_21년.pdf', 'This is Shao\'s JSSP paper.\r\nThank you.', '2021-10-13 01:48:51.123836'),
	(7, '2021.10.12. 세미나 회의록', '최연지', '2021.10.12._섬유산업__JSSP_모델_회의록.docx', '', '2021-10-13 05:34:25.682017'),
	(8, '2021.10.20. 세미나 회의록', '최연지', '2021.10.20._섬유산업__JSSP_모델_회의록_YtcOMIS.docx', '', '2021-10-21 04:46:50.005196'),
	(9, '2021.10.27. 세미나 데이터', '최연지', 'daily1_kmKoCg0.csv', '', '2021-10-26 06:24:23.772832');
/*!40000 ALTER TABLE `fileutils_fileupload` ENABLE KEYS */;

-- 테이블 jobshop.fileutils_fileuploadcsv 구조 내보내기
DROP TABLE IF EXISTS `fileutils_fileuploadcsv`;
CREATE TABLE IF NOT EXISTS `fileutils_fileuploadcsv` (
  `id` bigint NOT NULL AUTO_INCREMENT,
  `title` longtext CHARACTER SET utf8mb4 COLLATE utf8mb4_unicode_ci,
  `file` varchar(100) CHARACTER SET utf8mb4 COLLATE utf8mb4_unicode_ci DEFAULT NULL,
  PRIMARY KEY (`id`)
) ENGINE=InnoDB AUTO_INCREMENT=51 DEFAULT CHARSET=utf8mb4 COLLATE=utf8mb4_unicode_ci;

-- 테이블 데이터 jobshop.fileutils_fileuploadcsv:~50 rows (대략적) 내보내기
DELETE FROM `fileutils_fileuploadcsv`;
/*!40000 ALTER TABLE `fileutils_fileuploadcsv` DISABLE KEYS */;
INSERT INTO `fileutils_fileuploadcsv` (`id`, `title`, `file`) VALUES
	(1, '', 'compinfo_-_복사본.csv'),
	(2, '', 'compinfo_-_복사본_Uu3dSJw.csv'),
	(3, '', 'compinfo_-_복사본_-_복사본.csv'),
	(4, '', 'compinfo_-_복사본_-_복사본_0Nj2ucX.csv'),
	(5, '', 'compinfo_-_복사본_9NyiI6p.csv'),
	(6, '', 'compinfo_-_복사본_-_복사본_7BjnZp3.csv'),
	(7, '', 'compinfo_-_복사본_-_복사본_1GWRXxQ.csv'),
	(8, '', 'compinfo_-_복사본_-_복사본_wz81DCm.csv'),
	(9, '', 'compinfo_-_복사본_3AykZQN.csv'),
	(10, '', 'compinfo_-_복사본_Yd4BQDn.csv'),
	(11, '', 'compinfo_-_복사본_-_복사본_f75Wy6U.csv'),
	(12, '', 'compinfo_X7fqyEm.csv'),
	(13, '', 'compinfo_-_복사본_-_복사본_LToRlFb.csv'),
	(14, '', 'compinfo_-_복사본_-_복사본_V2K68yG.csv'),
	(15, '', 'compinfo_-_복사본_-_복사본_hAbM9tL.csv'),
	(16, '', 'compinfo_-_복사본_-_복사본_AwpVVr7.csv'),
	(17, '', 'compinfo.csv'),
	(18, '', 'compinfo_-_복사본.csv'),
	(19, '', 'compinfo_VB2EwKD.csv'),
	(20, '', 'compinfo.csv'),
	(21, '', '회사정보.csv'),
	(22, '', '회사정보_3KvNiau.csv'),
	(23, '', '1._21년_8월_주3_답안.xlsx'),
	(24, '', '회사정보_xxpQxKp.csv'),
	(25, '', '경상북도_영천시_면직물_직물_생산_공장_현황_20200824.csv'),
	(26, '', '경상북도_영천시_면직물_직물_생산_공장_현황_20200824_9lfcNrp.csv'),
	(27, '', '경상북도_20200824.csv'),
	(28, '', '경상북도_20200824_a7YEomr.csv'),
	(29, '', '경상북도_20200824_trsRZTj.csv'),
	(30, '', '경상북도_20200824_JrypL8I.csv'),
	(31, '', '경상북도_20200824_pmRsHIo.csv'),
	(32, '', '경상북도_20200824.csv'),
	(33, '', '경상북도_20200824_qomoeea.csv'),
	(34, '', '1._21년_8월_주3_답안_ZnZBsRI.xlsx'),
	(35, '', '경상북도_20200824_ExebBzu.csv'),
	(36, '', '경상북도_20200824_HSpZg2o.csv'),
	(37, '', '경상북도_20200824_tsbqfvd.csv'),
	(38, '', '통합_문서1.csv'),
	(39, '', 'daily1.csv'),
	(40, '', 'daily1_GMQybUj.csv'),
	(41, '', 'daily1_lnJOYsC.csv'),
	(42, '', 'daily1_zLlVjmp.csv'),
	(43, '', 'daily1_o2WhtsR.csv'),
	(44, '', 'daily1_hWA5tI8.csv'),
	(45, '', 'daily1_FqzdUIH.csv'),
	(46, '', 'daily1_GB8MC2j.csv'),
	(47, '', 'daily1_t6R6wlV.csv'),
	(48, '', 'daily1_03Y2hHb.csv'),
	(49, '', 'daily1_fspZUYk.csv'),
	(50, '', 'daily1.csv');
/*!40000 ALTER TABLE `fileutils_fileuploadcsv` ENABLE KEYS */;

-- 테이블 jobshop.fileutils_photo 구조 내보내기
DROP TABLE IF EXISTS `fileutils_photo`;
CREATE TABLE IF NOT EXISTS `fileutils_photo` (
  `id` bigint NOT NULL AUTO_INCREMENT,
  `image` varchar(100) CHARACTER SET utf8mb4 COLLATE utf8mb4_unicode_ci DEFAULT NULL,
  `post_id` int DEFAULT NULL,
  PRIMARY KEY (`id`),
  KEY `fileutils_photo_post_id_b198500f_fk_fileutils_fileupload_id` (`post_id`),
  CONSTRAINT `fileutils_photo_post_id_b198500f_fk_fileutils_fileupload_id` FOREIGN KEY (`post_id`) REFERENCES `fileutils_fileupload` (`id`)
) ENGINE=InnoDB AUTO_INCREMENT=6 DEFAULT CHARSET=utf8mb4 COLLATE=utf8mb4_unicode_ci;

-- 테이블 데이터 jobshop.fileutils_photo:~5 rows (대략적) 내보내기
DELETE FROM `fileutils_photo`;
/*!40000 ALTER TABLE `fileutils_photo` DISABLE KEYS */;
INSERT INTO `fileutils_photo` (`id`, `image`, `post_id`) VALUES
	(1, 'images/KakaoTalk_20211021_135930862.jpg', 8),
	(2, 'images/KakaoTalk_20211021_135930862_01.jpg', 8),
	(3, 'images/KakaoTalk_20211021_135930862_02.jpg', 8),
	(4, 'images/20211028_163139968.jpg', 9),
	(5, 'images/20211028_163143451.jpg', 9);
/*!40000 ALTER TABLE `fileutils_photo` ENABLE KEYS */;

-- 테이블 jobshop.order_orderlist 구조 내보내기
DROP TABLE IF EXISTS `order_orderlist`;
CREATE TABLE IF NOT EXISTS `order_orderlist` (
  `order_id` varchar(200) CHARACTER SET utf8mb4 COLLATE utf8mb4_unicode_ci NOT NULL COMMENT '오더아이디',
  `cust_name` varchar(50) CHARACTER SET utf8mb4 COLLATE utf8mb4_unicode_ci DEFAULT NULL COMMENT '고객 이름',
  `sch_date` char(12) CHARACTER SET utf8mb4 COLLATE utf8mb4_unicode_ci DEFAULT NULL COMMENT '주문일자',
  `exp_date` char(12) CHARACTER SET utf8mb4 COLLATE utf8mb4_unicode_ci DEFAULT NULL COMMENT '기한',
  `textile_type` varchar(120) CHARACTER SET utf8mb4 COLLATE utf8mb4_unicode_ci DEFAULT NULL COMMENT '섬유유형',
  `textile_name` varchar(120) CHARACTER SET utf8mb4 COLLATE utf8mb4_unicode_ci DEFAULT NULL COMMENT '섬유이름',
  `amount` int DEFAULT NULL COMMENT '수량',
  `contact` varchar(120) CHARACTER SET utf8mb4 COLLATE utf8mb4_unicode_ci DEFAULT NULL COMMENT '연락처',
  `email` varchar(120) CHARACTER SET utf8mb4 COLLATE utf8mb4_unicode_ci DEFAULT NULL COMMENT '이메일',
  `created_at` datetime DEFAULT NULL,
  `modified_at` datetime DEFAULT NULL,
  PRIMARY KEY (`order_id`)
) ENGINE=InnoDB DEFAULT CHARSET=utf8mb4 COLLATE=utf8mb4_unicode_ci;

-- 테이블 데이터 jobshop.order_orderlist:~20 rows (대략적) 내보내기
DELETE FROM `order_orderlist`;
/*!40000 ALTER TABLE `order_orderlist` DISABLE KEYS */;
INSERT INTO `order_orderlist` (`order_id`, `cust_name`, `sch_date`, `exp_date`, `textile_type`, `textile_name`, `amount`, `contact`, `email`, `created_at`, `modified_at`) VALUES
	('ORD001', '홍길동', '20211115', '20211126', 'weave', '옷', 3000, '010-', '', '2021-11-09 13:29:54', '2021-11-09 13:29:54'),
	('ORD002', '김김장', '20211115', '20211126', 'weave', '옷', 1000, '010-', NULL, '2021-11-12 16:05:34', '2021-11-12 16:05:34'),
	('ORD003', '김태국', '20211115', '20211126', 'weave', '옷', 25200, '010-', NULL, '2021-11-12 11:32:21', '2021-11-12 16:06:00'),
	('ORD004', '강열정', '20211115', '20211126', 'knit', '신발', 2000, '010-', NULL, '2021-11-12 16:06:22', '2021-11-12 16:06:22'),
	('ORD005', '홍길동', '20211115', '20211126', 'knit', '신발', 8000, '010-', NULL, '2021-11-12 11:24:18', '2021-11-12 11:24:19'),
	('ORD006', '박영희', '20211115', '20211126', 'knit', '신발', 10000, '010-', NULL, '2021-11-12 11:30:15', '2021-11-12 11:30:16'),
	('ORD007', '이부자', '20211115', '20211126', 'knit', '신발', 20000, '010-', NULL, '2021-11-12 11:30:41', '2021-11-12 11:30:41'),
	('ORD008', '강철수', '20211115', '20211126', 'weave', '옷', 2500, '010-', NULL, '2021-11-12 11:31:27', '2021-11-12 11:31:27'),
	('ORD009', '박영희', '20211115', '20211126', 'weave', '옷', 2500, '010-', NULL, '2021-11-12 11:31:48', '2021-11-12 11:31:49'),
	('ORD010', '이부자', '20211115', '20211126', 'weave', '옷', 25200, '010-', NULL, '2021-11-12 11:32:21', '2021-11-12 11:32:22'),
	('ORD011', '홍길동', '20211117', '20211126', 'weave', '옷', 3000, '010-', NULL, '2021-11-09 13:29:54', '2021-11-09 13:29:54'),
	('ORD012', '김김장', '20211117', '20211126', 'weave', '옷', 1000, '010-', NULL, '2021-11-12 16:05:34', '2021-11-12 16:05:34'),
	('ORD013', '김태국', '20211117', '20211126', 'weave', '옷', 25200, '010-', NULL, '2021-11-12 11:32:21', '2021-11-12 16:06:00'),
	('ORD014', '강열정', '20211117', '20211126', 'knit', '신발', 2000, '010-', NULL, '2021-11-12 16:06:22', '2021-11-12 16:06:22'),
	('ORD015', '홍길동', '20211117', '20211126', 'knit', '신발', 8000, '010-', NULL, '2021-11-12 11:24:18', '2021-11-12 11:24:19'),
	('ORD016', '박영희', '20211117', '20211126', 'knit', '신발', 10000, '010-', NULL, '2021-11-12 11:30:15', '2021-11-12 11:30:16'),
	('ORD017', '이부자', '20211117', '20211126', 'knit', '신발', 20000, '010-', NULL, '2021-11-12 11:30:41', '2021-11-12 11:30:41'),
	('ORD018', '강철수', '20211117', '20211126', 'weave', '옷', 2500, '010-', NULL, '2021-11-12 11:31:27', '2021-11-12 11:31:27'),
	('ORD019', '박영희', '20211117', '20211126', 'weave', '옷', 2500, '010-', NULL, '2021-11-12 11:31:48', '2021-11-12 11:31:49'),
	('ORD020', '이부자', '20211117', '20211126', 'weave', '옷', 25200, '010-', NULL, '2021-11-12 11:32:21', '2021-11-12 11:32:22');
/*!40000 ALTER TABLE `order_orderlist` ENABLE KEYS */;

-- 테이블 jobshop.order_orderschedule 구조 내보내기
DROP TABLE IF EXISTS `order_orderschedule`;
CREATE TABLE IF NOT EXISTS `order_orderschedule` (
  `idx` int NOT NULL AUTO_INCREMENT,
  `order_id` varchar(200) CHARACTER SET utf8mb4 COLLATE utf8mb4_unicode_ci DEFAULT NULL,
  `sch_id` varchar(50) CHARACTER SET utf8mb4 COLLATE utf8mb4_unicode_ci DEFAULT NULL,
  `use_yn` char(1) COLLATE utf8mb4_unicode_ci DEFAULT NULL,
  `created_at` datetime DEFAULT NULL,
  `modified_at` datetime DEFAULT NULL,
  PRIMARY KEY (`idx`),
  KEY `order_id` (`order_id`),
  KEY `sch_id` (`sch_id`),
  CONSTRAINT `FK_order_orderschedule_company_schedule` FOREIGN KEY (`sch_id`) REFERENCES `company_schedule` (`sch_id`),
  CONSTRAINT `FK_order_orderschedule_order_orderlist` FOREIGN KEY (`order_id`) REFERENCES `order_orderlist` (`order_id`)
) ENGINE=InnoDB AUTO_INCREMENT=49 DEFAULT CHARSET=utf8mb4 COLLATE=utf8mb4_unicode_ci;

-- 테이블 데이터 jobshop.order_orderschedule:~4 rows (대략적) 내보내기
DELETE FROM `order_orderschedule`;
/*!40000 ALTER TABLE `order_orderschedule` DISABLE KEYS */;
INSERT INTO `order_orderschedule` (`idx`, `order_id`, `sch_id`, `use_yn`, `created_at`, `modified_at`) VALUES
	(45, 'ORD012', 'SCH2021111698i8', 'Y', '2021-11-16 08:56:05', '2021-11-16 08:56:05'),
	(46, 'ORD018', 'SCH2021111697a13', 'Y', '2021-11-16 08:56:05', '2021-11-16 08:56:05'),
	(47, 'ORD014', 'SCH2021111695a8', 'Y', '2021-11-16 08:56:05', '2021-11-16 08:56:05'),
	(48, 'ORD017', 'SCH2021111694g3', 'Y', '2021-11-16 09:02:24', '2021-11-16 09:02:24');
/*!40000 ALTER TABLE `order_orderschedule` ENABLE KEYS */;

/*!40101 SET SQL_MODE=IFNULL(@OLD_SQL_MODE, '') */;
/*!40014 SET FOREIGN_KEY_CHECKS=IFNULL(@OLD_FOREIGN_KEY_CHECKS, 1) */;
/*!40101 SET CHARACTER_SET_CLIENT=@OLD_CHARACTER_SET_CLIENT */;
/*!40111 SET SQL_NOTES=IFNULL(@OLD_SQL_NOTES, 1) */;
